semestre,codigo,disciplina,curso,periodo_curricular,turma,turma_url,horarios,vagas_por_curso,quantidade_secoes_alternativas,vinculada_ao_pdf,tratamento_no_modelo
2026-1,CGI00002,PROJETO DE APLICAÇÃO I,SI,,D1,/graduacao/quadrodehorarios/turmas/100000452657,Sab 14:00-18:00,"[{""codigo_curso"":""83"",""curso"":""Sistemas de Informação"",""vagas_regular"":3,""vagas_vestibulando"":0,""vagas"":3,""inscritos_regular"":3,""inscritos_vestibulando"":0,""inscritos"":3}]",11,False,
2026-1,CGI00002,PROJETO DE APLICAÇÃO I,SI,,F1,/graduacao/quadrodehorarios/turmas/100000452662,Sab 14:00-18:00,"[{""codigo_curso"":""83"",""curso"":""Sistemas de Informação"",""vagas_regular"":8,""vagas_vestibulando"":0,""vagas"":8,""inscritos_regular"":8,""inscritos_vestibulando"":0,""inscritos"":8}]",11,False,
2026-1,CGI00002,PROJETO DE APLICAÇÃO I,SI,,G1,/graduacao/quadrodehorarios/turmas/100000452666,Sab 14:00-18:00,"[{""codigo_curso"":""83"",""curso"":""Sistemas de Informação"",""vagas_regular"":3,""vagas_vestibulando"":0,""vagas"":3,""inscritos_regular"":3,""inscritos_vestibulando"":0,""inscritos"":3}]",11,False,
2026-1,CGI00002,PROJETO DE APLICAÇÃO I,SI,,M1,/graduacao/quadrodehorarios/turmas/100000452663,Sab 14:00-18:00,"[{""codigo_curso"":""83"",""curso"":""Sistemas de Informação"",""vagas_regular"":1,""vagas_vestibulando"":0,""vagas"":1,""inscritos_regular"":1,""inscritos_vestibulando"":0,""inscritos"":1}]",11,False,
2026-1,CGI00002,PROJETO DE APLICAÇÃO I,SI,,M2,/graduacao/quadrodehorarios/turmas/100000452664,Sab 14:00-18:00,"[{""codigo_curso"":""83"",""curso"":""Sistemas de Informação"",""vagas_regular"":2,""vagas_vestibulando"":0,""vagas"":2,""inscritos_regular"":2,""inscritos_vestibulando"":0,""inscritos"":2}]",11,False,
2026-1,CGI00002,PROJETO DE APLICAÇÃO I,SI,,M3,/graduacao/quadrodehorarios/turmas/100000452665,Sab 14:00-18:00,"[{""codigo_curso"":""83"",""curso"":""Sistemas de Informação"",""vagas_regular"":2,""vagas_vestibulando"":0,""vagas"":2,""inscritos_regular"":2,""inscritos_vestibulando"":0,""inscritos"":2}]",11,False,
2026-1,CGI00002,PROJETO DE APLICAÇÃO I,SI,,R1,/graduacao/quadrodehorarios/turmas/100000452656,Sab 14:00-18:00,"[{""codigo_curso"":""83"",""curso"":""Sistemas de Informação"",""vagas_regular"":2,""vagas_vestibulando"":0,""vagas"":2,""inscritos_regular"":2,""inscritos_vestibulando"":0,""inscritos"":2}]",11,False,
2026-1,CGI00002,PROJETO DE APLICAÇÃO I,SI,,R2,/graduacao/quadrodehorarios/turmas/100000452658,Sab 14:00-18:00,"[{""codigo_curso"":""83"",""curso"":""Sistemas de Informação"",""vagas_regular"":7,""vagas_vestibulando"":0,""vagas"":7,""inscritos_regular"":7,""inscritos_vestibulando"":0,""inscritos"":7}]",11,False,
2026-1,CGI00002,PROJETO DE APLICAÇÃO I,SI,,R3,/graduacao/quadrodehorarios/turmas/100000452659,Sab 14:00-18:00,"[{""codigo_curso"":""83"",""curso"":""Sistemas de Informação"",""vagas_regular"":5,""vagas_vestibulando"":0,""vagas"":5,""inscritos_regular"":5,""inscritos_vestibulando"":0,""inscritos"":5}]",11,False,
2026-1,CGI00002,PROJETO DE APLICAÇÃO I,SI,,R4,/graduacao/quadrodehorarios/turmas/100000452660,Sab 14:00-18:00,"[{""codigo_curso"":""83"",""curso"":""Sistemas de Informação"",""vagas_regular"":3,""vagas_vestibulando"":0,""vagas"":3,""inscritos_regular"":3,""inscritos_vestibulando"":0,""inscritos"":3}]",11,False,
2026-1,CGI00002,PROJETO DE APLICAÇÃO I,SI,,V1,/graduacao/quadrodehorarios/turmas/100000452661,Sab 14:00-18:00,"[{""codigo_curso"":""83"",""curso"":""Sistemas de Informação"",""vagas_regular"":1,""vagas_vestibulando"":0,""vagas"":1,""inscritos_regular"":1,""inscritos_vestibulando"":0,""inscritos"":1}]",11,False,
2026-1,CGI00003,PROJETO DE APLICAÇÃO II,SI,,A1,/graduacao/quadrodehorarios/turmas/100000451019,Sab 08:00-12:00,"[{""codigo_curso"":""83"",""curso"":""Sistemas de Informação"",""vagas_regular"":85,""vagas_vestibulando"":0,""vagas"":85,""inscritos_regular"":70,""inscritos_vestibulando"":0,""inscritos"":70}]",1,False,
2026-1,CGI00004,SEMINÁRIOS EM SISTEMAS DE INFORMAÇÃO,SI,,A1,/graduacao/quadrodehorarios/turmas/100000451007,Sex 18:00-20:00,"[{""codigo_curso"":""83"",""curso"":""Sistemas de Informação"",""vagas_regular"":8,""vagas_vestibulando"":61,""vagas"":69,""inscritos_regular"":5,""inscritos_vestibulando"":58,""inscritos"":63},{""codigo_curso"":""31"",""curso"":""Ciência da Computação"",""vagas_regular"":2,""vagas_vestibulando"":0,""vagas"":2,""inscritos_regular"":1,""inscritos_vestibulando"":0,""inscritos"":1}]",1,True,
2026-1,CGI00005,ATIVIDADES COMPLEMENTARES II,SI,,A1,/graduacao/quadrodehorarios/turmas/100000450154,Sab 12:00-14:00,"[{""codigo_curso"":""83"",""curso"":""Sistemas de Informação"",""vagas_regular"":75,""vagas_vestibulando"":0,""vagas"":75,""inscritos_regular"":63,""inscritos_vestibulando"":0,""inscritos"":63}]",1,False,
2026-1,GAN00140,ÁLGEBRA LINEAR,CC,,B1,/graduacao/quadrodehorarios/turmas/100000450688,Seg 09:00-11:00; Qua 09:00-11:00,"[{""codigo_curso"":""31"",""curso"":""Ciência da Computação"",""vagas_regular"":58,""vagas_vestibulando"":2,""vagas"":60,""inscritos_regular"":51,""inscritos_vestibulando"":1,""inscritos"":52}]",2,False,
2026-1,GAN00140,ÁLGEBRA LINEAR,CC;SI,,K1,/graduacao/quadrodehorarios/turmas/100000450696,Seg 16:00-18:00; Qua 16:00-18:00,"[{""codigo_curso"":""83"",""curso"":""Sistemas de Informação"",""vagas_regular"":2,""vagas_vestibulando"":0,""vagas"":2,""inscritos_regular"":2,""inscritos_vestibulando"":0,""inscritos"":2},{""codigo_curso"":""43"",""curso"":""Engenharia Agrícola e Ambiental"",""vagas_regular"":2,""vagas_vestibulando"":0,""vagas"":2,""inscritos_regular"":2,""inscritos_vestibulando"":0,""inscritos"":2},{""codigo_curso"":""38"",""curso"":""Engenharia Elétrica"",""vagas_regular"":1,""vagas_vestibulando"":0,""vagas"":1,""inscritos_regular"":1,""inscritos_vestibulando"":0,""inscritos"":1},{""codigo_curso"":""31"",""curso"":""Ciência da Computação"",""vagas_regular"":30,""vagas_vestibulando"":0,""vagas"":30,""inscritos_regular"":28,""inscritos_vestibulando"":0,""inscritos"":28},{""codigo_curso"":""41"",""curso"":""Engenharia de Telecomunicações"",""vagas_regular"":1,""vagas_vestibulando"":0,""vagas"":1,""inscritos_regular"":1,""inscritos_vestibulando"":0,""inscritos"":1},{""codigo_curso"":""42"",""curso"":""Engenharia de Produção"",""vagas_regular"":2,""vagas_vestibulando"":0,""vagas"":2,""inscritos_regular"":2,""inscritos_vestibulando"":0,""inscritos"":2},{""codigo_curso"":""37"",""curso"":""Engenharia Civil"",""vagas_regular"":2,""vagas_vestibulando"":0,""vagas"":2,""inscritos_regular"":2,""inscritos_vestibulando"":0,""inscritos"":2},{""codigo_curso"":""56"",""curso"":""Eng. de Recursos Hídricos e Meio Ambiente"",""vagas_regular"":1,""vagas_vestibulando"":0,""vagas"":1,""inscritos_regular"":0,""inscritos_vestibulando"":0,""inscritos"":0},{""codigo_curso"":""27"",""curso"":""Engenharia Química"",""vagas_regular"":11,""vagas_vestibulando"":0,""vagas"":11,""inscritos_regular"":11,""inscritos_vestibulando"":0,""inscritos"":11},{""codigo_curso"":""51"",""curso"":""Engenharia de Petróleo"",""vagas_regular"":2,""vagas_vestibulando"":0,""vagas"":2,""inscritos_regular"":2,""inscritos_vestibulando"":0,""inscritos"":2},{""codigo_curso"":""50"",""curso"":""Geofísica"",""vagas_regular"":3,""vagas_vestibulando"":0,""vagas"":3,""inscritos_regular"":3,""inscritos_vestibulando"":0,""inscritos"":3},{""codigo_curso"":""40"",""curso"":""Engenharia Mecânica"",""vagas_regular"":3,""vagas_vestibulando"":0,""vagas"":3,""inscritos_regular"":3,""inscritos_vestibulando"":0,""inscritos"":3}]",2,False,
2026-1,GAN00144,COMPLEMENTOS DE MATEMÁTICA APLICADA,SI,,C1,/graduacao/quadrodehorarios/turmas/100000450702,Seg 16:00-18:00; Qua 16:00-18:00,"[{""codigo_curso"":""23"",""curso"":""Administração"",""vagas_regular"":28,""vagas_vestibulando"":0,""vagas"":28,""inscritos_regular"":7,""inscritos_vestibulando"":0,""inscritos"":7},{""codigo_curso"":""22"",""curso"":""Ciências Contábeis"",""vagas_regular"":11,""vagas_vestibulando"":0,""vagas"":11,""inscritos_regular"":7,""inscritos_vestibulando"":0,""inscritos"":7},{""codigo_curso"":""83"",""curso"":""Sistemas de Informação"",""vagas_regular"":15,""vagas_vestibulando"":0,""vagas"":15,""inscritos_regular"":12,""inscritos_vestibulando"":0,""inscritos"":12},{""codigo_curso"":""95"",""curso"":""Ciência Ambiental"",""vagas_regular"":4,""vagas_vestibulando"":0,""vagas"":4,""inscritos_regular"":0,""inscritos_vestibulando"":0,""inscritos"":0},{""codigo_curso"":""48"",""curso"":""Biomedicina"",""vagas_regular"":2,""vagas_vestibulando"":0,""vagas"":2,""inscritos_regular"":2,""inscritos_vestibulando"":0,""inscritos"":2}]",4,False,
2026-1,GAN00144,COMPLEMENTOS DE MATEMÁTICA APLICADA,SI,,D1,/graduacao/quadrodehorarios/turmas/100000450703,Seg 16:00-18:00; Qua 16:00-18:00,"[{""codigo_curso"":""83"",""curso"":""Sistemas de Informação"",""vagas_regular"":7,""vagas_vestibulando"":0,""vagas"":7,""inscritos_regular"":0,""inscritos_vestibulando"":0,""inscritos"":0},{""codigo_curso"":""22"",""curso"":""Ciências Contábeis"",""vagas_regular"":4,""vagas_vestibulando"":44,""vagas"":48,""inscritos_regular"":1,""inscritos_vestibulando"":37,""inscritos"":38},{""codigo_curso"":""23"",""curso"":""Administração"",""vagas_regular"":4,""vagas_vestibulando"":0,""vagas"":4,""inscritos_regular"":0,""inscritos_vestibulando"":0,""inscritos"":0},{""codigo_curso"":""117"",""curso"":""Administração Pública"",""vagas_regular"":1,""vagas_vestibulando"":0,""vagas"":1,""inscritos_regular"":1,""inscritos_vestibulando"":0,""inscritos"":1}]",4,False,
2026-1,GAN00144,COMPLEMENTOS DE MATEMÁTICA APLICADA,SI,,F1,/graduacao/quadrodehorarios/turmas/100000450705,Seg 18:00-20:00; Qua 18:00-20:00,"[{""codigo_curso"":""95"",""curso"":""Ciência Ambiental"",""vagas_regular"":1,""vagas_vestibulando"":0,""vagas"":1,""inscritos_regular"":1,""inscritos_vestibulando"":0,""inscritos"":1},{""codigo_curso"":""48"",""curso"":""Biomedicina"",""vagas_regular"":2,""vagas_vestibulando"":0,""vagas"":2,""inscritos_regular"":1,""inscritos_vestibulando"":0,""inscritos"":1},{""codigo_curso"":""83"",""curso"":""Sistemas de Informação"",""vagas_regular"":52,""vagas_vestibulando"":5,""vagas"":57,""inscritos_regular"":31,""inscritos_vestibulando"":1,""inscritos"":32}]",4,False,
2026-1,GAN00144,COMPLEMENTOS DE MATEMÁTICA APLICADA,SI,,G1,/graduacao/quadrodehorarios/turmas/100000450706,Seg 20:00-22:00; Qua 20:00-22:00,"[{""codigo_curso"":""95"",""curso"":""Ciência Ambiental"",""vagas_regular"":0,""vagas_vestibulando"":1,""vagas"":1,""inscritos_regular"":0,""inscritos_vestibulando"":0,""inscritos"":0},{""codigo_curso"":""83"",""curso"":""Sistemas de Informação"",""vagas_regular"":17,""vagas_vestibulando"":0,""vagas"":17,""inscritos_regular"":15,""inscritos_vestibulando"":0,""inscritos"":15},{""codigo_curso"":""23"",""curso"":""Administração"",""vagas_regular"":42,""vagas_vestibulando"":0,""vagas"":42,""inscritos_regular"":37,""inscritos_vestibulando"":0,""inscritos"":37}]",4,False,
2026-1,GAN00166,LÓGICA PARA A CIÊNCIA DA COMPUTAÇÃO,CC,,A1,/graduacao/quadrodehorarios/turmas/100000450726,Seg 14:00-16:00; Qua 14:00-16:00,"[{""codigo_curso"":""54"",""curso"":""Estatística"",""vagas_regular"":5,""vagas_vestibulando"":0,""vagas"":5,""inscritos_regular"":3,""inscritos_vestibulando"":0,""inscritos"":3},{""codigo_curso"":""31"",""curso"":""Ciência da Computação"",""vagas_regular"":53,""vagas_vestibulando"":2,""vagas"":55,""inscritos_regular"":45,""inscritos_vestibulando"":2,""inscritos"":47}]",2,False,
2026-1,GAN00166,LÓGICA PARA A CIÊNCIA DA COMPUTAÇÃO,CC,,B1,/graduacao/quadrodehorarios/turmas/100000450728,Ter 14:00-16:00; Qui 14:00-16:00,"[{""codigo_curso"":""54"",""curso"":""Estatística"",""vagas_regular"":5,""vagas_vestibulando"":0,""vagas"":5,""inscritos_regular"":4,""inscritos_vestibulando"":0,""inscritos"":4},{""codigo_curso"":""31"",""curso"":""Ciência da Computação"",""vagas_regular"":55,""vagas_vestibulando"":0,""vagas"":55,""inscritos_regular"":51,""inscritos_vestibulando"":0,""inscritos"":51}]",2,False,
2026-1,GAN00167,MATEMÁTICA DISCRETA,CC,,A1,/graduacao/quadrodehorarios/turmas/100000450729,Seg 14:00-16:00; Qua 14:00-16:00,"[{""codigo_curso"":""38"",""curso"":""Engenharia Elétrica"",""vagas_regular"":2,""vagas_vestibulando"":0,""vagas"":2,""inscritos_regular"":1,""inscritos_vestibulando"":0,""inscritos"":1},{""codigo_curso"":""123"",""curso"":""Inteligência Artificial e Ciência de Dados"",""vagas_regular"":0,""vagas_vestibulando"":20,""vagas"":20,""inscritos_regular"":0,""inscritos_vestibulando"":17,""inscritos"":17},{""codigo_curso"":""31"",""curso"":""Ciência da Computação"",""vagas_regular"":18,""vagas_vestibulando"":0,""vagas"":18,""inscritos_regular"":14,""inscritos_vestibulando"":0,""inscritos"":14},{""codigo_curso"":""41"",""curso"":""Engenharia de Telecomunicações"",""vagas_regular"":0,""vagas_vestibulando"":1,""vagas"":1,""inscritos_regular"":0,""inscritos_vestibulando"":1,""inscritos"":1},{""codigo_curso"":""37"",""curso"":""Engenharia Civil"",""vagas_regular"":1,""vagas_vestibulando"":0,""vagas"":1,""inscritos_regular"":1,""inscritos_vestibulando"":0,""inscritos"":1},{""codigo_curso"":""97"",""curso"":""Disciplina Isolada"",""vagas_regular"":1,""vagas_vestibulando"":0,""vagas"":1,""inscritos_regular"":1,""inscritos_vestibulando"":0,""inscritos"":1}]",3,False,
2026-1,GAN00167,MATEMÁTICA DISCRETA,CC,,B1,/graduacao/quadrodehorarios/turmas/100000450730,Seg 14:00-16:00; Qua 14:00-16:00,"[{""codigo_curso"":""31"",""curso"":""Ciência da Computação"",""vagas_regular"":4,""vagas_vestibulando"":46,""vagas"":50,""inscritos_regular"":2,""inscritos_vestibulando"":45,""inscritos"":47}]",3,False,
2026-1,GAN00167,MATEMÁTICA DISCRETA,CC,,C1,/graduacao/quadrodehorarios/turmas/100000450731,Seg 14:00-16:00; Qua 14:00-16:00,"[{""codigo_curso"":""31"",""curso"":""Ciência da Computação"",""vagas_regular"":25,""vagas_vestibulando"":1,""vagas"":26,""inscritos_regular"":16,""inscritos_vestibulando"":1,""inscritos"":17}]",3,False,
2026-1,GET00116,FUNDAMENTOS DE ESTATISTICA APLICADA,SI,,C2,/graduacao/quadrodehorarios/turmas/100000449849,Seg 16:00-18:00; Qua 16:00-18:00,"[{""codigo_curso"":""23"",""curso"":""Administração"",""vagas_regular"":24,""vagas_vestibulando"":0,""vagas"":24,""inscritos_regular"":21,""inscritos_vestibulando"":0,""inscritos"":21},{""codigo_curso"":""117"",""curso"":""Administração Pública"",""vagas_regular"":26,""vagas_vestibulando"":0,""vagas"":26,""inscritos_regular"":23,""inscritos_vestibulando"":0,""inscritos"":23},{""codigo_curso"":""83"",""curso"":""Sistemas de Informação"",""vagas_regular"":8,""vagas_vestibulando"":1,""vagas"":9,""inscritos_regular"":7,""inscritos_vestibulando"":0,""inscritos"":7}]",5,False,
2026-1,GET00116,FUNDAMENTOS DE ESTATISTICA APLICADA,SI,,E1,/graduacao/quadrodehorarios/turmas/100000449852,Seg 20:00-22:00; Qua 20:00-22:00,"[{""codigo_curso"":""20"",""curso"":""Matemática"",""vagas_regular"":13,""vagas_vestibulando"":0,""vagas"":13,""inscritos_regular"":6,""inscritos_vestibulando"":0,""inscritos"":6},{""codigo_curso"":""83"",""curso"":""Sistemas de Informação"",""vagas_regular"":43,""vagas_vestibulando"":1,""vagas"":44,""inscritos_regular"":32,""inscritos_vestibulando"":1,""inscritos"":33},{""codigo_curso"":""24"",""curso"":""Psicologia"",""vagas_regular"":1,""vagas_vestibulando"":0,""vagas"":1,""inscritos_regular"":1,""inscritos_vestibulando"":0,""inscritos"":1}]",5,False,
2026-1,GET00116,FUNDAMENTOS DE ESTATISTICA APLICADA,SI,,G1,/graduacao/quadrodehorarios/turmas/100000450655,Ter 16:00-18:00; Qui 16:00-18:00,"[{""codigo_curso"":""20"",""curso"":""Matemática"",""vagas_regular"":3,""vagas_vestibulando"":0,""vagas"":3,""inscritos_regular"":3,""inscritos_vestibulando"":0,""inscritos"":3},{""codigo_curso"":""95"",""curso"":""Ciência Ambiental"",""vagas_regular"":9,""vagas_vestibulando"":0,""vagas"":9,""inscritos_regular"":9,""inscritos_vestibulando"":0,""inscritos"":9},{""codigo_curso"":""50"",""curso"":""Geofísica"",""vagas_regular"":4,""vagas_vestibulando"":0,""vagas"":4,""inscritos_regular"":3,""inscritos_vestibulando"":0,""inscritos"":3},{""codigo_curso"":""23"",""curso"":""Administração"",""vagas_regular"":5,""vagas_vestibulando"":0,""vagas"":5,""inscritos_regular"":1,""inscritos_vestibulando"":0,""inscritos"":1},{""codigo_curso"":""117"",""curso"":""Administração Pública"",""vagas_regular"":7,""vagas_vestibulando"":0,""vagas"":7,""inscritos_regular"":5,""inscritos_vestibulando"":0,""inscritos"":5},{""codigo_curso"":""22"",""curso"":""Ciências Contábeis"",""vagas_regular"":17,""vagas_vestibulando"":0,""vagas"":17,""inscritos_regular"":16,""inscritos_vestibulando"":0,""inscritos"":16},{""codigo_curso"":""29"",""curso"":""Química Industrial"",""vagas_regular"":5,""vagas_vestibulando"":0,""vagas"":5,""inscritos_regular"":4,""inscritos_vestibulando"":0,""inscritos"":4},{""codigo_curso"":""83"",""curso"":""Sistemas de Informação"",""vagas_regular"":5,""vagas_vestibulando"":0,""vagas"":5,""inscritos_regular"":5,""inscritos_vestibulando"":0,""inscritos"":5},{""codigo_curso"":""59"",""curso"":""Relações Internacionais"",""vagas_regular"":5,""vagas_vestibulando"":0,""vagas"":5,""inscritos_regular"":3,""inscritos_vestibulando"":0,""inscritos"":3}]",5,False,
2026-1,GET00116,FUNDAMENTOS DE ESTATISTICA APLICADA,SI,,H1,/graduacao/quadrodehorarios/turmas/100000449854,Ter 18:00-20:00; Qui 18:00-20:00,"[{""codigo_curso"":""95"",""curso"":""Ciência Ambiental"",""vagas_regular"":3,""vagas_vestibulando"":1,""vagas"":4,""inscritos_regular"":2,""inscritos_vestibulando"":1,""inscritos"":3},{""codigo_curso"":""44"",""curso"":""Ciências Biológicas"",""vagas_regular"":23,""vagas_vestibulando"":0,""vagas"":23,""inscritos_regular"":18,""inscritos_vestibulando"":0,""inscritos"":18},{""codigo_curso"":""50"",""curso"":""Geofísica"",""vagas_regular"":5,""vagas_vestibulando"":0,""vagas"":5,""inscritos_regular"":5,""inscritos_vestibulando"":0,""inscritos"":5},{""codigo_curso"":""20"",""curso"":""Matemática"",""vagas_regular"":2,""vagas_vestibulando"":0,""vagas"":2,""inscritos_regular"":2,""inscritos_vestibulando"":0,""inscritos"":2},{""codigo_curso"":""83"",""curso"":""Sistemas de Informação"",""vagas_regular"":5,""vagas_vestibulando"":0,""vagas"":5,""inscritos_regular"":5,""inscritos_vestibulando"":0,""inscritos"":5},{""codigo_curso"":""96"",""curso"":""Desenho Industrial"",""vagas_regular"":21,""vagas_vestibulando"":0,""vagas"":21,""inscritos_regular"":13,""inscritos_vestibulando"":0,""inscritos"":13}]",5,False,
2026-1,GET00116,FUNDAMENTOS DE ESTATISTICA APLICADA,SI,,I1,/graduacao/quadrodehorarios/turmas/100000449857,Ter 20:00-22:00; Qui 20:00-22:00,"[{""codigo_curso"":""20"",""curso"":""Matemática"",""vagas_regular"":8,""vagas_vestibulando"":0,""vagas"":8,""inscritos_regular"":8,""inscritos_vestibulando"":0,""inscritos"":8},{""codigo_curso"":""59"",""curso"":""Relações Internacionais"",""vagas_regular"":20,""vagas_vestibulando"":0,""vagas"":20,""inscritos_regular"":12,""inscritos_vestibulando"":0,""inscritos"":12},{""codigo_curso"":""50"",""curso"":""Geofísica"",""vagas_regular"":2,""vagas_vestibulando"":0,""vagas"":2,""inscritos_regular"":0,""inscritos_vestibulando"":0,""inscritos"":0},{""codigo_curso"":""23"",""curso"":""Administração"",""vagas_regular"":4,""vagas_vestibulando"":0,""vagas"":4,""inscritos_regular"":2,""inscritos_vestibulando"":0,""inscritos"":2},{""codigo_curso"":""117"",""curso"":""Administração Pública"",""vagas_regular"":7,""vagas_vestibulando"":0,""vagas"":7,""inscritos_regular"":4,""inscritos_vestibulando"":0,""inscritos"":4},{""codigo_curso"":""22"",""curso"":""Ciências Contábeis"",""vagas_regular"":5,""vagas_vestibulando"":0,""vagas"":5,""inscritos_regular"":5,""inscritos_vestibulando"":0,""inscritos"":5},{""codigo_curso"":""83"",""curso"":""Sistemas de Informação"",""vagas_regular"":5,""vagas_vestibulando"":2,""vagas"":7,""inscritos_regular"":3,""inscritos_vestibulando"":2,""inscritos"":5},{""codigo_curso"":""44"",""curso"":""Ciências Biológicas"",""vagas_regular"":4,""vagas_vestibulando"":0,""vagas"":4,""inscritos_regular"":2,""inscritos_vestibulando"":0,""inscritos"":2}]",5,False,
2026-1,GET00177,ESTATÍSTICA BÁSICA,CC,,A1,/graduacao/quadrodehorarios/turmas/100000449758,Seg 09:00-11:00; Qua 09:00-11:00,"[{""codigo_curso"":""56"",""curso"":""Eng. de Recursos Hídricos e Meio Ambiente"",""vagas_regular"":5,""vagas_vestibulando"":0,""vagas"":5,""inscritos_regular"":2,""inscritos_vestibulando"":0,""inscritos"":2},{""codigo_curso"":""83"",""curso"":""Sistemas de Informação"",""vagas_regular"":2,""vagas_vestibulando"":0,""vagas"":2,""inscritos_regular"":0,""inscritos_vestibulando"":0,""inscritos"":0},{""codigo_curso"":""43"",""curso"":""Engenharia Agrícola e Ambiental"",""vagas_regular"":5,""vagas_vestibulando"":0,""vagas"":5,""inscritos_regular"":5,""inscritos_vestibulando"":0,""inscritos"":5},{""codigo_curso"":""31"",""curso"":""Ciência da Computação"",""vagas_regular"":10,""vagas_vestibulando"":0,""vagas"":10,""inscritos_regular"":10,""inscritos_vestibulando"":0,""inscritos"":10},{""codigo_curso"":""42"",""curso"":""Engenharia de Produção"",""vagas_regular"":16,""vagas_vestibulando"":0,""vagas"":16,""inscritos_regular"":8,""inscritos_vestibulando"":0,""inscritos"":8},{""codigo_curso"":""27"",""curso"":""Engenharia Química"",""vagas_regular"":5,""vagas_vestibulando"":0,""vagas"":5,""inscritos_regular"":2,""inscritos_vestibulando"":0,""inscritos"":2},{""codigo_curso"":""41"",""curso"":""Engenharia de Telecomunicações"",""vagas_regular"":5,""vagas_vestibulando"":0,""vagas"":5,""inscritos_regular"":1,""inscritos_vestibulando"":0,""inscritos"":1}]",8,False,
2026-1,GET00177,ESTATÍSTICA BÁSICA,CC,,B1,/graduacao/quadrodehorarios/turmas/100000449764,Seg 11:00-13:00; Qua 11:00-13:00,"[{""codigo_curso"":""31"",""curso"":""Ciência da Computação"",""vagas_regular"":7,""vagas_vestibulando"":0,""vagas"":7,""inscritos_regular"":7,""inscritos_vestibulando"":0,""inscritos"":7},{""codigo_curso"":""38"",""curso"":""Engenharia Elétrica"",""vagas_regular"":12,""vagas_vestibulando"":0,""vagas"":12,""inscritos_regular"":10,""inscritos_vestibulando"":0,""inscritos"":10},{""codigo_curso"":""40"",""curso"":""Engenharia Mecânica"",""vagas_regular"":15,""vagas_vestibulando"":0,""vagas"":15,""inscritos_regular"":9,""inscritos_vestibulando"":0,""inscritos"":9},{""codigo_curso"":""56"",""curso"":""Eng. de Recursos Hídricos e Meio Ambiente"",""vagas_regular"":8,""vagas_vestibulando"":1,""vagas"":9,""inscritos_regular"":4,""inscritos_vestibulando"":1,""inscritos"":5},{""codigo_curso"":""42"",""curso"":""Engenharia de Produção"",""vagas_regular"":1,""vagas_vestibulando"":0,""vagas"":1,""inscritos_regular"":1,""inscritos_vestibulando"":0,""inscritos"":1},{""codigo_curso"":""41"",""curso"":""Engenharia de Telecomunicações"",""vagas_regular"":1,""vagas_vestibulando"":0,""vagas"":1,""inscritos_regular"":1,""inscritos_vestibulando"":0,""inscritos"":1},{""codigo_curso"":""95"",""curso"":""Ciência Ambiental"",""vagas_regular"":1,""vagas_vestibulando"":0,""vagas"":1,""inscritos_regular"":1,""inscritos_vestibulando"":0,""inscritos"":1},{""codigo_curso"":""83"",""curso"":""Sistemas de Informação"",""vagas_regular"":1,""vagas_vestibulando"":0,""vagas"":1,""inscritos_regular"":1,""inscritos_vestibulando"":0,""inscritos"":1},{""codigo_curso"":""43"",""curso"":""Engenharia Agrícola e Ambiental"",""vagas_regular"":2,""vagas_vestibulando"":0,""vagas"":2,""inscritos_regular"":1,""inscritos_vestibulando"":0,""inscritos"":1}]",8,False,
2026-1,GET00177,ESTATÍSTICA BÁSICA,CC,,C1,/graduacao/quadrodehorarios/turmas/100000449868,Seg 14:00-16:00; Qua 14:00-16:00,"[{""codigo_curso"":""31"",""curso"":""Ciência da Computação"",""vagas_regular"":12,""vagas_vestibulando"":0,""vagas"":12,""inscritos_regular"":12,""inscritos_vestibulando"":0,""inscritos"":12},{""codigo_curso"":""42"",""curso"":""Engenharia de Produção"",""vagas_regular"":10,""vagas_vestibulando"":0,""vagas"":10,""inscritos_regular"":9,""inscritos_vestibulando"":0,""inscritos"":9},{""codigo_curso"":""56"",""curso"":""Eng. de Recursos Hídricos e Meio Ambiente"",""vagas_regular"":3,""vagas_vestibulando"":0,""vagas"":3,""inscritos_regular"":0,""inscritos_vestibulando"":0,""inscritos"":0},{""codigo_curso"":""41"",""curso"":""Engenharia de Telecomunicações"",""vagas_regular"":4,""vagas_vestibulando"":0,""vagas"":4,""inscritos_regular"":2,""inscritos_vestibulando"":0,""inscritos"":2},{""codigo_curso"":""38"",""curso"":""Engenharia Elétrica"",""vagas_regular"":14,""vagas_vestibulando"":0,""vagas"":14,""inscritos_regular"":12,""inscritos_vestibulando"":0,""inscritos"":12},{""codigo_curso"":""40"",""curso"":""Engenharia Mecânica"",""vagas_regular"":3,""vagas_vestibulando"":0,""vagas"":3,""inscritos_regular"":2,""inscritos_vestibulando"":0,""inscritos"":2},{""codigo_curso"":""27"",""curso"":""Engenharia Química"",""vagas_regular"":2,""vagas_vestibulando"":0,""vagas"":2,""inscritos_regular"":2,""inscritos_vestibulando"":0,""inscritos"":2},{""codigo_curso"":""37"",""curso"":""Engenharia Civil"",""vagas_regular"":11,""vagas_vestibulando"":0,""vagas"":11,""inscritos_regular"":4,""inscritos_vestibulando"":0,""inscritos"":4}]",8,False,
2026-1,GET00177,ESTATÍSTICA BÁSICA,CC,,F1,/graduacao/quadrodehorarios/turmas/100000449776,Ter 09:00-11:00; Qui 09:00-11:00,"[{""codigo_curso"":""51"",""curso"":""Engenharia de Petróleo"",""vagas_regular"":5,""vagas_vestibulando"":0,""vagas"":5,""inscritos_regular"":1,""inscritos_vestibulando"":0,""inscritos"":1},{""codigo_curso"":""56"",""curso"":""Eng. de Recursos Hídricos e Meio Ambiente"",""vagas_regular"":6,""vagas_vestibulando"":0,""vagas"":6,""inscritos_regular"":2,""inscritos_vestibulando"":0,""inscritos"":2},{""codigo_curso"":""40"",""curso"":""Engenharia Mecânica"",""vagas_regular"":5,""vagas_vestibulando"":0,""vagas"":5,""inscritos_regular"":5,""inscritos_vestibulando"":0,""inscritos"":5},{""codigo_curso"":""27"",""curso"":""Engenharia Química"",""vagas_regular"":15,""vagas_vestibulando"":0,""vagas"":15,""inscritos_regular"":1,""inscritos_vestibulando"":0,""inscritos"":1},{""codigo_curso"":""83"",""curso"":""Sistemas de Informação"",""vagas_regular"":5,""vagas_vestibulando"":0,""vagas"":5,""inscritos_regular"":1,""inscritos_vestibulando"":0,""inscritos"":1},{""codigo_curso"":""42"",""curso"":""Engenharia de Produção"",""vagas_regular"":3,""vagas_vestibulando"":0,""vagas"":3,""inscritos_regular"":3,""inscritos_vestibulando"":0,""inscritos"":3},{""codigo_curso"":""31"",""curso"":""Ciência da Computação"",""vagas_regular"":15,""vagas_vestibulando"":0,""vagas"":15,""inscritos_regular"":14,""inscritos_vestibulando"":0,""inscritos"":14}]",8,False,
2026-1,GET00177,ESTATÍSTICA BÁSICA,CC,,G1,/graduacao/quadrodehorarios/turmas/100000449789,Ter 11:00-13:00; Qui 11:00-13:00,"[{""codigo_curso"":""43"",""curso"":""Engenharia Agrícola e Ambiental"",""vagas_regular"":15,""vagas_vestibulando"":0,""vagas"":15,""inscritos_regular"":6,""inscritos_vestibulando"":0,""inscritos"":6},{""codigo_curso"":""51"",""curso"":""Engenharia de Petróleo"",""vagas_regular"":5,""vagas_vestibulando"":0,""vagas"":5,""inscritos_regular"":0,""inscritos_vestibulando"":0,""inscritos"":0},{""codigo_curso"":""56"",""curso"":""Eng. de Recursos Hídricos e Meio Ambiente"",""vagas_regular"":12,""vagas_vestibulando"":0,""vagas"":12,""inscritos_regular"":10,""inscritos_vestibulando"":0,""inscritos"":10},{""codigo_curso"":""41"",""curso"":""Engenharia de Telecomunicações"",""vagas_regular"":12,""vagas_vestibulando"":1,""vagas"":13,""inscritos_regular"":8,""inscritos_vestibulando"":0,""inscritos"":8},{""codigo_curso"":""83"",""curso"":""Sistemas de Informação"",""vagas_regular"":5,""vagas_vestibulando"":0,""vagas"":5,""inscritos_regular"":1,""inscritos_vestibulando"":0,""inscritos"":1},{""codigo_curso"":""42"",""curso"":""Engenharia de Produção"",""vagas_regular"":1,""vagas_vestibulando"":0,""vagas"":1,""inscritos_regular"":1,""inscritos_vestibulando"":0,""inscritos"":1},{""codigo_curso"":""37"",""curso"":""Engenharia Civil"",""vagas_regular"":2,""vagas_vestibulando"":0,""vagas"":2,""inscritos_regular"":2,""inscritos_vestibulando"":0,""inscritos"":2},{""codigo_curso"":""31"",""curso"":""Ciência da Computação"",""vagas_regular"":5,""vagas_vestibulando"":0,""vagas"":5,""inscritos_regular"":4,""inscritos_vestibulando"":0,""inscritos"":4}]",8,False,
2026-1,GET00177,ESTATÍSTICA BÁSICA,CC,,H1,/graduacao/quadrodehorarios/turmas/100000449790,Ter 14:00-16:00; Qui 14:00-16:00,"[{""codigo_curso"":""31"",""curso"":""Ciência da Computação"",""vagas_regular"":10,""vagas_vestibulando"":0,""vagas"":10,""inscritos_regular"":2,""inscritos_vestibulando"":0,""inscritos"":2},{""codigo_curso"":""51"",""curso"":""Engenharia de Petróleo"",""vagas_regular"":5,""vagas_vestibulando"":0,""vagas"":5,""inscritos_regular"":0,""inscritos_vestibulando"":0,""inscritos"":0},{""codigo_curso"":""42"",""curso"":""Engenharia de Produção"",""vagas_regular"":5,""vagas_vestibulando"":0,""vagas"":5,""inscritos_regular"":4,""inscritos_vestibulando"":0,""inscritos"":4},{""codigo_curso"":""56"",""curso"":""Eng. de Recursos Hídricos e Meio Ambiente"",""vagas_regular"":8,""vagas_vestibulando"":0,""vagas"":8,""inscritos_regular"":5,""inscritos_vestibulando"":0,""inscritos"":5},{""codigo_curso"":""38"",""curso"":""Engenharia Elétrica"",""vagas_regular"":10,""vagas_vestibulando"":0,""vagas"":10,""inscritos_regular"":9,""inscritos_vestibulando"":0,""inscritos"":9},{""codigo_curso"":""40"",""curso"":""Engenharia Mecânica"",""vagas_regular"":10,""vagas_vestibulando"":0,""vagas"":10,""inscritos_regular"":3,""inscritos_vestibulando"":0,""inscritos"":3},{""codigo_curso"":""27"",""curso"":""Engenharia Química"",""vagas_regular"":8,""vagas_vestibulando"":0,""vagas"":8,""inscritos_regular"":3,""inscritos_vestibulando"":0,""inscritos"":3}]",8,False,
2026-1,GET00177,ESTATÍSTICA BÁSICA,CC,,I1,/graduacao/quadrodehorarios/turmas/100000449791,Ter 16:00-18:00; Qui 16:00-18:00,"[{""codigo_curso"":""37"",""curso"":""Engenharia Civil"",""vagas_regular"":17,""vagas_vestibulando"":0,""vagas"":17,""inscritos_regular"":15,""inscritos_vestibulando"":0,""inscritos"":15},{""codigo_curso"":""51"",""curso"":""Engenharia de Petróleo"",""vagas_regular"":2,""vagas_vestibulando"":0,""vagas"":2,""inscritos_regular"":1,""inscritos_vestibulando"":0,""inscritos"":1},{""codigo_curso"":""42"",""curso"":""Engenharia de Produção"",""vagas_regular"":7,""vagas_vestibulando"":0,""vagas"":7,""inscritos_regular"":6,""inscritos_vestibulando"":0,""inscritos"":6},{""codigo_curso"":""38"",""curso"":""Engenharia Elétrica"",""vagas_regular"":7,""vagas_vestibulando"":0,""vagas"":7,""inscritos_regular"":7,""inscritos_vestibulando"":0,""inscritos"":7},{""codigo_curso"":""40"",""curso"":""Engenharia Mecânica"",""vagas_regular"":14,""vagas_vestibulando"":1,""vagas"":15,""inscritos_regular"":13,""inscritos_vestibulando"":0,""inscritos"":13},{""codigo_curso"":""27"",""curso"":""Engenharia Química"",""vagas_regular"":7,""vagas_vestibulando"":0,""vagas"":7,""inscritos_regular"":7,""inscritos_vestibulando"":0,""inscritos"":7},{""codigo_curso"":""102"",""curso"":""Segurança Pública"",""vagas_regular"":1,""vagas_vestibulando"":0,""vagas"":1,""inscritos_regular"":0,""inscritos_vestibulando"":0,""inscritos"":0},{""codigo_curso"":""31"",""curso"":""Ciência da Computação"",""vagas_regular"":1,""vagas_vestibulando"":0,""vagas"":1,""inscritos_regular"":1,""inscritos_vestibulando"":0,""inscritos"":1}]",8,False,
2026-1,GET00177,ESTATÍSTICA BÁSICA,CC,,J1,/graduacao/quadrodehorarios/turmas/100000449792,Ter 18:00-20:00; Qui 18:00-20:00,"[{""codigo_curso"":""31"",""curso"":""Ciência da Computação"",""vagas_regular"":10,""vagas_vestibulando"":0,""vagas"":10,""inscritos_regular"":2,""inscritos_vestibulando"":0,""inscritos"":2},{""codigo_curso"":""37"",""curso"":""Engenharia Civil"",""vagas_regular"":15,""vagas_vestibulando"":0,""vagas"":15,""inscritos_regular"":2,""inscritos_vestibulando"":0,""inscritos"":2},{""codigo_curso"":""42"",""curso"":""Engenharia de Produção"",""vagas_regular"":3,""vagas_vestibulando"":0,""vagas"":3,""inscritos_regular"":0,""inscritos_vestibulando"":0,""inscritos"":0},{""codigo_curso"":""38"",""curso"":""Engenharia Elétrica"",""vagas_regular"":10,""vagas_vestibulando"":0,""vagas"":10,""inscritos_regular"":5,""inscritos_vestibulando"":0,""inscritos"":5},{""codigo_curso"":""40"",""curso"":""Engenharia Mecânica"",""vagas_regular"":5,""vagas_vestibulando"":0,""vagas"":5,""inscritos_regular"":0,""inscritos_vestibulando"":0,""inscritos"":0},{""codigo_curso"":""83"",""curso"":""Sistemas de Informação"",""vagas_regular"":5,""vagas_vestibulando"":0,""vagas"":5,""inscritos_regular"":4,""inscritos_vestibulando"":0,""inscritos"":4},{""codigo_curso"":""43"",""curso"":""Engenharia Agrícola e Ambiental"",""vagas_regular"":5,""vagas_vestibulando"":0,""vagas"":5,""inscritos_regular"":1,""inscritos_vestibulando"":0,""inscritos"":1},{""codigo_curso"":""41"",""curso"":""Engenharia de Telecomunicações"",""vagas_regular"":5,""vagas_vestibulando"":0,""vagas"":5,""inscritos_regular"":2,""inscritos_vestibulando"":0,""inscritos"":2},{""codigo_curso"":""27"",""curso"":""Engenharia Química"",""vagas_regular"":1,""vagas_vestibulando"":0,""vagas"":1,""inscritos_regular"":0,""inscritos_vestibulando"":0,""inscritos"":0}]",8,False,
2026-1,GFI00158,FÍSICA I,CC,,A3,/graduacao/quadrodehorarios/turmas/100000444684,Seg 11:00-13:00; Qua 11:00-13:00; Sab 08:00-10:00,"[{""codigo_curso"":""28"",""curso"":""Química"",""vagas_regular"":8,""vagas_vestibulando"":0,""vagas"":8,""inscritos_regular"":8,""inscritos_vestibulando"":0,""inscritos"":8},{""codigo_curso"":""29"",""curso"":""Química Industrial"",""vagas_regular"":8,""vagas_vestibulando"":0,""vagas"":8,""inscritos_regular"":7,""inscritos_vestibulando"":0,""inscritos"":7},{""codigo_curso"":""42"",""curso"":""Engenharia de Produção"",""vagas_regular"":5,""vagas_vestibulando"":0,""vagas"":5,""inscritos_regular"":4,""inscritos_vestibulando"":0,""inscritos"":4},{""codigo_curso"":""20"",""curso"":""Matemática"",""vagas_regular"":6,""vagas_vestibulando"":0,""vagas"":6,""inscritos_regular"":5,""inscritos_vestibulando"":0,""inscritos"":5},{""codigo_curso"":""25"",""curso"":""Física"",""vagas_regular"":8,""vagas_vestibulando"":0,""vagas"":8,""inscritos_regular"":7,""inscritos_vestibulando"":0,""inscritos"":7},{""codigo_curso"":""37"",""curso"":""Engenharia Civil"",""vagas_regular"":8,""vagas_vestibulando"":0,""vagas"":8,""inscritos_regular"":8,""inscritos_vestibulando"":0,""inscritos"":8},{""codigo_curso"":""38"",""curso"":""Engenharia Elétrica"",""vagas_regular"":5,""vagas_vestibulando"":0,""vagas"":5,""inscritos_regular"":5,""inscritos_vestibulando"":0,""inscritos"":5},{""codigo_curso"":""40"",""curso"":""Engenharia Mecânica"",""vagas_regular"":7,""vagas_vestibulando"":0,""vagas"":7,""inscritos_regular"":7,""inscritos_vestibulando"":0,""inscritos"":7},{""codigo_curso"":""50"",""curso"":""Geofísica"",""vagas_regular"":9,""vagas_vestibulando"":1,""vagas"":10,""inscritos_regular"":5,""inscritos_vestibulando"":1,""inscritos"":6},{""codigo_curso"":""51"",""curso"":""Engenharia de Petróleo"",""vagas_regular"":7,""vagas_vestibulando"":0,""vagas"":7,""inscritos_regular"":6,""inscritos_vestibulando"":0,""inscritos"":6},{""codigo_curso"":""56"",""curso"":""Eng. de Recursos Hídricos e Meio Ambiente"",""vagas_regular"":7,""vagas_vestibulando"":0,""vagas"":7,""inscritos_regular"":4,""inscritos_vestibulando"":0,""inscritos"":4},{""codigo_curso"":""43"",""curso"":""Engenharia Agrícola e Ambiental"",""vagas_regular"":7,""vagas_vestibulando"":0,""vagas"":7,""inscritos_regular"":6,""inscritos_vestibulando"":0,""inscritos"":6},{""codigo_curso"":""27"",""curso"":""Engenharia Química"",""vagas_regular"":5,""vagas_vestibulando"":0,""vagas"":5,""inscritos_regular"":5,""inscritos_vestibulando"":0,""inscritos"":5},{""codigo_curso"":""31"",""curso"":""Ciência da Computação"",""vagas_regular"":9,""vagas_vestibulando"":0,""vagas"":9,""inscritos_regular"":6,""inscritos_vestibulando"":0,""inscritos"":6}]",9,False,
2026-1,GFI00158,FÍSICA I,CC,,A4,/graduacao/quadrodehorarios/turmas/100000444685,Seg 14:00-16:00; Qua 14:00-16:00; Sab 08:00-10:00,"[{""codigo_curso"":""40"",""curso"":""Engenharia Mecânica"",""vagas_regular"":5,""vagas_vestibulando"":0,""vagas"":5,""inscritos_regular"":3,""inscritos_vestibulando"":0,""inscritos"":3},{""codigo_curso"":""28"",""curso"":""Química"",""vagas_regular"":8,""vagas_vestibulando"":0,""vagas"":8,""inscritos_regular"":6,""inscritos_vestibulando"":0,""inscritos"":6},{""codigo_curso"":""29"",""curso"":""Química Industrial"",""vagas_regular"":1,""vagas_vestibulando"":0,""vagas"":1,""inscritos_regular"":1,""inscritos_vestibulando"":0,""inscritos"":1},{""codigo_curso"":""20"",""curso"":""Matemática"",""vagas_regular"":6,""vagas_vestibulando"":0,""vagas"":6,""inscritos_regular"":4,""inscritos_vestibulando"":0,""inscritos"":4},{""codigo_curso"":""25"",""curso"":""Física"",""vagas_regular"":7,""vagas_vestibulando"":0,""vagas"":7,""inscritos_regular"":6,""inscritos_vestibulando"":0,""inscritos"":6},{""codigo_curso"":""27"",""curso"":""Engenharia Química"",""vagas_regular"":9,""vagas_vestibulando"":0,""vagas"":9,""inscritos_regular"":9,""inscritos_vestibulando"":0,""inscritos"":9},{""codigo_curso"":""31"",""curso"":""Ciência da Computação"",""vagas_regular"":9,""vagas_vestibulando"":0,""vagas"":9,""inscritos_regular"":9,""inscritos_vestibulando"":0,""inscritos"":9},{""codigo_curso"":""37"",""curso"":""Engenharia Civil"",""vagas_regular"":12,""vagas_vestibulando"":0,""vagas"":12,""inscritos_regular"":12,""inscritos_vestibulando"":0,""inscritos"":12},{""codigo_curso"":""38"",""curso"":""Engenharia Elétrica"",""vagas_regular"":2,""vagas_vestibulando"":0,""vagas"":2,""inscritos_regular"":2,""inscritos_vestibulando"":0,""inscritos"":2},{""codigo_curso"":""41"",""curso"":""Engenharia de Telecomunicações"",""vagas_regular"":23,""vagas_vestibulando"":0,""vagas"":23,""inscritos_regular"":20,""inscritos_vestibulando"":0,""inscritos"":20},{""codigo_curso"":""43"",""curso"":""Engenharia Agrícola e Ambiental"",""vagas_regular"":7,""vagas_vestibulando"":0,""vagas"":7,""inscritos_regular"":4,""inscritos_vestibulando"":0,""inscritos"":4},{""codigo_curso"":""51"",""curso"":""Engenharia de Petróleo"",""vagas_regular"":6,""vagas_vestibulando"":0,""vagas"":6,""inscritos_regular"":5,""inscritos_vestibulando"":0,""inscritos"":5},{""codigo_curso"":""56"",""curso"":""Eng. de Recursos Hídricos e Meio Ambiente"",""vagas_regular"":4,""vagas_vestibulando"":0,""vagas"":4,""inscritos_regular"":3,""inscritos_vestibulando"":0,""inscritos"":3},{""codigo_curso"":""42"",""curso"":""Engenharia de Produção"",""vagas_regular"":1,""vagas_vestibulando"":0,""vagas"":1,""inscritos_regular"":0,""inscritos_vestibulando"":0,""inscritos"":0}]",9,False,
2026-1,GFI00158,FÍSICA I,CC,,A5,/graduacao/quadrodehorarios/turmas/100000444723,Seg 16:00-18:00; Qua 16:00-18:00; Sab 08:00-10:00,"[{""codigo_curso"":""27"",""curso"":""Engenharia Química"",""vagas_regular"":4,""vagas_vestibulando"":0,""vagas"":4,""inscritos_regular"":4,""inscritos_vestibulando"":0,""inscritos"":4},{""codigo_curso"":""41"",""curso"":""Engenharia de Telecomunicações"",""vagas_regular"":8,""vagas_vestibulando"":0,""vagas"":8,""inscritos_regular"":8,""inscritos_vestibulando"":0,""inscritos"":8},{""codigo_curso"":""25"",""curso"":""Física"",""vagas_regular"":4,""vagas_vestibulando"":0,""vagas"":4,""inscritos_regular"":3,""inscritos_vestibulando"":0,""inscritos"":3},{""codigo_curso"":""29"",""curso"":""Química Industrial"",""vagas_regular"":8,""vagas_vestibulando"":0,""vagas"":8,""inscritos_regular"":4,""inscritos_vestibulando"":0,""inscritos"":4},{""codigo_curso"":""37"",""curso"":""Engenharia Civil"",""vagas_regular"":11,""vagas_vestibulando"":0,""vagas"":11,""inscritos_regular"":7,""inscritos_vestibulando"":0,""inscritos"":7},{""codigo_curso"":""38"",""curso"":""Engenharia Elétrica"",""vagas_regular"":6,""vagas_vestibulando"":0,""vagas"":6,""inscritos_regular"":5,""inscritos_vestibulando"":0,""inscritos"":5},{""codigo_curso"":""40"",""curso"":""Engenharia Mecânica"",""vagas_regular"":1,""vagas_vestibulando"":0,""vagas"":1,""inscritos_regular"":1,""inscritos_vestibulando"":0,""inscritos"":1},{""codigo_curso"":""42"",""curso"":""Engenharia de Produção"",""vagas_regular"":23,""vagas_vestibulando"":0,""vagas"":23,""inscritos_regular"":20,""inscritos_vestibulando"":0,""inscritos"":20},{""codigo_curso"":""43"",""curso"":""Engenharia Agrícola e Ambiental"",""vagas_regular"":6,""vagas_vestibulando"":0,""vagas"":6,""inscritos_regular"":6,""inscritos_vestibulando"":0,""inscritos"":6},{""codigo_curso"":""51"",""curso"":""Engenharia de Petróleo"",""vagas_regular"":3,""vagas_vestibulando"":0,""vagas"":3,""inscritos_regular"":3,""inscritos_vestibulando"":0,""inscritos"":3},{""codigo_curso"":""56"",""curso"":""Eng. de Recursos Hídricos e Meio Ambiente"",""vagas_regular"":9,""vagas_vestibulando"":0,""vagas"":9,""inscritos_regular"":5,""inscritos_vestibulando"":0,""inscritos"":5},{""codigo_curso"":""50"",""curso"":""Geofísica"",""vagas_regular"":1,""vagas_vestibulando"":0,""vagas"":1,""inscritos_regular"":1,""inscritos_vestibulando"":0,""inscritos"":1},{""codigo_curso"":""31"",""curso"":""Ciência da Computação"",""vagas_regular"":16,""vagas_vestibulando"":0,""vagas"":16,""inscritos_regular"":14,""inscritos_vestibulando"":0,""inscritos"":14}]",9,False,
2026-1,GFI00158,FÍSICA I,CC,,A7,/graduacao/quadrodehorarios/turmas/100000444724,Seg 20:00-22:00; Qua 20:00-22:00; Sab 08:00-10:00,"[{""codigo_curso"":""29"",""curso"":""Química Industrial"",""vagas_regular"":1,""vagas_vestibulando"":0,""vagas"":1,""inscritos_regular"":1,""inscritos_vestibulando"":0,""inscritos"":1},{""codigo_curso"":""50"",""curso"":""Geofísica"",""vagas_regular"":1,""vagas_vestibulando"":0,""vagas"":1,""inscritos_regular"":0,""inscritos_vestibulando"":0,""inscritos"":0},{""codigo_curso"":""20"",""curso"":""Matemática"",""vagas_regular"":2,""vagas_vestibulando"":0,""vagas"":2,""inscritos_regular"":1,""inscritos_vestibulando"":0,""inscritos"":1},{""codigo_curso"":""25"",""curso"":""Física"",""vagas_regular"":6,""vagas_vestibulando"":2,""vagas"":8,""inscritos_regular"":1,""inscritos_vestibulando"":2,""inscritos"":3},{""codigo_curso"":""27"",""curso"":""Engenharia Química"",""vagas_regular"":3,""vagas_vestibulando"":0,""vagas"":3,""inscritos_regular"":1,""inscritos_vestibulando"":0,""inscritos"":1},{""codigo_curso"":""28"",""curso"":""Química"",""vagas_regular"":3,""vagas_vestibulando"":0,""vagas"":3,""inscritos_regular"":2,""inscritos_vestibulando"":0,""inscritos"":2},{""codigo_curso"":""31"",""curso"":""Ciência da Computação"",""vagas_regular"":3,""vagas_vestibulando"":0,""vagas"":3,""inscritos_regular"":2,""inscritos_vestibulando"":0,""inscritos"":2},{""codigo_curso"":""37"",""curso"":""Engenharia Civil"",""vagas_regular"":7,""vagas_vestibulando"":0,""vagas"":7,""inscritos_regular"":4,""inscritos_vestibulando"":0,""inscritos"":4},{""codigo_curso"":""38"",""curso"":""Engenharia Elétrica"",""vagas_regular"":8,""vagas_vestibulando"":0,""vagas"":8,""inscritos_regular"":6,""inscritos_vestibulando"":0,""inscritos"":6},{""codigo_curso"":""40"",""curso"":""Engenharia Mecânica"",""vagas_regular"":2,""vagas_vestibulando"":1,""vagas"":3,""inscritos_regular"":2,""inscritos_vestibulando"":1,""inscritos"":3},{""codigo_curso"":""41"",""curso"":""Engenharia de Telecomunicações"",""vagas_regular"":14,""vagas_vestibulando"":0,""vagas"":14,""inscritos_regular"":5,""inscritos_vestibulando"":0,""inscritos"":5},{""codigo_curso"":""42"",""curso"":""Engenharia de Produção"",""vagas_regular"":6,""vagas_vestibulando"":0,""vagas"":6,""inscritos_regular"":0,""inscritos_vestibulando"":0,""inscritos"":0},{""codigo_curso"":""43"",""curso"":""Engenharia Agrícola e Ambiental"",""vagas_regular"":6,""vagas_vestibulando"":0,""vagas"":6,""inscritos_regular"":6,""inscritos_vestibulando"":0,""inscritos"":6},{""codigo_curso"":""51"",""curso"":""Engenharia de Petróleo"",""vagas_regular"":5,""vagas_vestibulando"":0,""vagas"":5,""inscritos_regular"":1,""inscritos_vestibulando"":0,""inscritos"":1},{""codigo_curso"":""56"",""curso"":""Eng. de Recursos Hídricos e Meio Ambiente"",""vagas_regular"":7,""vagas_vestibulando"":0,""vagas"":7,""inscritos_regular"":5,""inscritos_vestibulando"":0,""inscritos"":5},{""codigo_curso"":""82"",""curso"":""Física(Pádua)"",""vagas_regular"":1,""vagas_vestibulando"":0,""vagas"":1,""inscritos_regular"":1,""inscritos_vestibulando"":0,""inscritos"":1}]",9,False,
2026-1,GFI00158,FÍSICA I,CC,,B3,/graduacao/quadrodehorarios/turmas/100000444729,Ter 11:00-13:00; Qui 11:00-13:00; Sab 08:00-10:00,"[{""codigo_curso"":""41"",""curso"":""Engenharia de Telecomunicações"",""vagas_regular"":12,""vagas_vestibulando"":0,""vagas"":12,""inscritos_regular"":11,""inscritos_vestibulando"":0,""inscritos"":11},{""codigo_curso"":""51"",""curso"":""Engenharia de Petróleo"",""vagas_regular"":11,""vagas_vestibulando"":0,""vagas"":11,""inscritos_regular"":11,""inscritos_vestibulando"":0,""inscritos"":11},{""codigo_curso"":""42"",""curso"":""Engenharia de Produção"",""vagas_regular"":4,""vagas_vestibulando"":0,""vagas"":4,""inscritos_regular"":3,""inscritos_vestibulando"":0,""inscritos"":3},{""codigo_curso"":""56"",""curso"":""Eng. de Recursos Hídricos e Meio Ambiente"",""vagas_regular"":8,""vagas_vestibulando"":0,""vagas"":8,""inscritos_regular"":6,""inscritos_vestibulando"":0,""inscritos"":6},{""codigo_curso"":""40"",""curso"":""Engenharia Mecânica"",""vagas_regular"":6,""vagas_vestibulando"":0,""vagas"":6,""inscritos_regular"":6,""inscritos_vestibulando"":0,""inscritos"":6},{""codigo_curso"":""27"",""curso"":""Engenharia Química"",""vagas_regular"":3,""vagas_vestibulando"":0,""vagas"":3,""inscritos_regular"":3,""inscritos_vestibulando"":0,""inscritos"":3},{""codigo_curso"":""50"",""curso"":""Geofísica"",""vagas_regular"":2,""vagas_vestibulando"":0,""vagas"":2,""inscritos_regular"":2,""inscritos_vestibulando"":0,""inscritos"":2},{""codigo_curso"":""25"",""curso"":""Física"",""vagas_regular"":7,""vagas_vestibulando"":0,""vagas"":7,""inscritos_regular"":7,""inscritos_vestibulando"":0,""inscritos"":7},{""codigo_curso"":""43"",""curso"":""Engenharia Agrícola e Ambiental"",""vagas_regular"":15,""vagas_vestibulando"":0,""vagas"":15,""inscritos_regular"":14,""inscritos_vestibulando"":0,""inscritos"":14},{""codigo_curso"":""38"",""curso"":""Engenharia Elétrica"",""vagas_regular"":6,""vagas_vestibulando"":0,""vagas"":6,""inscritos_regular"":6,""inscritos_vestibulando"":0,""inscritos"":6},{""codigo_curso"":""31"",""curso"":""Ciência da Computação"",""vagas_regular"":1,""vagas_vestibulando"":0,""vagas"":1,""inscritos_regular"":0,""inscritos_vestibulando"":0,""inscritos"":0}]",9,False,
2026-1,GFI00158,FÍSICA I,CC,,C1,/graduacao/quadrodehorarios/turmas/100000444708,Qua 09:00-11:00; Sex 09:00-11:00; Sab 08:00-10:00,"[{""codigo_curso"":""56"",""curso"":""Eng. de Recursos Hídricos e Meio Ambiente"",""vagas_regular"":2,""vagas_vestibulando"":0,""vagas"":2,""inscritos_regular"":2,""inscritos_vestibulando"":0,""inscritos"":2},{""codigo_curso"":""43"",""curso"":""Engenharia Agrícola e Ambiental"",""vagas_regular"":3,""vagas_vestibulando"":0,""vagas"":3,""inscritos_regular"":2,""inscritos_vestibulando"":0,""inscritos"":2},{""codigo_curso"":""38"",""curso"":""Engenharia Elétrica"",""vagas_regular"":4,""vagas_vestibulando"":0,""vagas"":4,""inscritos_regular"":3,""inscritos_vestibulando"":0,""inscritos"":3},{""codigo_curso"":""20"",""curso"":""Matemática"",""vagas_regular"":1,""vagas_vestibulando"":1,""vagas"":2,""inscritos_regular"":1,""inscritos_vestibulando"":0,""inscritos"":1},{""codigo_curso"":""25"",""curso"":""Física"",""vagas_regular"":3,""vagas_vestibulando"":1,""vagas"":4,""inscritos_regular"":2,""inscritos_vestibulando"":0,""inscritos"":2},{""codigo_curso"":""28"",""curso"":""Química"",""vagas_regular"":4,""vagas_vestibulando"":0,""vagas"":4,""inscritos_regular"":0,""inscritos_vestibulando"":0,""inscritos"":0},{""codigo_curso"":""31"",""curso"":""Ciência da Computação"",""vagas_regular"":12,""vagas_vestibulando"":0,""vagas"":12,""inscritos_regular"":11,""inscritos_vestibulando"":0,""inscritos"":11},{""codigo_curso"":""37"",""curso"":""Engenharia Civil"",""vagas_regular"":6,""vagas_vestibulando"":0,""vagas"":6,""inscritos_regular"":5,""inscritos_vestibulando"":0,""inscritos"":5},{""codigo_curso"":""40"",""curso"":""Engenharia Mecânica"",""vagas_regular"":7,""vagas_vestibulando"":0,""vagas"":7,""inscritos_regular"":4,""inscritos_vestibulando"":0,""inscritos"":4},{""codigo_curso"":""41"",""curso"":""Engenharia de Telecomunicações"",""vagas_regular"":13,""vagas_vestibulando"":0,""vagas"":13,""inscritos_regular"":9,""inscritos_vestibulando"":0,""inscritos"":9},{""codigo_curso"":""42"",""curso"":""Engenharia de Produção"",""vagas_regular"":4,""vagas_vestibulando"":0,""vagas"":4,""inscritos_regular"":2,""inscritos_vestibulando"":1,""inscritos"":3},{""codigo_curso"":""50"",""curso"":""Geofísica"",""vagas_regular"":6,""vagas_vestibulando"":0,""vagas"":6,""inscritos_regular"":0,""inscritos_vestibulando"":0,""inscritos"":0},{""codigo_curso"":""27"",""curso"":""Engenharia Química"",""vagas_regular"":7,""vagas_vestibulando"":0,""vagas"":7,""inscritos_regular"":6,""inscritos_vestibulando"":0,""inscritos"":6},{""codigo_curso"":""29"",""curso"":""Química Industrial"",""vagas_regular"":1,""vagas_vestibulando"":0,""vagas"":1,""inscritos_regular"":0,""inscritos_vestibulando"":0,""inscritos"":0}]",9,False,
2026-1,GFI00158,FÍSICA I,CC,,C3,/graduacao/quadrodehorarios/turmas/100000444697,Qua 11:00-13:00; Sex 11:00-13:00; Sab 08:00-10:00,"[{""codigo_curso"":""50"",""curso"":""Geofísica"",""vagas_regular"":3,""vagas_vestibulando"":0,""vagas"":3,""inscritos_regular"":1,""inscritos_vestibulando"":0,""inscritos"":1},{""codigo_curso"":""20"",""curso"":""Matemática"",""vagas_regular"":3,""vagas_vestibulando"":0,""vagas"":3,""inscritos_regular"":1,""inscritos_vestibulando"":0,""inscritos"":1},{""codigo_curso"":""42"",""curso"":""Engenharia de Produção"",""vagas_regular"":8,""vagas_vestibulando"":0,""vagas"":8,""inscritos_regular"":8,""inscritos_vestibulando"":0,""inscritos"":8},{""codigo_curso"":""25"",""curso"":""Física"",""vagas_regular"":4,""vagas_vestibulando"":0,""vagas"":4,""inscritos_regular"":3,""inscritos_vestibulando"":0,""inscritos"":3},{""codigo_curso"":""37"",""curso"":""Engenharia Civil"",""vagas_regular"":4,""vagas_vestibulando"":0,""vagas"":4,""inscritos_regular"":3,""inscritos_vestibulando"":0,""inscritos"":3},{""codigo_curso"":""38"",""curso"":""Engenharia Elétrica"",""vagas_regular"":3,""vagas_vestibulando"":0,""vagas"":3,""inscritos_regular"":3,""inscritos_vestibulando"":0,""inscritos"":3},{""codigo_curso"":""40"",""curso"":""Engenharia Mecânica"",""vagas_regular"":28,""vagas_vestibulando"":0,""vagas"":28,""inscritos_regular"":27,""inscritos_vestibulando"":0,""inscritos"":27},{""codigo_curso"":""43"",""curso"":""Engenharia Agrícola e Ambiental"",""vagas_regular"":8,""vagas_vestibulando"":0,""vagas"":8,""inscritos_regular"":5,""inscritos_vestibulando"":0,""inscritos"":5},{""codigo_curso"":""51"",""curso"":""Engenharia de Petróleo"",""vagas_regular"":2,""vagas_vestibulando"":0,""vagas"":2,""inscritos_regular"":2,""inscritos_vestibulando"":0,""inscritos"":2},{""codigo_curso"":""56"",""curso"":""Eng. de Recursos Hídricos e Meio Ambiente"",""vagas_regular"":12,""vagas_vestibulando"":0,""vagas"":12,""inscritos_regular"":11,""inscritos_vestibulando"":0,""inscritos"":11},{""codigo_curso"":""31"",""curso"":""Ciência da Computação"",""vagas_regular"":1,""vagas_vestibulando"":0,""vagas"":1,""inscritos_regular"":1,""inscritos_vestibulando"":0,""inscritos"":1},{""codigo_curso"":""41"",""curso"":""Engenharia de Telecomunicações"",""vagas_regular"":1,""vagas_vestibulando"":0,""vagas"":1,""inscritos_regular"":0,""inscritos_vestibulando"":0,""inscritos"":0}]",9,False,
2026-1,GFI00158,FÍSICA I,CC,,F4,/graduacao/quadrodehorarios/turmas/100000444711,Seg 14:00-16:00; Qua 14:00-16:00; Sab 08:00-10:00,"[{""codigo_curso"":""40"",""curso"":""Engenharia Mecânica"",""vagas_regular"":1,""vagas_vestibulando"":0,""vagas"":1,""inscritos_regular"":1,""inscritos_vestibulando"":0,""inscritos"":1},{""codigo_curso"":""43"",""curso"":""Engenharia Agrícola e Ambiental"",""vagas_regular"":3,""vagas_vestibulando"":0,""vagas"":3,""inscritos_regular"":3,""inscritos_vestibulando"":0,""inscritos"":3},{""codigo_curso"":""37"",""curso"":""Engenharia Civil"",""vagas_regular"":10,""vagas_vestibulando"":0,""vagas"":10,""inscritos_regular"":9,""inscritos_vestibulando"":0,""inscritos"":9},{""codigo_curso"":""38"",""curso"":""Engenharia Elétrica"",""vagas_regular"":4,""vagas_vestibulando"":1,""vagas"":5,""inscritos_regular"":4,""inscritos_vestibulando"":1,""inscritos"":5},{""codigo_curso"":""27"",""curso"":""Engenharia Química"",""vagas_regular"":14,""vagas_vestibulando"":0,""vagas"":14,""inscritos_regular"":11,""inscritos_vestibulando"":0,""inscritos"":11},{""codigo_curso"":""56"",""curso"":""Eng. de Recursos Hídricos e Meio Ambiente"",""vagas_regular"":8,""vagas_vestibulando"":0,""vagas"":8,""inscritos_regular"":7,""inscritos_vestibulando"":0,""inscritos"":7},{""codigo_curso"":""31"",""curso"":""Ciência da Computação"",""vagas_regular"":19,""vagas_vestibulando"":0,""vagas"":19,""inscritos_regular"":17,""inscritos_vestibulando"":0,""inscritos"":17},{""codigo_curso"":""28"",""curso"":""Química"",""vagas_regular"":4,""vagas_vestibulando"":0,""vagas"":4,""inscritos_regular"":4,""inscritos_vestibulando"":0,""inscritos"":4},{""codigo_curso"":""29"",""curso"":""Química Industrial"",""vagas_regular"":2,""vagas_vestibulando"":0,""vagas"":2,""inscritos_regular"":0,""inscritos_vestibulando"":0,""inscritos"":0},{""codigo_curso"":""41"",""curso"":""Engenharia de Telecomunicações"",""vagas_regular"":6,""vagas_vestibulando"":0,""vagas"":6,""inscritos_regular"":6,""inscritos_vestibulando"":0,""inscritos"":6},{""codigo_curso"":""42"",""curso"":""Engenharia de Produção"",""vagas_regular"":3,""vagas_vestibulando"":0,""vagas"":3,""inscritos_regular"":1,""inscritos_vestibulando"":0,""inscritos"":1}]",9,False,
2026-1,GFI00158,FÍSICA I,CC,,H3,/graduacao/quadrodehorarios/turmas/100000444686,Qua 11:00-13:00; Sex 11:00-13:00; Sab 08:00-10:00,"[{""codigo_curso"":""43"",""curso"":""Engenharia Agrícola e Ambiental"",""vagas_regular"":2,""vagas_vestibulando"":0,""vagas"":2,""inscritos_regular"":0,""inscritos_vestibulando"":0,""inscritos"":0},{""codigo_curso"":""51"",""curso"":""Engenharia de Petróleo"",""vagas_regular"":2,""vagas_vestibulando"":0,""vagas"":2,""inscritos_regular"":1,""inscritos_vestibulando"":0,""inscritos"":1},{""codigo_curso"":""27"",""curso"":""Engenharia Química"",""vagas_regular"":8,""vagas_vestibulando"":0,""vagas"":8,""inscritos_regular"":4,""inscritos_vestibulando"":0,""inscritos"":4},{""codigo_curso"":""28"",""curso"":""Química"",""vagas_regular"":4,""vagas_vestibulando"":0,""vagas"":4,""inscritos_regular"":1,""inscritos_vestibulando"":0,""inscritos"":1},{""codigo_curso"":""29"",""curso"":""Química Industrial"",""vagas_regular"":7,""vagas_vestibulando"":0,""vagas"":7,""inscritos_regular"":1,""inscritos_vestibulando"":0,""inscritos"":1},{""codigo_curso"":""31"",""curso"":""Ciência da Computação"",""vagas_regular"":6,""vagas_vestibulando"":0,""vagas"":6,""inscritos_regular"":3,""inscritos_vestibulando"":0,""inscritos"":3},{""codigo_curso"":""37"",""curso"":""Engenharia Civil"",""vagas_regular"":5,""vagas_vestibulando"":0,""vagas"":5,""inscritos_regular"":0,""inscritos_vestibulando"":0,""inscritos"":0},{""codigo_curso"":""38"",""curso"":""Engenharia Elétrica"",""vagas_regular"":1,""vagas_vestibulando"":0,""vagas"":1,""inscritos_regular"":0,""inscritos_vestibulando"":0,""inscritos"":0},{""codigo_curso"":""40"",""curso"":""Engenharia Mecânica"",""vagas_regular"":10,""vagas_vestibulando"":0,""vagas"":10,""inscritos_regular"":6,""inscritos_vestibulando"":0,""inscritos"":6},{""codigo_curso"":""42"",""curso"":""Engenharia de Produção"",""vagas_regular"":1,""vagas_vestibulando"":0,""vagas"":1,""inscritos_regular"":0,""inscritos_vestibulando"":0,""inscritos"":0},{""codigo_curso"":""50"",""curso"":""Geofísica"",""vagas_regular"":3,""vagas_vestibulando"":0,""vagas"":3,""inscritos_regular"":1,""inscritos_vestibulando"":0,""inscritos"":1},{""codigo_curso"":""56"",""curso"":""Eng. de Recursos Hídricos e Meio Ambiente"",""vagas_regular"":5,""vagas_vestibulando"":0,""vagas"":5,""inscritos_regular"":1,""inscritos_vestibulando"":0,""inscritos"":1},{""codigo_curso"":""41"",""curso"":""Engenharia de Telecomunicações"",""vagas_regular"":2,""vagas_vestibulando"":0,""vagas"":2,""inscritos_regular"":1,""inscritos_vestibulando"":0,""inscritos"":1}]",9,False,
2026-1,GFI00159,FÍSICA II,CC,,A5,/graduacao/quadrodehorarios/turmas/100000444683,Seg 16:00-18:00; Qua 16:00-18:00; Sab 11:00-13:00,"[{""codigo_curso"":""25"",""curso"":""Física"",""vagas_regular"":7,""vagas_vestibulando"":1,""vagas"":8,""inscritos_regular"":5,""inscritos_vestibulando"":1,""inscritos"":6},{""codigo_curso"":""27"",""curso"":""Engenharia Química"",""vagas_regular"":7,""vagas_vestibulando"":0,""vagas"":7,""inscritos_regular"":6,""inscritos_vestibulando"":0,""inscritos"":6},{""codigo_curso"":""28"",""curso"":""Química"",""vagas_regular"":8,""vagas_vestibulando"":0,""vagas"":8,""inscritos_regular"":3,""inscritos_vestibulando"":0,""inscritos"":3},{""codigo_curso"":""29"",""curso"":""Química Industrial"",""vagas_regular"":8,""vagas_vestibulando"":0,""vagas"":8,""inscritos_regular"":3,""inscritos_vestibulando"":0,""inscritos"":3},{""codigo_curso"":""31"",""curso"":""Ciência da Computação"",""vagas_regular"":2,""vagas_vestibulando"":0,""vagas"":2,""inscritos_regular"":1,""inscritos_vestibulando"":0,""inscritos"":1},{""codigo_curso"":""37"",""curso"":""Engenharia Civil"",""vagas_regular"":7,""vagas_vestibulando"":0,""vagas"":7,""inscritos_regular"":1,""inscritos_vestibulando"":0,""inscritos"":1},{""codigo_curso"":""38"",""curso"":""Engenharia Elétrica"",""vagas_regular"":8,""vagas_vestibulando"":0,""vagas"":8,""inscritos_regular"":8,""inscritos_vestibulando"":0,""inscritos"":8},{""codigo_curso"":""41"",""curso"":""Engenharia de Telecomunicações"",""vagas_regular"":4,""vagas_vestibulando"":0,""vagas"":4,""inscritos_regular"":4,""inscritos_vestibulando"":0,""inscritos"":4},{""codigo_curso"":""42"",""curso"":""Engenharia de Produção"",""vagas_regular"":4,""vagas_vestibulando"":0,""vagas"":4,""inscritos_regular"":4,""inscritos_vestibulando"":0,""inscritos"":4},{""codigo_curso"":""43"",""curso"":""Engenharia Agrícola e Ambiental"",""vagas_regular"":5,""vagas_vestibulando"":0,""vagas"":5,""inscritos_regular"":2,""inscritos_vestibulando"":0,""inscritos"":2},{""codigo_curso"":""51"",""curso"":""Engenharia de Petróleo"",""vagas_regular"":2,""vagas_vestibulando"":0,""vagas"":2,""inscritos_regular"":1,""inscritos_vestibulando"":0,""inscritos"":1},{""codigo_curso"":""56"",""curso"":""Eng. de Recursos Hídricos e Meio Ambiente"",""vagas_regular"":5,""vagas_vestibulando"":0,""vagas"":5,""inscritos_regular"":4,""inscritos_vestibulando"":0,""inscritos"":4},{""codigo_curso"":""40"",""curso"":""Engenharia Mecânica"",""vagas_regular"":2,""vagas_vestibulando"":0,""vagas"":2,""inscritos_regular"":1,""inscritos_vestibulando"":0,""inscritos"":1},{""codigo_curso"":""50"",""curso"":""Geofísica"",""vagas_regular"":1,""vagas_vestibulando"":0,""vagas"":1,""inscritos_regular"":0,""inscritos_vestibulando"":0,""inscritos"":0}]",2,False,
2026-1,GFI00159,FÍSICA II,CC,,A6,/graduacao/quadrodehorarios/turmas/100000444700,Seg 18:00-20:00; Qua 18:00-20:00; Sab 11:00-13:00,"[{""codigo_curso"":""20"",""curso"":""Matemática"",""vagas_regular"":1,""vagas_vestibulando"":0,""vagas"":1,""inscritos_regular"":0,""inscritos_vestibulando"":0,""inscritos"":0},{""codigo_curso"":""25"",""curso"":""Física"",""vagas_regular"":4,""vagas_vestibulando"":0,""vagas"":4,""inscritos_regular"":3,""inscritos_vestibulando"":0,""inscritos"":3},{""codigo_curso"":""28"",""curso"":""Química"",""vagas_regular"":4,""vagas_vestibulando"":0,""vagas"":4,""inscritos_regular"":3,""inscritos_vestibulando"":0,""inscritos"":3},{""codigo_curso"":""29"",""curso"":""Química Industrial"",""vagas_regular"":2,""vagas_vestibulando"":0,""vagas"":2,""inscritos_regular"":0,""inscritos_vestibulando"":0,""inscritos"":0},{""codigo_curso"":""31"",""curso"":""Ciência da Computação"",""vagas_regular"":1,""vagas_vestibulando"":0,""vagas"":1,""inscritos_regular"":0,""inscritos_vestibulando"":0,""inscritos"":0},{""codigo_curso"":""37"",""curso"":""Engenharia Civil"",""vagas_regular"":4,""vagas_vestibulando"":0,""vagas"":4,""inscritos_regular"":3,""inscritos_vestibulando"":0,""inscritos"":3},{""codigo_curso"":""38"",""curso"":""Engenharia Elétrica"",""vagas_regular"":7,""vagas_vestibulando"":0,""vagas"":7,""inscritos_regular"":3,""inscritos_vestibulando"":0,""inscritos"":3},{""codigo_curso"":""40"",""curso"":""Engenharia Mecânica"",""vagas_regular"":3,""vagas_vestibulando"":0,""vagas"":3,""inscritos_regular"":1,""inscritos_vestibulando"":0,""inscritos"":1},{""codigo_curso"":""41"",""curso"":""Engenharia de Telecomunicações"",""vagas_regular"":6,""vagas_vestibulando"":1,""vagas"":7,""inscritos_regular"":5,""inscritos_vestibulando"":1,""inscritos"":6},{""codigo_curso"":""42"",""curso"":""Engenharia de Produção"",""vagas_regular"":10,""vagas_vestibulando"":2,""vagas"":12,""inscritos_regular"":3,""inscritos_vestibulando"":1,""inscritos"":4},{""codigo_curso"":""43"",""curso"":""Engenharia Agrícola e Ambiental"",""vagas_regular"":6,""vagas_vestibulando"":0,""vagas"":6,""inscritos_regular"":2,""inscritos_vestibulando"":0,""inscritos"":2},{""codigo_curso"":""50"",""curso"":""Geofísica"",""vagas_regular"":7,""vagas_vestibulando"":1,""vagas"":8,""inscritos_regular"":5,""inscritos_vestibulando"":1,""inscritos"":6},{""codigo_curso"":""51"",""curso"":""Engenharia de Petróleo"",""vagas_regular"":3,""vagas_vestibulando"":0,""vagas"":3,""inscritos_regular"":0,""inscritos_vestibulando"":0,""inscritos"":0},{""codigo_curso"":""56"",""curso"":""Eng. de Recursos Hídricos e Meio Ambiente"",""vagas_regular"":9,""vagas_vestibulando"":0,""vagas"":9,""inscritos_regular"":4,""inscritos_vestibulando"":0,""inscritos"":4},{""codigo_curso"":""27"",""curso"":""Engenharia Química"",""vagas_regular"":6,""vagas_vestibulando"":0,""vagas"":6,""inscritos_regular"":6,""inscritos_vestibulando"":0,""inscritos"":6}]",2,False,
2026-1,GFI00161,FÍSICA EXPERIMENTAL I,CC,,AG,/graduacao/quadrodehorarios/turmas/100000444754,Seg 18:00-20:00,"[{""codigo_curso"":""25"",""curso"":""Física"",""vagas_regular"":4,""vagas_vestibulando"":0,""vagas"":4,""inscritos_regular"":3,""inscritos_vestibulando"":0,""inscritos"":3},{""codigo_curso"":""41"",""curso"":""Engenharia de Telecomunicações"",""vagas_regular"":5,""vagas_vestibulando"":0,""vagas"":5,""inscritos_regular"":5,""inscritos_vestibulando"":0,""inscritos"":5},{""codigo_curso"":""40"",""curso"":""Engenharia Mecânica"",""vagas_regular"":1,""vagas_vestibulando"":0,""vagas"":1,""inscritos_regular"":1,""inscritos_vestibulando"":0,""inscritos"":1},{""codigo_curso"":""20"",""curso"":""Matemática"",""vagas_regular"":1,""vagas_vestibulando"":0,""vagas"":1,""inscritos_regular"":1,""inscritos_vestibulando"":0,""inscritos"":1},{""codigo_curso"":""31"",""curso"":""Ciência da Computação"",""vagas_regular"":1,""vagas_vestibulando"":0,""vagas"":1,""inscritos_regular"":1,""inscritos_vestibulando"":0,""inscritos"":1},{""codigo_curso"":""37"",""curso"":""Engenharia Civil"",""vagas_regular"":6,""vagas_vestibulando"":0,""vagas"":6,""inscritos_regular"":6,""inscritos_vestibulando"":0,""inscritos"":6},{""codigo_curso"":""42"",""curso"":""Engenharia de Produção"",""vagas_regular"":4,""vagas_vestibulando"":0,""vagas"":4,""inscritos_regular"":3,""inscritos_vestibulando"":0,""inscritos"":3},{""codigo_curso"":""43"",""curso"":""Engenharia Agrícola e Ambiental"",""vagas_regular"":2,""vagas_vestibulando"":0,""vagas"":2,""inscritos_regular"":2,""inscritos_vestibulando"":0,""inscritos"":2}]",5,False,
2026-1,GFI00161,FÍSICA EXPERIMENTAL I,CC,,DE,/graduacao/quadrodehorarios/turmas/100000444784,Qui 14:00-16:00,"[{""codigo_curso"":""43"",""curso"":""Engenharia Agrícola e Ambiental"",""vagas_regular"":1,""vagas_vestibulando"":0,""vagas"":1,""inscritos_regular"":1,""inscritos_vestibulando"":0,""inscritos"":1},{""codigo_curso"":""40"",""curso"":""Engenharia Mecânica"",""vagas_regular"":3,""vagas_vestibulando"":0,""vagas"":3,""inscritos_regular"":3,""inscritos_vestibulando"":0,""inscritos"":3},{""codigo_curso"":""51"",""curso"":""Engenharia de Petróleo"",""vagas_regular"":2,""vagas_vestibulando"":0,""vagas"":2,""inscritos_regular"":2,""inscritos_vestibulando"":0,""inscritos"":2},{""codigo_curso"":""25"",""curso"":""Física"",""vagas_regular"":4,""vagas_vestibulando"":0,""vagas"":4,""inscritos_regular"":3,""inscritos_vestibulando"":0,""inscritos"":3},{""codigo_curso"":""27"",""curso"":""Engenharia Química"",""vagas_regular"":3,""vagas_vestibulando"":0,""vagas"":3,""inscritos_regular"":2,""inscritos_vestibulando"":0,""inscritos"":2},{""codigo_curso"":""31"",""curso"":""Ciência da Computação"",""vagas_regular"":6,""vagas_vestibulando"":0,""vagas"":6,""inscritos_regular"":6,""inscritos_vestibulando"":0,""inscritos"":6},{""codigo_curso"":""41"",""curso"":""Engenharia de Telecomunicações"",""vagas_regular"":4,""vagas_vestibulando"":0,""vagas"":4,""inscritos_regular"":4,""inscritos_vestibulando"":0,""inscritos"":4},{""codigo_curso"":""37"",""curso"":""Engenharia Civil"",""vagas_regular"":1,""vagas_vestibulando"":0,""vagas"":1,""inscritos_regular"":0,""inscritos_vestibulando"":0,""inscritos"":0}]",5,False,
2026-1,GFI00161,FÍSICA EXPERIMENTAL I,CC,,DF,/graduacao/quadrodehorarios/turmas/100000444753,Qui 16:00-18:00,"[{""codigo_curso"":""41"",""curso"":""Engenharia de Telecomunicações"",""vagas_regular"":4,""vagas_vestibulando"":0,""vagas"":4,""inscritos_regular"":4,""inscritos_vestibulando"":0,""inscritos"":4},{""codigo_curso"":""25"",""curso"":""Física"",""vagas_regular"":3,""vagas_vestibulando"":0,""vagas"":3,""inscritos_regular"":3,""inscritos_vestibulando"":0,""inscritos"":3},{""codigo_curso"":""31"",""curso"":""Ciência da Computação"",""vagas_regular"":1,""vagas_vestibulando"":0,""vagas"":1,""inscritos_regular"":1,""inscritos_vestibulando"":0,""inscritos"":1},{""codigo_curso"":""40"",""curso"":""Engenharia Mecânica"",""vagas_regular"":4,""vagas_vestibulando"":0,""vagas"":4,""inscritos_regular"":4,""inscritos_vestibulando"":0,""inscritos"":4},{""codigo_curso"":""42"",""curso"":""Engenharia de Produção"",""vagas_regular"":8,""vagas_vestibulando"":0,""vagas"":8,""inscritos_regular"":6,""inscritos_vestibulando"":0,""inscritos"":6},{""codigo_curso"":""43"",""curso"":""Engenharia Agrícola e Ambiental"",""vagas_regular"":4,""vagas_vestibulando"":0,""vagas"":4,""inscritos_regular"":4,""inscritos_vestibulando"":0,""inscritos"":4}]",5,False,
2026-1,GFI00161,FÍSICA EXPERIMENTAL I,CC,,HF,/graduacao/quadrodehorarios/turmas/100000444763,Qua 16:00-18:00,"[{""codigo_curso"":""38"",""curso"":""Engenharia Elétrica"",""vagas_regular"":1,""vagas_vestibulando"":0,""vagas"":1,""inscritos_regular"":1,""inscritos_vestibulando"":0,""inscritos"":1},{""codigo_curso"":""56"",""curso"":""Eng. de Recursos Hídricos e Meio Ambiente"",""vagas_regular"":3,""vagas_vestibulando"":0,""vagas"":3,""inscritos_regular"":3,""inscritos_vestibulando"":0,""inscritos"":3},{""codigo_curso"":""37"",""curso"":""Engenharia Civil"",""vagas_regular"":5,""vagas_vestibulando"":0,""vagas"":5,""inscritos_regular"":5,""inscritos_vestibulando"":0,""inscritos"":5},{""codigo_curso"":""27"",""curso"":""Engenharia Química"",""vagas_regular"":5,""vagas_vestibulando"":0,""vagas"":5,""inscritos_regular"":5,""inscritos_vestibulando"":0,""inscritos"":5},{""codigo_curso"":""43"",""curso"":""Engenharia Agrícola e Ambiental"",""vagas_regular"":6,""vagas_vestibulando"":0,""vagas"":6,""inscritos_regular"":6,""inscritos_vestibulando"":0,""inscritos"":6},{""codigo_curso"":""51"",""curso"":""Engenharia de Petróleo"",""vagas_regular"":3,""vagas_vestibulando"":0,""vagas"":3,""inscritos_regular"":3,""inscritos_vestibulando"":0,""inscritos"":3},{""codigo_curso"":""31"",""curso"":""Ciência da Computação"",""vagas_regular"":1,""vagas_vestibulando"":0,""vagas"":1,""inscritos_regular"":1,""inscritos_vestibulando"":0,""inscritos"":1}]",5,False,
2026-1,GFI00161,FÍSICA EXPERIMENTAL I,CC,,IF,/graduacao/quadrodehorarios/turmas/100000444752,Qui 16:00-18:00,"[{""codigo_curso"":""51"",""curso"":""Engenharia de Petróleo"",""vagas_regular"":1,""vagas_vestibulando"":0,""vagas"":1,""inscritos_regular"":1,""inscritos_vestibulando"":0,""inscritos"":1},{""codigo_curso"":""43"",""curso"":""Engenharia Agrícola e Ambiental"",""vagas_regular"":4,""vagas_vestibulando"":0,""vagas"":4,""inscritos_regular"":4,""inscritos_vestibulando"":0,""inscritos"":4},{""codigo_curso"":""41"",""curso"":""Engenharia de Telecomunicações"",""vagas_regular"":3,""vagas_vestibulando"":0,""vagas"":3,""inscritos_regular"":3,""inscritos_vestibulando"":0,""inscritos"":3},{""codigo_curso"":""27"",""curso"":""Engenharia Química"",""vagas_regular"":3,""vagas_vestibulando"":0,""vagas"":3,""inscritos_regular"":3,""inscritos_vestibulando"":0,""inscritos"":3},{""codigo_curso"":""38"",""curso"":""Engenharia Elétrica"",""vagas_regular"":1,""vagas_vestibulando"":0,""vagas"":1,""inscritos_regular"":1,""inscritos_vestibulando"":0,""inscritos"":1},{""codigo_curso"":""42"",""curso"":""Engenharia de Produção"",""vagas_regular"":3,""vagas_vestibulando"":0,""vagas"":3,""inscritos_regular"":3,""inscritos_vestibulando"":0,""inscritos"":3},{""codigo_curso"":""56"",""curso"":""Eng. de Recursos Hídricos e Meio Ambiente"",""vagas_regular"":5,""vagas_vestibulando"":0,""vagas"":5,""inscritos_regular"":3,""inscritos_vestibulando"":0,""inscritos"":3},{""codigo_curso"":""25"",""curso"":""Física"",""vagas_regular"":0,""vagas_vestibulando"":2,""vagas"":2,""inscritos_regular"":0,""inscritos_vestibulando"":1,""inscritos"":1},{""codigo_curso"":""31"",""curso"":""Ciência da Computação"",""vagas_regular"":2,""vagas_vestibulando"":0,""vagas"":2,""inscritos_regular"":2,""inscritos_vestibulando"":0,""inscritos"":2}]",5,False,
2026-1,GGM00137,FUNDAMENTOS DE CÁLCULO E GEOMETRIA,CC,,A9,/graduacao/quadrodehorarios/turmas/100000447287,Seg 09:00-11:00; Qua 09:00-11:00,"[{""codigo_curso"":""31"",""curso"":""Ciência da Computação"",""vagas_regular"":5,""vagas_vestibulando"":1,""vagas"":6,""inscritos_regular"":3,""inscritos_vestibulando"":1,""inscritos"":4},{""codigo_curso"":""42"",""curso"":""Engenharia de Produção"",""vagas_regular"":5,""vagas_vestibulando"":0,""vagas"":5,""inscritos_regular"":4,""inscritos_vestibulando"":0,""inscritos"":4},{""codigo_curso"":""56"",""curso"":""Eng. de Recursos Hídricos e Meio Ambiente"",""vagas_regular"":5,""vagas_vestibulando"":0,""vagas"":5,""inscritos_regular"":0,""inscritos_vestibulando"":0,""inscritos"":0},{""codigo_curso"":""50"",""curso"":""Geofísica"",""vagas_regular"":5,""vagas_vestibulando"":0,""vagas"":5,""inscritos_regular"":2,""inscritos_vestibulando"":0,""inscritos"":2},{""codigo_curso"":""43"",""curso"":""Engenharia Agrícola e Ambiental"",""vagas_regular"":6,""vagas_vestibulando"":0,""vagas"":6,""inscritos_regular"":3,""inscritos_vestibulando"":0,""inscritos"":3},{""codigo_curso"":""27"",""curso"":""Engenharia Química"",""vagas_regular"":5,""vagas_vestibulando"":0,""vagas"":5,""inscritos_regular"":1,""inscritos_vestibulando"":0,""inscritos"":1},{""codigo_curso"":""41"",""curso"":""Engenharia de Telecomunicações"",""vagas_regular"":5,""vagas_vestibulando"":0,""vagas"":5,""inscritos_regular"":3,""inscritos_vestibulando"":0,""inscritos"":3},{""codigo_curso"":""38"",""curso"":""Engenharia Elétrica"",""vagas_regular"":7,""vagas_vestibulando"":0,""vagas"":7,""inscritos_regular"":5,""inscritos_vestibulando"":0,""inscritos"":5},{""codigo_curso"":""40"",""curso"":""Engenharia Mecânica"",""vagas_regular"":5,""vagas_vestibulando"":0,""vagas"":5,""inscritos_regular"":1,""inscritos_vestibulando"":0,""inscritos"":1},{""codigo_curso"":""37"",""curso"":""Engenharia Civil"",""vagas_regular"":7,""vagas_vestibulando"":0,""vagas"":7,""inscritos_regular"":7,""inscritos_vestibulando"":0,""inscritos"":7},{""codigo_curso"":""51"",""curso"":""Engenharia de Petróleo"",""vagas_regular"":5,""vagas_vestibulando"":0,""vagas"":5,""inscritos_regular"":1,""inscritos_vestibulando"":0,""inscritos"":1}]",9,False,
2026-1,GGM00137,FUNDAMENTOS DE CÁLCULO E GEOMETRIA,CC;SI,,B8,/graduacao/quadrodehorarios/turmas/100000451409,Seg 11:00-13:00; Qua 11:00-13:00,"[{""codigo_curso"":""40"",""curso"":""Engenharia Mecânica"",""vagas_regular"":5,""vagas_vestibulando"":0,""vagas"":5,""inscritos_regular"":3,""inscritos_vestibulando"":0,""inscritos"":3},{""codigo_curso"":""38"",""curso"":""Engenharia Elétrica"",""vagas_regular"":5,""vagas_vestibulando"":0,""vagas"":5,""inscritos_regular"":0,""inscritos_vestibulando"":0,""inscritos"":0},{""codigo_curso"":""31"",""curso"":""Ciência da Computação"",""vagas_regular"":5,""vagas_vestibulando"":0,""vagas"":5,""inscritos_regular"":0,""inscritos_vestibulando"":0,""inscritos"":0},{""codigo_curso"":""41"",""curso"":""Engenharia de Telecomunicações"",""vagas_regular"":5,""vagas_vestibulando"":0,""vagas"":5,""inscritos_regular"":0,""inscritos_vestibulando"":0,""inscritos"":0},{""codigo_curso"":""37"",""curso"":""Engenharia Civil"",""vagas_regular"":5,""vagas_vestibulando"":0,""vagas"":5,""inscritos_regular"":2,""inscritos_vestibulando"":0,""inscritos"":2},{""codigo_curso"":""56"",""curso"":""Eng. de Recursos Hídricos e Meio Ambiente"",""vagas_regular"":5,""vagas_vestibulando"":0,""vagas"":5,""inscritos_regular"":0,""inscritos_vestibulando"":0,""inscritos"":0},{""codigo_curso"":""42"",""curso"":""Engenharia de Produção"",""vagas_regular"":5,""vagas_vestibulando"":0,""vagas"":5,""inscritos_regular"":0,""inscritos_vestibulando"":0,""inscritos"":0},{""codigo_curso"":""43"",""curso"":""Engenharia Agrícola e Ambiental"",""vagas_regular"":5,""vagas_vestibulando"":0,""vagas"":5,""inscritos_regular"":1,""inscritos_vestibulando"":0,""inscritos"":1},{""codigo_curso"":""51"",""curso"":""Engenharia de Petróleo"",""vagas_regular"":5,""vagas_vestibulando"":0,""vagas"":5,""inscritos_regular"":0,""inscritos_vestibulando"":0,""inscritos"":0},{""codigo_curso"":""27"",""curso"":""Engenharia Química"",""vagas_regular"":5,""vagas_vestibulando"":0,""vagas"":5,""inscritos_regular"":0,""inscritos_vestibulando"":0,""inscritos"":0},{""codigo_curso"":""83"",""curso"":""Sistemas de Informação"",""vagas_regular"":5,""vagas_vestibulando"":0,""vagas"":5,""inscritos_regular"":0,""inscritos_vestibulando"":0,""inscritos"":0}]",9,False,
2026-1,GGM00137,FUNDAMENTOS DE CÁLCULO E GEOMETRIA,CC,,B9,/graduacao/quadrodehorarios/turmas/100000447285,Seg 11:00-13:00; Qua 11:00-13:00,"[{""codigo_curso"":""41"",""curso"":""Engenharia de Telecomunicações"",""vagas_regular"":8,""vagas_vestibulando"":0,""vagas"":8,""inscritos_regular"":6,""inscritos_vestibulando"":0,""inscritos"":6},{""codigo_curso"":""38"",""curso"":""Engenharia Elétrica"",""vagas_regular"":1,""vagas_vestibulando"":0,""vagas"":1,""inscritos_regular"":1,""inscritos_vestibulando"":0,""inscritos"":1},{""codigo_curso"":""56"",""curso"":""Eng. de Recursos Hídricos e Meio Ambiente"",""vagas_regular"":3,""vagas_vestibulando"":0,""vagas"":3,""inscritos_regular"":2,""inscritos_vestibulando"":0,""inscritos"":2},{""codigo_curso"":""42"",""curso"":""Engenharia de Produção"",""vagas_regular"":4,""vagas_vestibulando"":0,""vagas"":4,""inscritos_regular"":1,""inscritos_vestibulando"":0,""inscritos"":1},{""codigo_curso"":""31"",""curso"":""Ciência da Computação"",""vagas_regular"":9,""vagas_vestibulando"":1,""vagas"":10,""inscritos_regular"":8,""inscritos_vestibulando"":0,""inscritos"":8},{""codigo_curso"":""40"",""curso"":""Engenharia Mecânica"",""vagas_regular"":3,""vagas_vestibulando"":0,""vagas"":3,""inscritos_regular"":3,""inscritos_vestibulando"":0,""inscritos"":3},{""codigo_curso"":""37"",""curso"":""Engenharia Civil"",""vagas_regular"":9,""vagas_vestibulando"":0,""vagas"":9,""inscritos_regular"":8,""inscritos_vestibulando"":0,""inscritos"":8},{""codigo_curso"":""43"",""curso"":""Engenharia Agrícola e Ambiental"",""vagas_regular"":8,""vagas_vestibulando"":0,""vagas"":8,""inscritos_regular"":5,""inscritos_vestibulando"":0,""inscritos"":5},{""codigo_curso"":""51"",""curso"":""Engenharia de Petróleo"",""vagas_regular"":5,""vagas_vestibulando"":0,""vagas"":5,""inscritos_regular"":5,""inscritos_vestibulando"":0,""inscritos"":5},{""codigo_curso"":""27"",""curso"":""Engenharia Química"",""vagas_regular"":1,""vagas_vestibulando"":0,""vagas"":1,""inscritos_regular"":1,""inscritos_vestibulando"":0,""inscritos"":1},{""codigo_curso"":""50"",""curso"":""Geofísica"",""vagas_regular"":1,""vagas_vestibulando"":0,""vagas"":1,""inscritos_regular"":1,""inscritos_vestibulando"":0,""inscritos"":1}]",9,False,
2026-1,GGM00137,FUNDAMENTOS DE CÁLCULO E GEOMETRIA,SI,,D1,/graduacao/quadrodehorarios/turmas/100000447248,Seg 16:00-18:00; Qua 16:00-18:00,"[{""codigo_curso"":""37"",""curso"":""Engenharia Civil"",""vagas_regular"":5,""vagas_vestibulando"":45,""vagas"":50,""inscritos_regular"":5,""inscritos_vestibulando"":41,""inscritos"":46},{""codigo_curso"":""40"",""curso"":""Engenharia Mecânica"",""vagas_regular"":3,""vagas_vestibulando"":0,""vagas"":3,""inscritos_regular"":1,""inscritos_vestibulando"":0,""inscritos"":1},{""codigo_curso"":""56"",""curso"":""Eng. de Recursos Hídricos e Meio Ambiente"",""vagas_regular"":3,""vagas_vestibulando"":0,""vagas"":3,""inscritos_regular"":1,""inscritos_vestibulando"":0,""inscritos"":1},{""codigo_curso"":""27"",""curso"":""Engenharia Química"",""vagas_regular"":3,""vagas_vestibulando"":0,""vagas"":3,""inscritos_regular"":2,""inscritos_vestibulando"":0,""inscritos"":2},{""codigo_curso"":""83"",""curso"":""Sistemas de Informação"",""vagas_regular"":5,""vagas_vestibulando"":0,""vagas"":5,""inscritos_regular"":2,""inscritos_vestibulando"":0,""inscritos"":2},{""codigo_curso"":""38"",""curso"":""Engenharia Elétrica"",""vagas_regular"":4,""vagas_vestibulando"":0,""vagas"":4,""inscritos_regular"":4,""inscritos_vestibulando"":0,""inscritos"":4},{""codigo_curso"":""42"",""curso"":""Engenharia de Produção"",""vagas_regular"":5,""vagas_vestibulando"":0,""vagas"":5,""inscritos_regular"":4,""inscritos_vestibulando"":0,""inscritos"":4}]",9,False,
2026-1,GGM00137,FUNDAMENTOS DE CÁLCULO E GEOMETRIA,CC,,E9,/graduacao/quadrodehorarios/turmas/100000447277,Ter 09:00-11:00; Qui 09:00-11:00,"[{""codigo_curso"":""41"",""curso"":""Engenharia de Telecomunicações"",""vagas_regular"":5,""vagas_vestibulando"":0,""vagas"":5,""inscritos_regular"":3,""inscritos_vestibulando"":0,""inscritos"":3},{""codigo_curso"":""31"",""curso"":""Ciência da Computação"",""vagas_regular"":5,""vagas_vestibulando"":1,""vagas"":6,""inscritos_regular"":1,""inscritos_vestibulando"":0,""inscritos"":1},{""codigo_curso"":""27"",""curso"":""Engenharia Química"",""vagas_regular"":7,""vagas_vestibulando"":0,""vagas"":7,""inscritos_regular"":6,""inscritos_vestibulando"":0,""inscritos"":6},{""codigo_curso"":""37"",""curso"":""Engenharia Civil"",""vagas_regular"":5,""vagas_vestibulando"":0,""vagas"":5,""inscritos_regular"":2,""inscritos_vestibulando"":0,""inscritos"":2},{""codigo_curso"":""50"",""curso"":""Geofísica"",""vagas_regular"":5,""vagas_vestibulando"":0,""vagas"":5,""inscritos_regular"":0,""inscritos_vestibulando"":0,""inscritos"":0},{""codigo_curso"":""43"",""curso"":""Engenharia Agrícola e Ambiental"",""vagas_regular"":5,""vagas_vestibulando"":0,""vagas"":5,""inscritos_regular"":1,""inscritos_vestibulando"":0,""inscritos"":1},{""codigo_curso"":""42"",""curso"":""Engenharia de Produção"",""vagas_regular"":5,""vagas_vestibulando"":0,""vagas"":5,""inscritos_regular"":2,""inscritos_vestibulando"":0,""inscritos"":2},{""codigo_curso"":""40"",""curso"":""Engenharia Mecânica"",""vagas_regular"":5,""vagas_vestibulando"":0,""vagas"":5,""inscritos_regular"":2,""inscritos_vestibulando"":0,""inscritos"":2},{""codigo_curso"":""38"",""curso"":""Engenharia Elétrica"",""vagas_regular"":5,""vagas_vestibulando"":0,""vagas"":5,""inscritos_regular"":1,""inscritos_vestibulando"":0,""inscritos"":1},{""codigo_curso"":""56"",""curso"":""Eng. de Recursos Hídricos e Meio Ambiente"",""vagas_regular"":5,""vagas_vestibulando"":0,""vagas"":5,""inscritos_regular"":2,""inscritos_vestibulando"":0,""inscritos"":2},{""codigo_curso"":""51"",""curso"":""Engenharia de Petróleo"",""vagas_regular"":5,""vagas_vestibulando"":0,""vagas"":5,""inscritos_regular"":2,""inscritos_vestibulando"":0,""inscritos"":2}]",9,False,
2026-1,GGM00137,FUNDAMENTOS DE CÁLCULO E GEOMETRIA,CC,,F1,/graduacao/quadrodehorarios/turmas/100000447246,Ter 11:00-13:00; Qui 11:00-13:00,"[{""codigo_curso"":""31"",""curso"":""Ciência da Computação"",""vagas_regular"":0,""vagas_vestibulando"":60,""vagas"":60,""inscritos_regular"":0,""inscritos_vestibulando"":45,""inscritos"":45}]",9,False,
2026-1,GGM00137,FUNDAMENTOS DE CÁLCULO E GEOMETRIA,CC,,F9,/graduacao/quadrodehorarios/turmas/100000447288,Ter 11:00-13:00; Qui 11:00-13:00,"[{""codigo_curso"":""31"",""curso"":""Ciência da Computação"",""vagas_regular"":6,""vagas_vestibulando"":0,""vagas"":6,""inscritos_regular"":5,""inscritos_vestibulando"":0,""inscritos"":5},{""codigo_curso"":""56"",""curso"":""Eng. de Recursos Hídricos e Meio Ambiente"",""vagas_regular"":4,""vagas_vestibulando"":0,""vagas"":4,""inscritos_regular"":1,""inscritos_vestibulando"":0,""inscritos"":1},{""codigo_curso"":""43"",""curso"":""Engenharia Agrícola e Ambiental"",""vagas_regular"":11,""vagas_vestibulando"":0,""vagas"":11,""inscritos_regular"":7,""inscritos_vestibulando"":0,""inscritos"":7},{""codigo_curso"":""42"",""curso"":""Engenharia de Produção"",""vagas_regular"":2,""vagas_vestibulando"":0,""vagas"":2,""inscritos_regular"":2,""inscritos_vestibulando"":0,""inscritos"":2},{""codigo_curso"":""50"",""curso"":""Geofísica"",""vagas_regular"":1,""vagas_vestibulando"":0,""vagas"":1,""inscritos_regular"":0,""inscritos_vestibulando"":0,""inscritos"":0},{""codigo_curso"":""40"",""curso"":""Engenharia Mecânica"",""vagas_regular"":11,""vagas_vestibulando"":0,""vagas"":11,""inscritos_regular"":11,""inscritos_vestibulando"":0,""inscritos"":11},{""codigo_curso"":""38"",""curso"":""Engenharia Elétrica"",""vagas_regular"":5,""vagas_vestibulando"":0,""vagas"":5,""inscritos_regular"":4,""inscritos_vestibulando"":0,""inscritos"":4},{""codigo_curso"":""41"",""curso"":""Engenharia de Telecomunicações"",""vagas_regular"":8,""vagas_vestibulando"":0,""vagas"":8,""inscritos_regular"":7,""inscritos_vestibulando"":0,""inscritos"":7},{""codigo_curso"":""37"",""curso"":""Engenharia Civil"",""vagas_regular"":8,""vagas_vestibulando"":0,""vagas"":8,""inscritos_regular"":5,""inscritos_vestibulando"":0,""inscritos"":5},{""codigo_curso"":""51"",""curso"":""Engenharia de Petróleo"",""vagas_regular"":5,""vagas_vestibulando"":0,""vagas"":5,""inscritos_regular"":3,""inscritos_vestibulando"":0,""inscritos"":3},{""codigo_curso"":""27"",""curso"":""Engenharia Química"",""vagas_regular"":6,""vagas_vestibulando"":0,""vagas"":6,""inscritos_regular"":4,""inscritos_vestibulando"":0,""inscritos"":4}]",9,False,
2026-1,GGM00137,FUNDAMENTOS DE CÁLCULO E GEOMETRIA,CC,,G1,/graduacao/quadrodehorarios/turmas/100000447283,Ter 14:00-16:00; Qui 14:00-16:00,"[{""codigo_curso"":""37"",""curso"":""Engenharia Civil"",""vagas_regular"":15,""vagas_vestibulando"":0,""vagas"":15,""inscritos_regular"":12,""inscritos_vestibulando"":0,""inscritos"":12},{""codigo_curso"":""51"",""curso"":""Engenharia de Petróleo"",""vagas_regular"":2,""vagas_vestibulando"":44,""vagas"":46,""inscritos_regular"":2,""inscritos_vestibulando"":44,""inscritos"":46},{""codigo_curso"":""31"",""curso"":""Ciência da Computação"",""vagas_regular"":2,""vagas_vestibulando"":0,""vagas"":2,""inscritos_regular"":2,""inscritos_vestibulando"":0,""inscritos"":2},{""codigo_curso"":""42"",""curso"":""Engenharia de Produção"",""vagas_regular"":2,""vagas_vestibulando"":0,""vagas"":2,""inscritos_regular"":1,""inscritos_vestibulando"":0,""inscritos"":1},{""codigo_curso"":""56"",""curso"":""Eng. de Recursos Hídricos e Meio Ambiente"",""vagas_regular"":2,""vagas_vestibulando"":0,""vagas"":2,""inscritos_regular"":1,""inscritos_vestibulando"":0,""inscritos"":1},{""codigo_curso"":""40"",""curso"":""Engenharia Mecânica"",""vagas_regular"":3,""vagas_vestibulando"":0,""vagas"":3,""inscritos_regular"":1,""inscritos_vestibulando"":0,""inscritos"":1},{""codigo_curso"":""50"",""curso"":""Geofísica"",""vagas_regular"":2,""vagas_vestibulando"":0,""vagas"":2,""inscritos_regular"":1,""inscritos_vestibulando"":0,""inscritos"":1},{""codigo_curso"":""41"",""curso"":""Engenharia de Telecomunicações"",""vagas_regular"":3,""vagas_vestibulando"":0,""vagas"":3,""inscritos_regular"":2,""inscritos_vestibulando"":0,""inscritos"":2}]",9,False,
2026-1,GGM00137,FUNDAMENTOS DE CÁLCULO E GEOMETRIA,CC;SI,,H9,/graduacao/quadrodehorarios/turmas/100000447280,Ter 16:00-18:00; Qui 16:00-18:00,"[{""codigo_curso"":""31"",""curso"":""Ciência da Computação"",""vagas_regular"":7,""vagas_vestibulando"":0,""vagas"":7,""inscritos_regular"":6,""inscritos_vestibulando"":0,""inscritos"":6},{""codigo_curso"":""37"",""curso"":""Engenharia Civil"",""vagas_regular"":6,""vagas_vestibulando"":0,""vagas"":6,""inscritos_regular"":4,""inscritos_vestibulando"":0,""inscritos"":4},{""codigo_curso"":""41"",""curso"":""Engenharia de Telecomunicações"",""vagas_regular"":9,""vagas_vestibulando"":0,""vagas"":9,""inscritos_regular"":6,""inscritos_vestibulando"":0,""inscritos"":6},{""codigo_curso"":""83"",""curso"":""Sistemas de Informação"",""vagas_regular"":5,""vagas_vestibulando"":0,""vagas"":5,""inscritos_regular"":4,""inscritos_vestibulando"":0,""inscritos"":4},{""codigo_curso"":""56"",""curso"":""Eng. de Recursos Hídricos e Meio Ambiente"",""vagas_regular"":5,""vagas_vestibulando"":0,""vagas"":5,""inscritos_regular"":2,""inscritos_vestibulando"":0,""inscritos"":2},{""codigo_curso"":""42"",""curso"":""Engenharia de Produção"",""vagas_regular"":5,""vagas_vestibulando"":0,""vagas"":5,""inscritos_regular"":4,""inscritos_vestibulando"":0,""inscritos"":4},{""codigo_curso"":""38"",""curso"":""Engenharia Elétrica"",""vagas_regular"":5,""vagas_vestibulando"":0,""vagas"":5,""inscritos_regular"":2,""inscritos_vestibulando"":0,""inscritos"":2},{""codigo_curso"":""50"",""curso"":""Geofísica"",""vagas_regular"":5,""vagas_vestibulando"":0,""vagas"":5,""inscritos_regular"":1,""inscritos_vestibulando"":0,""inscritos"":1},{""codigo_curso"":""43"",""curso"":""Engenharia Agrícola e Ambiental"",""vagas_regular"":5,""vagas_vestibulando"":0,""vagas"":5,""inscritos_regular"":3,""inscritos_vestibulando"":0,""inscritos"":3},{""codigo_curso"":""40"",""curso"":""Engenharia Mecânica"",""vagas_regular"":8,""vagas_vestibulando"":0,""vagas"":8,""inscritos_regular"":5,""inscritos_vestibulando"":0,""inscritos"":5},{""codigo_curso"":""51"",""curso"":""Engenharia de Petróleo"",""vagas_regular"":5,""vagas_vestibulando"":0,""vagas"":5,""inscritos_regular"":0,""inscritos_vestibulando"":0,""inscritos"":0},{""codigo_curso"":""27"",""curso"":""Engenharia Química"",""vagas_regular"":5,""vagas_vestibulando"":0,""vagas"":5,""inscritos_regular"":2,""inscritos_vestibulando"":0,""inscritos"":2},{""codigo_curso"":""95"",""curso"":""Ciência Ambiental"",""vagas_regular"":1,""vagas_vestibulando"":0,""vagas"":1,""inscritos_regular"":1,""inscritos_vestibulando"":0,""inscritos"":1},{""codigo_curso"":""4"",""curso"":""Ciências Econômicas"",""vagas_regular"":1,""vagas_vestibulando"":0,""vagas"":1,""inscritos_regular"":0,""inscritos_vestibulando"":0,""inscritos"":0}]",9,False,
2026-1,GLC00292,LIBRAS I,CC,,A2,/graduacao/quadrodehorarios/turmas/100000444144,Seg 09:00-11:00,"[{""codigo_curso"":""21"",""curso"":""Letras"",""vagas_regular"":4,""vagas_vestibulando"":0,""vagas"":4,""inscritos_regular"":3,""inscritos_vestibulando"":0,""inscritos"":3},{""codigo_curso"":""31"",""curso"":""Ciência da Computação"",""vagas_regular"":15,""vagas_vestibulando"":0,""vagas"":15,""inscritos_regular"":14,""inscritos_vestibulando"":0,""inscritos"":14},{""codigo_curso"":""20"",""curso"":""Matemática"",""vagas_regular"":3,""vagas_vestibulando"":0,""vagas"":3,""inscritos_regular"":2,""inscritos_vestibulando"":0,""inscritos"":2},{""codigo_curso"":""43"",""curso"":""Engenharia Agrícola e Ambiental"",""vagas_regular"":1,""vagas_vestibulando"":0,""vagas"":1,""inscritos_regular"":1,""inscritos_vestibulando"":0,""inscritos"":1},{""codigo_curso"":""2"",""curso"":""História"",""vagas_regular"":12,""vagas_vestibulando"":0,""vagas"":12,""inscritos_regular"":11,""inscritos_vestibulando"":0,""inscritos"":11},{""codigo_curso"":""1"",""curso"":""Biblioteconomia e Documentação"",""vagas_regular"":1,""vagas_vestibulando"":0,""vagas"":1,""inscritos_regular"":1,""inscritos_vestibulando"":0,""inscritos"":1}]",3,False,
2026-1,GLC00292,LIBRAS I,CC,,B3,/graduacao/quadrodehorarios/turmas/100000444268,Ter 14:00-16:00,"[{""codigo_curso"":""21"",""curso"":""Letras"",""vagas_regular"":11,""vagas_vestibulando"":0,""vagas"":11,""inscritos_regular"":9,""inscritos_vestibulando"":0,""inscritos"":9},{""codigo_curso"":""96"",""curso"":""Desenho Industrial"",""vagas_regular"":5,""vagas_vestibulando"":0,""vagas"":5,""inscritos_regular"":5,""inscritos_vestibulando"":0,""inscritos"":5},{""codigo_curso"":""1"",""curso"":""Biblioteconomia e Documentação"",""vagas_regular"":1,""vagas_vestibulando"":0,""vagas"":1,""inscritos_regular"":1,""inscritos_vestibulando"":0,""inscritos"":1},{""codigo_curso"":""10"",""curso"":""Pedagogia"",""vagas_regular"":9,""vagas_vestibulando"":0,""vagas"":9,""inscritos_regular"":9,""inscritos_vestibulando"":0,""inscritos"":9},{""codigo_curso"":""14"",""curso"":""Arquivologia"",""vagas_regular"":1,""vagas_vestibulando"":0,""vagas"":1,""inscritos_regular"":1,""inscritos_vestibulando"":0,""inscritos"":1},{""codigo_curso"":""56"",""curso"":""Eng. de Recursos Hídricos e Meio Ambiente"",""vagas_regular"":1,""vagas_vestibulando"":0,""vagas"":1,""inscritos_regular"":1,""inscritos_vestibulando"":0,""inscritos"":1},{""codigo_curso"":""6"",""curso"":""Serviço Social"",""vagas_regular"":2,""vagas_vestibulando"":0,""vagas"":2,""inscritos_regular"":2,""inscritos_vestibulando"":0,""inscritos"":2},{""codigo_curso"":""59"",""curso"":""Relações Internacionais"",""vagas_regular"":1,""vagas_vestibulando"":0,""vagas"":1,""inscritos_regular"":0,""inscritos_vestibulando"":0,""inscritos"":0},{""codigo_curso"":""2"",""curso"":""História"",""vagas_regular"":6,""vagas_vestibulando"":0,""vagas"":6,""inscritos_regular"":6,""inscritos_vestibulando"":0,""inscritos"":6},{""codigo_curso"":""41"",""curso"":""Engenharia de Telecomunicações"",""vagas_regular"":2,""vagas_vestibulando"":0,""vagas"":2,""inscritos_regular"":2,""inscritos_vestibulando"":0,""inscritos"":2},{""codigo_curso"":""26"",""curso"":""Arquitetura e Urbanismo"",""vagas_regular"":1,""vagas_vestibulando"":0,""vagas"":1,""inscritos_regular"":0,""inscritos_vestibulando"":0,""inscritos"":0},{""codigo_curso"":""31"",""curso"":""Ciência da Computação"",""vagas_regular"":1,""vagas_vestibulando"":0,""vagas"":1,""inscritos_regular"":1,""inscritos_vestibulando"":0,""inscritos"":1}]",3,False,
2026-1,GLC00292,LIBRAS I,CC,,D1,/graduacao/quadrodehorarios/turmas/100000444299,Qui 09:00-11:00,"[{""codigo_curso"":""28"",""curso"":""Química"",""vagas_regular"":2,""vagas_vestibulando"":0,""vagas"":2,""inscritos_regular"":0,""inscritos_vestibulando"":0,""inscritos"":0},{""codigo_curso"":""29"",""curso"":""Química Industrial"",""vagas_regular"":1,""vagas_vestibulando"":0,""vagas"":1,""inscritos_regular"":0,""inscritos_vestibulando"":0,""inscritos"":0},{""codigo_curso"":""31"",""curso"":""Ciência da Computação"",""vagas_regular"":14,""vagas_vestibulando"":0,""vagas"":14,""inscritos_regular"":11,""inscritos_vestibulando"":0,""inscritos"":11},{""codigo_curso"":""21"",""curso"":""Letras"",""vagas_regular"":6,""vagas_vestibulando"":0,""vagas"":6,""inscritos_regular"":6,""inscritos_vestibulando"":0,""inscritos"":6},{""codigo_curso"":""2"",""curso"":""História"",""vagas_regular"":1,""vagas_vestibulando"":0,""vagas"":1,""inscritos_regular"":1,""inscritos_vestibulando"":0,""inscritos"":1},{""codigo_curso"":""59"",""curso"":""Relações Internacionais"",""vagas_regular"":1,""vagas_vestibulando"":0,""vagas"":1,""inscritos_regular"":0,""inscritos_vestibulando"":0,""inscritos"":0},{""codigo_curso"":""43"",""curso"":""Engenharia Agrícola e Ambiental"",""vagas_regular"":1,""vagas_vestibulando"":0,""vagas"":1,""inscritos_regular"":1,""inscritos_vestibulando"":0,""inscritos"":1},{""codigo_curso"":""57"",""curso"":""Cinema e Audiovisual"",""vagas_regular"":2,""vagas_vestibulando"":0,""vagas"":2,""inscritos_regular"":2,""inscritos_vestibulando"":0,""inscritos"":2},{""codigo_curso"":""42"",""curso"":""Engenharia de Produção"",""vagas_regular"":2,""vagas_vestibulando"":0,""vagas"":2,""inscritos_regular"":1,""inscritos_vestibulando"":0,""inscritos"":1},{""codigo_curso"":""1"",""curso"":""Biblioteconomia e Documentação"",""vagas_regular"":2,""vagas_vestibulando"":0,""vagas"":2,""inscritos_regular"":2,""inscritos_vestibulando"":0,""inscritos"":2},{""codigo_curso"":""10"",""curso"":""Pedagogia"",""vagas_regular"":6,""vagas_vestibulando"":0,""vagas"":6,""inscritos_regular"":5,""inscritos_vestibulando"":0,""inscritos"":5},{""codigo_curso"":""7"",""curso"":""Direito"",""vagas_regular"":2,""vagas_vestibulando"":0,""vagas"":2,""inscritos_regular"":2,""inscritos_vestibulando"":0,""inscritos"":2}]",3,False,
2026-1,GMA00154,CÁLCULO 1,CC,,C3,/graduacao/quadrodehorarios/turmas/100000449717,Seg 11:00-13:00; Qua 11:00-13:00,"[{""codigo_curso"":""31"",""curso"":""Ciência da Computação"",""vagas_regular"":48,""vagas_vestibulando"":1,""vagas"":49,""inscritos_regular"":44,""inscritos_vestibulando"":1,""inscritos"":45}]",10,False,
2026-1,GMA00154,CÁLCULO 1,CC,,D9,/graduacao/quadrodehorarios/turmas/100000449745,Seg 14:00-16:00; Qua 14:00-16:00,"[{""codigo_curso"":""37"",""curso"":""Engenharia Civil"",""vagas_regular"":9,""vagas_vestibulando"":0,""vagas"":9,""inscritos_regular"":6,""inscritos_vestibulando"":0,""inscritos"":6},{""codigo_curso"":""31"",""curso"":""Ciência da Computação"",""vagas_regular"":4,""vagas_vestibulando"":1,""vagas"":5,""inscritos_regular"":1,""inscritos_vestibulando"":0,""inscritos"":1},{""codigo_curso"":""54"",""curso"":""Estatística"",""vagas_regular"":1,""vagas_vestibulando"":0,""vagas"":1,""inscritos_regular"":1,""inscritos_vestibulando"":0,""inscritos"":1},{""codigo_curso"":""25"",""curso"":""Física"",""vagas_regular"":6,""vagas_vestibulando"":0,""vagas"":6,""inscritos_regular"":6,""inscritos_vestibulando"":0,""inscritos"":6},{""codigo_curso"":""38"",""curso"":""Engenharia Elétrica"",""vagas_regular"":4,""vagas_vestibulando"":0,""vagas"":4,""inscritos_regular"":4,""inscritos_vestibulando"":0,""inscritos"":4},{""codigo_curso"":""42"",""curso"":""Engenharia de Produção"",""vagas_regular"":3,""vagas_vestibulando"":0,""vagas"":3,""inscritos_regular"":2,""inscritos_vestibulando"":0,""inscritos"":2}]",10,False,
2026-1,GMA00154,CÁLCULO 1,CC,,E1,/graduacao/quadrodehorarios/turmas/100000449749,Seg 16:00-18:00; Qua 16:00-18:00,"[{""codigo_curso"":""43"",""curso"":""Engenharia Agrícola e Ambiental"",""vagas_regular"":1,""vagas_vestibulando"":0,""vagas"":1,""inscritos_regular"":1,""inscritos_vestibulando"":0,""inscritos"":1},{""codigo_curso"":""37"",""curso"":""Engenharia Civil"",""vagas_regular"":2,""vagas_vestibulando"":0,""vagas"":2,""inscritos_regular"":2,""inscritos_vestibulando"":0,""inscritos"":2},{""codigo_curso"":""96"",""curso"":""Desenho Industrial"",""vagas_regular"":1,""vagas_vestibulando"":0,""vagas"":1,""inscritos_regular"":1,""inscritos_vestibulando"":0,""inscritos"":1},{""codigo_curso"":""42"",""curso"":""Engenharia de Produção"",""vagas_regular"":11,""vagas_vestibulando"":0,""vagas"":11,""inscritos_regular"":11,""inscritos_vestibulando"":0,""inscritos"":11},{""codigo_curso"":""56"",""curso"":""Eng. de Recursos Hídricos e Meio Ambiente"",""vagas_regular"":11,""vagas_vestibulando"":0,""vagas"":11,""inscritos_regular"":9,""inscritos_vestibulando"":0,""inscritos"":9},{""codigo_curso"":""41"",""curso"":""Engenharia de Telecomunicações"",""vagas_regular"":5,""vagas_vestibulando"":0,""vagas"":5,""inscritos_regular"":4,""inscritos_vestibulando"":0,""inscritos"":4},{""codigo_curso"":""40"",""curso"":""Engenharia Mecânica"",""vagas_regular"":6,""vagas_vestibulando"":0,""vagas"":6,""inscritos_regular"":6,""inscritos_vestibulando"":0,""inscritos"":6},{""codigo_curso"":""38"",""curso"":""Engenharia Elétrica"",""vagas_regular"":5,""vagas_vestibulando"":0,""vagas"":5,""inscritos_regular"":5,""inscritos_vestibulando"":0,""inscritos"":5},{""codigo_curso"":""31"",""curso"":""Ciência da Computação"",""vagas_regular"":2,""vagas_vestibulando"":0,""vagas"":2,""inscritos_regular"":1,""inscritos_vestibulando"":0,""inscritos"":1},{""codigo_curso"":""54"",""curso"":""Estatística"",""vagas_regular"":2,""vagas_vestibulando"":0,""vagas"":2,""inscritos_regular"":2,""inscritos_vestibulando"":0,""inscritos"":2},{""codigo_curso"":""25"",""curso"":""Física"",""vagas_regular"":4,""vagas_vestibulando"":0,""vagas"":4,""inscritos_regular"":3,""inscritos_vestibulando"":0,""inscritos"":3},{""codigo_curso"":""51"",""curso"":""Engenharia de Petróleo"",""vagas_regular"":1,""vagas_vestibulando"":0,""vagas"":1,""inscritos_regular"":0,""inscritos_vestibulando"":0,""inscritos"":0},{""codigo_curso"":""28"",""curso"":""Química"",""vagas_regular"":1,""vagas_vestibulando"":0,""vagas"":1,""inscritos_regular"":1,""inscritos_vestibulando"":0,""inscritos"":1}]",10,False,
2026-1,GMA00154,CÁLCULO 1,CC,,F2,/graduacao/quadrodehorarios/turmas/100000449856,Seg 18:00-20:00; Qua 18:00-20:00,"[{""codigo_curso"":""40"",""curso"":""Engenharia Mecânica"",""vagas_regular"":3,""vagas_vestibulando"":0,""vagas"":3,""inscritos_regular"":3,""inscritos_vestibulando"":0,""inscritos"":3},{""codigo_curso"":""42"",""curso"":""Engenharia de Produção"",""vagas_regular"":6,""vagas_vestibulando"":0,""vagas"":6,""inscritos_regular"":4,""inscritos_vestibulando"":0,""inscritos"":4},{""codigo_curso"":""28"",""curso"":""Química"",""vagas_regular"":5,""vagas_vestibulando"":0,""vagas"":5,""inscritos_regular"":5,""inscritos_vestibulando"":0,""inscritos"":5},{""codigo_curso"":""27"",""curso"":""Engenharia Química"",""vagas_regular"":3,""vagas_vestibulando"":0,""vagas"":3,""inscritos_regular"":2,""inscritos_vestibulando"":0,""inscritos"":2},{""codigo_curso"":""29"",""curso"":""Química Industrial"",""vagas_regular"":3,""vagas_vestibulando"":0,""vagas"":3,""inscritos_regular"":3,""inscritos_vestibulando"":0,""inscritos"":3},{""codigo_curso"":""56"",""curso"":""Eng. de Recursos Hídricos e Meio Ambiente"",""vagas_regular"":6,""vagas_vestibulando"":0,""vagas"":6,""inscritos_regular"":4,""inscritos_vestibulando"":0,""inscritos"":4},{""codigo_curso"":""41"",""curso"":""Engenharia de Telecomunicações"",""vagas_regular"":4,""vagas_vestibulando"":0,""vagas"":4,""inscritos_regular"":3,""inscritos_vestibulando"":0,""inscritos"":3},{""codigo_curso"":""20"",""curso"":""Matemática"",""vagas_regular"":1,""vagas_vestibulando"":0,""vagas"":1,""inscritos_regular"":1,""inscritos_vestibulando"":0,""inscritos"":1},{""codigo_curso"":""51"",""curso"":""Engenharia de Petróleo"",""vagas_regular"":1,""vagas_vestibulando"":0,""vagas"":1,""inscritos_regular"":1,""inscritos_vestibulando"":0,""inscritos"":1},{""codigo_curso"":""43"",""curso"":""Engenharia Agrícola e Ambiental"",""vagas_regular"":2,""vagas_vestibulando"":0,""vagas"":2,""inscritos_regular"":1,""inscritos_vestibulando"":0,""inscritos"":1},{""codigo_curso"":""31"",""curso"":""Ciência da Computação"",""vagas_regular"":3,""vagas_vestibulando"":0,""vagas"":3,""inscritos_regular"":3,""inscritos_vestibulando"":0,""inscritos"":3},{""codigo_curso"":""38"",""curso"":""Engenharia Elétrica"",""vagas_regular"":3,""vagas_vestibulando"":0,""vagas"":3,""inscritos_regular"":3,""inscritos_vestibulando"":0,""inscritos"":3},{""codigo_curso"":""25"",""curso"":""Física"",""vagas_regular"":4,""vagas_vestibulando"":0,""vagas"":4,""inscritos_regular"":2,""inscritos_vestibulando"":0,""inscritos"":2},{""codigo_curso"":""37"",""curso"":""Engenharia Civil"",""vagas_regular"":3,""vagas_vestibulando"":0,""vagas"":3,""inscritos_regular"":2,""inscritos_vestibulando"":0,""inscritos"":2}]",10,False,
2026-1,GMA00154,CÁLCULO 1,CC,,G9,/graduacao/quadrodehorarios/turmas/100000449860,Seg 20:00-22:00; Qua 20:00-22:00,"[{""codigo_curso"":""43"",""curso"":""Engenharia Agrícola e Ambiental"",""vagas_regular"":4,""vagas_vestibulando"":0,""vagas"":4,""inscritos_regular"":3,""inscritos_vestibulando"":0,""inscritos"":3},{""codigo_curso"":""37"",""curso"":""Engenharia Civil"",""vagas_regular"":2,""vagas_vestibulando"":0,""vagas"":2,""inscritos_regular"":2,""inscritos_vestibulando"":0,""inscritos"":2},{""codigo_curso"":""31"",""curso"":""Ciência da Computação"",""vagas_regular"":3,""vagas_vestibulando"":0,""vagas"":3,""inscritos_regular"":2,""inscritos_vestibulando"":0,""inscritos"":2},{""codigo_curso"":""38"",""curso"":""Engenharia Elétrica"",""vagas_regular"":4,""vagas_vestibulando"":0,""vagas"":4,""inscritos_regular"":3,""inscritos_vestibulando"":0,""inscritos"":3},{""codigo_curso"":""54"",""curso"":""Estatística"",""vagas_regular"":2,""vagas_vestibulando"":0,""vagas"":2,""inscritos_regular"":2,""inscritos_vestibulando"":0,""inscritos"":2},{""codigo_curso"":""25"",""curso"":""Física"",""vagas_regular"":4,""vagas_vestibulando"":0,""vagas"":4,""inscritos_regular"":4,""inscritos_vestibulando"":0,""inscritos"":4},{""codigo_curso"":""40"",""curso"":""Engenharia Mecânica"",""vagas_regular"":3,""vagas_vestibulando"":0,""vagas"":3,""inscritos_regular"":3,""inscritos_vestibulando"":0,""inscritos"":3},{""codigo_curso"":""51"",""curso"":""Engenharia de Petróleo"",""vagas_regular"":1,""vagas_vestibulando"":0,""vagas"":1,""inscritos_regular"":1,""inscritos_vestibulando"":0,""inscritos"":1},{""codigo_curso"":""42"",""curso"":""Engenharia de Produção"",""vagas_regular"":4,""vagas_vestibulando"":0,""vagas"":4,""inscritos_regular"":4,""inscritos_vestibulando"":0,""inscritos"":4},{""codigo_curso"":""28"",""curso"":""Química"",""vagas_regular"":12,""vagas_vestibulando"":0,""vagas"":12,""inscritos_regular"":11,""inscritos_vestibulando"":0,""inscritos"":11},{""codigo_curso"":""27"",""curso"":""Engenharia Química"",""vagas_regular"":2,""vagas_vestibulando"":0,""vagas"":2,""inscritos_regular"":2,""inscritos_vestibulando"":0,""inscritos"":2},{""codigo_curso"":""29"",""curso"":""Química Industrial"",""vagas_regular"":1,""vagas_vestibulando"":0,""vagas"":1,""inscritos_regular"":1,""inscritos_vestibulando"":0,""inscritos"":1},{""codigo_curso"":""56"",""curso"":""Eng. de Recursos Hídricos e Meio Ambiente"",""vagas_regular"":4,""vagas_vestibulando"":0,""vagas"":4,""inscritos_regular"":4,""inscritos_vestibulando"":0,""inscritos"":4},{""codigo_curso"":""41"",""curso"":""Engenharia de Telecomunicações"",""vagas_regular"":4,""vagas_vestibulando"":0,""vagas"":4,""inscritos_regular"":3,""inscritos_vestibulando"":0,""inscritos"":3}]",10,False,
2026-1,GMA00154,CÁLCULO 1,CC,,M1,/graduacao/quadrodehorarios/turmas/100000449863,Ter 07:00-09:00; Qui 07:00-09:00,"[{""codigo_curso"":""43"",""curso"":""Engenharia Agrícola e Ambiental"",""vagas_regular"":5,""vagas_vestibulando"":0,""vagas"":5,""inscritos_regular"":3,""inscritos_vestibulando"":0,""inscritos"":3},{""codigo_curso"":""31"",""curso"":""Ciência da Computação"",""vagas_regular"":2,""vagas_vestibulando"":0,""vagas"":2,""inscritos_regular"":1,""inscritos_vestibulando"":0,""inscritos"":1},{""codigo_curso"":""38"",""curso"":""Engenharia Elétrica"",""vagas_regular"":3,""vagas_vestibulando"":0,""vagas"":3,""inscritos_regular"":3,""inscritos_vestibulando"":0,""inscritos"":3},{""codigo_curso"":""54"",""curso"":""Estatística"",""vagas_regular"":1,""vagas_vestibulando"":0,""vagas"":1,""inscritos_regular"":0,""inscritos_vestibulando"":0,""inscritos"":0},{""codigo_curso"":""25"",""curso"":""Física"",""vagas_regular"":2,""vagas_vestibulando"":0,""vagas"":2,""inscritos_regular"":2,""inscritos_vestibulando"":0,""inscritos"":2},{""codigo_curso"":""51"",""curso"":""Engenharia de Petróleo"",""vagas_regular"":2,""vagas_vestibulando"":0,""vagas"":2,""inscritos_regular"":1,""inscritos_vestibulando"":0,""inscritos"":1},{""codigo_curso"":""27"",""curso"":""Engenharia Química"",""vagas_regular"":4,""vagas_vestibulando"":0,""vagas"":4,""inscritos_regular"":4,""inscritos_vestibulando"":0,""inscritos"":4},{""codigo_curso"":""56"",""curso"":""Eng. de Recursos Hídricos e Meio Ambiente"",""vagas_regular"":1,""vagas_vestibulando"":0,""vagas"":1,""inscritos_regular"":1,""inscritos_vestibulando"":0,""inscritos"":1},{""codigo_curso"":""50"",""curso"":""Geofísica"",""vagas_regular"":1,""vagas_vestibulando"":0,""vagas"":1,""inscritos_regular"":1,""inscritos_vestibulando"":0,""inscritos"":1}]",10,False,
2026-1,GMA00154,CÁLCULO 1,CC,,N1,/graduacao/quadrodehorarios/turmas/100000449867,Ter 09:00-11:00; Qui 09:00-11:00,"[{""codigo_curso"":""43"",""curso"":""Engenharia Agrícola e Ambiental"",""vagas_regular"":6,""vagas_vestibulando"":1,""vagas"":7,""inscritos_regular"":3,""inscritos_vestibulando"":0,""inscritos"":3},{""codigo_curso"":""37"",""curso"":""Engenharia Civil"",""vagas_regular"":1,""vagas_vestibulando"":0,""vagas"":1,""inscritos_regular"":1,""inscritos_vestibulando"":0,""inscritos"":1},{""codigo_curso"":""31"",""curso"":""Ciência da Computação"",""vagas_regular"":3,""vagas_vestibulando"":0,""vagas"":3,""inscritos_regular"":2,""inscritos_vestibulando"":0,""inscritos"":2},{""codigo_curso"":""38"",""curso"":""Engenharia Elétrica"",""vagas_regular"":1,""vagas_vestibulando"":0,""vagas"":1,""inscritos_regular"":1,""inscritos_vestibulando"":0,""inscritos"":1},{""codigo_curso"":""54"",""curso"":""Estatística"",""vagas_regular"":5,""vagas_vestibulando"":0,""vagas"":5,""inscritos_regular"":5,""inscritos_vestibulando"":0,""inscritos"":5},{""codigo_curso"":""56"",""curso"":""Eng. de Recursos Hídricos e Meio Ambiente"",""vagas_regular"":2,""vagas_vestibulando"":0,""vagas"":2,""inscritos_regular"":2,""inscritos_vestibulando"":0,""inscritos"":2},{""codigo_curso"":""41"",""curso"":""Engenharia de Telecomunicações"",""vagas_regular"":4,""vagas_vestibulando"":0,""vagas"":4,""inscritos_regular"":4,""inscritos_vestibulando"":0,""inscritos"":4},{""codigo_curso"":""25"",""curso"":""Física"",""vagas_regular"":5,""vagas_vestibulando"":0,""vagas"":5,""inscritos_regular"":3,""inscritos_vestibulando"":0,""inscritos"":3},{""codigo_curso"":""51"",""curso"":""Engenharia de Petróleo"",""vagas_regular"":1,""vagas_vestibulando"":0,""vagas"":1,""inscritos_regular"":1,""inscritos_vestibulando"":0,""inscritos"":1},{""codigo_curso"":""42"",""curso"":""Engenharia de Produção"",""vagas_regular"":3,""vagas_vestibulando"":0,""vagas"":3,""inscritos_regular"":1,""inscritos_vestibulando"":0,""inscritos"":1},{""codigo_curso"":""27"",""curso"":""Engenharia Química"",""vagas_regular"":2,""vagas_vestibulando"":0,""vagas"":2,""inscritos_regular"":1,""inscritos_vestibulando"":0,""inscritos"":1}]",10,False,
2026-1,GMA00154,CÁLCULO 1,CC,,O2,/graduacao/quadrodehorarios/turmas/100000449877,Ter 11:00-13:00; Qui 11:00-13:00,"[{""codigo_curso"":""31"",""curso"":""Ciência da Computação"",""vagas_regular"":5,""vagas_vestibulando"":0,""vagas"":5,""inscritos_regular"":4,""inscritos_vestibulando"":0,""inscritos"":4},{""codigo_curso"":""56"",""curso"":""Eng. de Recursos Hídricos e Meio Ambiente"",""vagas_regular"":19,""vagas_vestibulando"":0,""vagas"":19,""inscritos_regular"":17,""inscritos_vestibulando"":0,""inscritos"":17},{""codigo_curso"":""41"",""curso"":""Engenharia de Telecomunicações"",""vagas_regular"":4,""vagas_vestibulando"":0,""vagas"":4,""inscritos_regular"":4,""inscritos_vestibulando"":0,""inscritos"":4},{""codigo_curso"":""51"",""curso"":""Engenharia de Petróleo"",""vagas_regular"":3,""vagas_vestibulando"":0,""vagas"":3,""inscritos_regular"":3,""inscritos_vestibulando"":0,""inscritos"":3},{""codigo_curso"":""54"",""curso"":""Estatística"",""vagas_regular"":8,""vagas_vestibulando"":0,""vagas"":8,""inscritos_regular"":6,""inscritos_vestibulando"":0,""inscritos"":6},{""codigo_curso"":""43"",""curso"":""Engenharia Agrícola e Ambiental"",""vagas_regular"":2,""vagas_vestibulando"":0,""vagas"":2,""inscritos_regular"":2,""inscritos_vestibulando"":0,""inscritos"":2},{""codigo_curso"":""37"",""curso"":""Engenharia Civil"",""vagas_regular"":2,""vagas_vestibulando"":0,""vagas"":2,""inscritos_regular"":2,""inscritos_vestibulando"":0,""inscritos"":2},{""codigo_curso"":""38"",""curso"":""Engenharia Elétrica"",""vagas_regular"":2,""vagas_vestibulando"":0,""vagas"":2,""inscritos_regular"":2,""inscritos_vestibulando"":0,""inscritos"":2},{""codigo_curso"":""25"",""curso"":""Física"",""vagas_regular"":1,""vagas_vestibulando"":0,""vagas"":1,""inscritos_regular"":1,""inscritos_vestibulando"":0,""inscritos"":1}]",10,False,
2026-1,GMA00154,CÁLCULO 1,CC,,P3,/graduacao/quadrodehorarios/turmas/100000449887,Ter 14:00-16:00; Qui 14:00-16:00,"[{""codigo_curso"":""43"",""curso"":""Engenharia Agrícola e Ambiental"",""vagas_regular"":9,""vagas_vestibulando"":0,""vagas"":9,""inscritos_regular"":1,""inscritos_vestibulando"":0,""inscritos"":1},{""codigo_curso"":""31"",""curso"":""Ciência da Computação"",""vagas_regular"":6,""vagas_vestibulando"":0,""vagas"":6,""inscritos_regular"":6,""inscritos_vestibulando"":0,""inscritos"":6},{""codigo_curso"":""38"",""curso"":""Engenharia Elétrica"",""vagas_regular"":8,""vagas_vestibulando"":0,""vagas"":8,""inscritos_regular"":6,""inscritos_vestibulando"":0,""inscritos"":6},{""codigo_curso"":""25"",""curso"":""Física"",""vagas_regular"":12,""vagas_vestibulando"":0,""vagas"":12,""inscritos_regular"":10,""inscritos_vestibulando"":0,""inscritos"":10},{""codigo_curso"":""41"",""curso"":""Engenharia de Telecomunicações"",""vagas_regular"":17,""vagas_vestibulando"":0,""vagas"":17,""inscritos_regular"":15,""inscritos_vestibulando"":0,""inscritos"":15}]",10,False,
2026-1,GMA00154,CÁLCULO 1,CC,,R1,/graduacao/quadrodehorarios/turmas/100000449891,Ter 18:00-20:00; Qui 18:00-20:00,"[{""codigo_curso"":""43"",""curso"":""Engenharia Agrícola e Ambiental"",""vagas_regular"":9,""vagas_vestibulando"":0,""vagas"":9,""inscritos_regular"":7,""inscritos_vestibulando"":0,""inscritos"":7},{""codigo_curso"":""37"",""curso"":""Engenharia Civil"",""vagas_regular"":4,""vagas_vestibulando"":0,""vagas"":4,""inscritos_regular"":4,""inscritos_vestibulando"":0,""inscritos"":4},{""codigo_curso"":""38"",""curso"":""Engenharia Elétrica"",""vagas_regular"":2,""vagas_vestibulando"":0,""vagas"":2,""inscritos_regular"":1,""inscritos_vestibulando"":0,""inscritos"":1},{""codigo_curso"":""54"",""curso"":""Estatística"",""vagas_regular"":1,""vagas_vestibulando"":0,""vagas"":1,""inscritos_regular"":1,""inscritos_vestibulando"":0,""inscritos"":1},{""codigo_curso"":""25"",""curso"":""Física"",""vagas_regular"":5,""vagas_vestibulando"":0,""vagas"":5,""inscritos_regular"":5,""inscritos_vestibulando"":0,""inscritos"":5},{""codigo_curso"":""51"",""curso"":""Engenharia de Petróleo"",""vagas_regular"":2,""vagas_vestibulando"":0,""vagas"":2,""inscritos_regular"":1,""inscritos_vestibulando"":0,""inscritos"":1},{""codigo_curso"":""42"",""curso"":""Engenharia de Produção"",""vagas_regular"":5,""vagas_vestibulando"":0,""vagas"":5,""inscritos_regular"":1,""inscritos_vestibulando"":0,""inscritos"":1},{""codigo_curso"":""56"",""curso"":""Eng. de Recursos Hídricos e Meio Ambiente"",""vagas_regular"":1,""vagas_vestibulando"":0,""vagas"":1,""inscritos_regular"":1,""inscritos_vestibulando"":0,""inscritos"":1},{""codigo_curso"":""41"",""curso"":""Engenharia de Telecomunicações"",""vagas_regular"":2,""vagas_vestibulando"":0,""vagas"":2,""inscritos_regular"":1,""inscritos_vestibulando"":0,""inscritos"":1},{""codigo_curso"":""40"",""curso"":""Engenharia Mecânica"",""vagas_regular"":1,""vagas_vestibulando"":2,""vagas"":3,""inscritos_regular"":0,""inscritos_vestibulando"":0,""inscritos"":0},{""codigo_curso"":""31"",""curso"":""Ciência da Computação"",""vagas_regular"":1,""vagas_vestibulando"":0,""vagas"":1,""inscritos_regular"":0,""inscritos_vestibulando"":0,""inscritos"":0}]",10,False,
2026-1,GMA00155,CÁLCULO 2,CC,,M2,/graduacao/quadrodehorarios/turmas/100000450106,Ter 07:00-09:00; Qui 07:00-09:00,"[{""codigo_curso"":""31"",""curso"":""Ciência da Computação"",""vagas_regular"":9,""vagas_vestibulando"":0,""vagas"":9,""inscritos_regular"":8,""inscritos_vestibulando"":0,""inscritos"":8},{""codigo_curso"":""54"",""curso"":""Estatística"",""vagas_regular"":7,""vagas_vestibulando"":0,""vagas"":7,""inscritos_regular"":7,""inscritos_vestibulando"":0,""inscritos"":7},{""codigo_curso"":""40"",""curso"":""Engenharia Mecânica"",""vagas_regular"":14,""vagas_vestibulando"":0,""vagas"":14,""inscritos_regular"":14,""inscritos_vestibulando"":0,""inscritos"":14},{""codigo_curso"":""51"",""curso"":""Engenharia de Petróleo"",""vagas_regular"":9,""vagas_vestibulando"":0,""vagas"":9,""inscritos_regular"":5,""inscritos_vestibulando"":0,""inscritos"":5},{""codigo_curso"":""28"",""curso"":""Química"",""vagas_regular"":4,""vagas_vestibulando"":0,""vagas"":4,""inscritos_regular"":0,""inscritos_vestibulando"":0,""inscritos"":0},{""codigo_curso"":""27"",""curso"":""Engenharia Química"",""vagas_regular"":7,""vagas_vestibulando"":0,""vagas"":7,""inscritos_regular"":6,""inscritos_vestibulando"":0,""inscritos"":6},{""codigo_curso"":""29"",""curso"":""Química Industrial"",""vagas_regular"":4,""vagas_vestibulando"":0,""vagas"":4,""inscritos_regular"":2,""inscritos_vestibulando"":0,""inscritos"":2}]",9,False,
2026-1,GMA00155,CÁLCULO 2,CC,,M9,/graduacao/quadrodehorarios/turmas/100000450322,Ter 07:00-09:00; Qui 07:00-09:00,"[{""codigo_curso"":""42"",""curso"":""Engenharia de Produção"",""vagas_regular"":36,""vagas_vestibulando"":1,""vagas"":37,""inscritos_regular"":36,""inscritos_vestibulando"":1,""inscritos"":37},{""codigo_curso"":""20"",""curso"":""Matemática"",""vagas_regular"":8,""vagas_vestibulando"":0,""vagas"":8,""inscritos_regular"":7,""inscritos_vestibulando"":0,""inscritos"":7},{""codigo_curso"":""31"",""curso"":""Ciência da Computação"",""vagas_regular"":13,""vagas_vestibulando"":0,""vagas"":13,""inscritos_regular"":11,""inscritos_vestibulando"":0,""inscritos"":11}]",9,False,
2026-1,GMA00155,CÁLCULO 2,CC,,N1,/graduacao/quadrodehorarios/turmas/100000450111,Ter 09:00-11:00; Qui 09:00-11:00,"[{""codigo_curso"":""41"",""curso"":""Engenharia de Telecomunicações"",""vagas_regular"":18,""vagas_vestibulando"":0,""vagas"":18,""inscritos_regular"":14,""inscritos_vestibulando"":0,""inscritos"":14},{""codigo_curso"":""31"",""curso"":""Ciência da Computação"",""vagas_regular"":17,""vagas_vestibulando"":0,""vagas"":17,""inscritos_regular"":14,""inscritos_vestibulando"":0,""inscritos"":14},{""codigo_curso"":""37"",""curso"":""Engenharia Civil"",""vagas_regular"":10,""vagas_vestibulando"":0,""vagas"":10,""inscritos_regular"":8,""inscritos_vestibulando"":0,""inscritos"":8}]",9,False,
2026-1,GMA00155,CÁLCULO 2,CC,,N3,/graduacao/quadrodehorarios/turmas/100000450126,Ter 09:00-11:00; Qui 09:00-11:00,"[{""codigo_curso"":""31"",""curso"":""Ciência da Computação"",""vagas_regular"":2,""vagas_vestibulando"":0,""vagas"":2,""inscritos_regular"":0,""inscritos_vestibulando"":0,""inscritos"":0},{""codigo_curso"":""40"",""curso"":""Engenharia Mecânica"",""vagas_regular"":7,""vagas_vestibulando"":0,""vagas"":7,""inscritos_regular"":4,""inscritos_vestibulando"":0,""inscritos"":4},{""codigo_curso"":""42"",""curso"":""Engenharia de Produção"",""vagas_regular"":6,""vagas_vestibulando"":1,""vagas"":7,""inscritos_regular"":2,""inscritos_vestibulando"":0,""inscritos"":2},{""codigo_curso"":""41"",""curso"":""Engenharia de Telecomunicações"",""vagas_regular"":6,""vagas_vestibulando"":0,""vagas"":6,""inscritos_regular"":0,""inscritos_vestibulando"":0,""inscritos"":0},{""codigo_curso"":""37"",""curso"":""Engenharia Civil"",""vagas_regular"":8,""vagas_vestibulando"":0,""vagas"":8,""inscritos_regular"":1,""inscritos_vestibulando"":0,""inscritos"":1},{""codigo_curso"":""56"",""curso"":""Eng. de Recursos Hídricos e Meio Ambiente"",""vagas_regular"":4,""vagas_vestibulando"":0,""vagas"":4,""inscritos_regular"":0,""inscritos_vestibulando"":0,""inscritos"":0},{""codigo_curso"":""25"",""curso"":""Física"",""vagas_regular"":0,""vagas_vestibulando"":1,""vagas"":1,""inscritos_regular"":0,""inscritos_vestibulando"":1,""inscritos"":1},{""codigo_curso"":""50"",""curso"":""Geofísica"",""vagas_regular"":1,""vagas_vestibulando"":0,""vagas"":1,""inscritos_regular"":0,""inscritos_vestibulando"":0,""inscritos"":0},{""codigo_curso"":""43"",""curso"":""Engenharia Agrícola e Ambiental"",""vagas_regular"":2,""vagas_vestibulando"":0,""vagas"":2,""inscritos_regular"":1,""inscritos_vestibulando"":0,""inscritos"":1}]",9,False,
2026-1,GMA00155,CÁLCULO 2,CC,,O1,/graduacao/quadrodehorarios/turmas/100000450145,Ter 11:00-13:00; Qui 11:00-13:00,"[{""codigo_curso"":""31"",""curso"":""Ciência da Computação"",""vagas_regular"":13,""vagas_vestibulando"":0,""vagas"":13,""inscritos_regular"":6,""inscritos_vestibulando"":0,""inscritos"":6},{""codigo_curso"":""20"",""curso"":""Matemática"",""vagas_regular"":3,""vagas_vestibulando"":0,""vagas"":3,""inscritos_regular"":3,""inscritos_vestibulando"":0,""inscritos"":3},{""codigo_curso"":""51"",""curso"":""Engenharia de Petróleo"",""vagas_regular"":2,""vagas_vestibulando"":0,""vagas"":2,""inscritos_regular"":2,""inscritos_vestibulando"":0,""inscritos"":2},{""codigo_curso"":""29"",""curso"":""Química Industrial"",""vagas_regular"":5,""vagas_vestibulando"":0,""vagas"":5,""inscritos_regular"":4,""inscritos_vestibulando"":0,""inscritos"":4},{""codigo_curso"":""54"",""curso"":""Estatística"",""vagas_regular"":5,""vagas_vestibulando"":0,""vagas"":5,""inscritos_regular"":4,""inscritos_vestibulando"":0,""inscritos"":4},{""codigo_curso"":""37"",""curso"":""Engenharia Civil"",""vagas_regular"":7,""vagas_vestibulando"":0,""vagas"":7,""inscritos_regular"":3,""inscritos_vestibulando"":0,""inscritos"":3},{""codigo_curso"":""42"",""curso"":""Engenharia de Produção"",""vagas_regular"":4,""vagas_vestibulando"":0,""vagas"":4,""inscritos_regular"":2,""inscritos_vestibulando"":0,""inscritos"":2}]",9,False,
2026-1,GMA00155,CÁLCULO 2,CC,,P2,/graduacao/quadrodehorarios/turmas/100000450155,Ter 14:00-16:00; Qui 14:00-16:00,"[{""codigo_curso"":""40"",""curso"":""Engenharia Mecânica"",""vagas_regular"":15,""vagas_vestibulando"":0,""vagas"":15,""inscritos_regular"":13,""inscritos_vestibulando"":0,""inscritos"":13},{""codigo_curso"":""38"",""curso"":""Engenharia Elétrica"",""vagas_regular"":7,""vagas_vestibulando"":0,""vagas"":7,""inscritos_regular"":7,""inscritos_vestibulando"":0,""inscritos"":7},{""codigo_curso"":""41"",""curso"":""Engenharia de Telecomunicações"",""vagas_regular"":18,""vagas_vestibulando"":1,""vagas"":19,""inscritos_regular"":12,""inscritos_vestibulando"":0,""inscritos"":12},{""codigo_curso"":""31"",""curso"":""Ciência da Computação"",""vagas_regular"":5,""vagas_vestibulando"":1,""vagas"":6,""inscritos_regular"":3,""inscritos_vestibulando"":1,""inscritos"":4}]",9,False,
2026-1,GMA00155,CÁLCULO 2,CC,,P9,/graduacao/quadrodehorarios/turmas/100000450157,Ter 14:00-16:00; Qui 14:00-16:00,"[{""codigo_curso"":""31"",""curso"":""Ciência da Computação"",""vagas_regular"":25,""vagas_vestibulando"":0,""vagas"":25,""inscritos_regular"":23,""inscritos_vestibulando"":0,""inscritos"":23},{""codigo_curso"":""25"",""curso"":""Física"",""vagas_regular"":6,""vagas_vestibulando"":0,""vagas"":6,""inscritos_regular"":5,""inscritos_vestibulando"":0,""inscritos"":5},{""codigo_curso"":""28"",""curso"":""Química"",""vagas_regular"":9,""vagas_vestibulando"":0,""vagas"":9,""inscritos_regular"":9,""inscritos_vestibulando"":0,""inscritos"":9},{""codigo_curso"":""29"",""curso"":""Química Industrial"",""vagas_regular"":2,""vagas_vestibulando"":0,""vagas"":2,""inscritos_regular"":2,""inscritos_vestibulando"":0,""inscritos"":2},{""codigo_curso"":""20"",""curso"":""Matemática"",""vagas_regular"":1,""vagas_vestibulando"":0,""vagas"":1,""inscritos_regular"":1,""inscritos_vestibulando"":0,""inscritos"":1},{""codigo_curso"":""54"",""curso"":""Estatística"",""vagas_regular"":5,""vagas_vestibulando"":0,""vagas"":5,""inscritos_regular"":3,""inscritos_vestibulando"":0,""inscritos"":3}]",9,False,
2026-1,GMA00155,CÁLCULO 2,CC,,Q1,/graduacao/quadrodehorarios/turmas/100000450158,Ter 16:00-18:00; Qui 16:00-18:00,"[{""codigo_curso"":""40"",""curso"":""Engenharia Mecânica"",""vagas_regular"":5,""vagas_vestibulando"":0,""vagas"":5,""inscritos_regular"":4,""inscritos_vestibulando"":0,""inscritos"":4},{""codigo_curso"":""28"",""curso"":""Química"",""vagas_regular"":4,""vagas_vestibulando"":0,""vagas"":4,""inscritos_regular"":1,""inscritos_vestibulando"":0,""inscritos"":1},{""codigo_curso"":""27"",""curso"":""Engenharia Química"",""vagas_regular"":3,""vagas_vestibulando"":0,""vagas"":3,""inscritos_regular"":3,""inscritos_vestibulando"":0,""inscritos"":3},{""codigo_curso"":""43"",""curso"":""Engenharia Agrícola e Ambiental"",""vagas_regular"":7,""vagas_vestibulando"":0,""vagas"":7,""inscritos_regular"":6,""inscritos_vestibulando"":0,""inscritos"":6},{""codigo_curso"":""31"",""curso"":""Ciência da Computação"",""vagas_regular"":19,""vagas_vestibulando"":0,""vagas"":19,""inscritos_regular"":18,""inscritos_vestibulando"":0,""inscritos"":18},{""codigo_curso"":""56"",""curso"":""Eng. de Recursos Hídricos e Meio Ambiente"",""vagas_regular"":9,""vagas_vestibulando"":0,""vagas"":9,""inscritos_regular"":5,""inscritos_vestibulando"":0,""inscritos"":5},{""codigo_curso"":""20"",""curso"":""Matemática"",""vagas_regular"":2,""vagas_vestibulando"":0,""vagas"":2,""inscritos_regular"":0,""inscritos_vestibulando"":0,""inscritos"":0}]",9,False,
2026-1,GMA00155,CÁLCULO 2,CC,,R1,/graduacao/quadrodehorarios/turmas/100000450164,Ter 18:00-20:00; Qui 18:00-20:00,"[{""codigo_curso"":""37"",""curso"":""Engenharia Civil"",""vagas_regular"":4,""vagas_vestibulando"":0,""vagas"":4,""inscritos_regular"":1,""inscritos_vestibulando"":0,""inscritos"":1},{""codigo_curso"":""40"",""curso"":""Engenharia Mecânica"",""vagas_regular"":1,""vagas_vestibulando"":0,""vagas"":1,""inscritos_regular"":1,""inscritos_vestibulando"":0,""inscritos"":1},{""codigo_curso"":""43"",""curso"":""Engenharia Agrícola e Ambiental"",""vagas_regular"":5,""vagas_vestibulando"":0,""vagas"":5,""inscritos_regular"":3,""inscritos_vestibulando"":0,""inscritos"":3},{""codigo_curso"":""31"",""curso"":""Ciência da Computação"",""vagas_regular"":3,""vagas_vestibulando"":0,""vagas"":3,""inscritos_regular"":2,""inscritos_vestibulando"":0,""inscritos"":2},{""codigo_curso"":""38"",""curso"":""Engenharia Elétrica"",""vagas_regular"":6,""vagas_vestibulando"":1,""vagas"":7,""inscritos_regular"":6,""inscritos_vestibulando"":1,""inscritos"":7},{""codigo_curso"":""50"",""curso"":""Geofísica"",""vagas_regular"":5,""vagas_vestibulando"":0,""vagas"":5,""inscritos_regular"":4,""inscritos_vestibulando"":0,""inscritos"":4},{""codigo_curso"":""51"",""curso"":""Engenharia de Petróleo"",""vagas_regular"":4,""vagas_vestibulando"":0,""vagas"":4,""inscritos_regular"":3,""inscritos_vestibulando"":0,""inscritos"":3},{""codigo_curso"":""42"",""curso"":""Engenharia de Produção"",""vagas_regular"":2,""vagas_vestibulando"":0,""vagas"":2,""inscritos_regular"":1,""inscritos_vestibulando"":0,""inscritos"":1},{""codigo_curso"":""27"",""curso"":""Engenharia Química"",""vagas_regular"":6,""vagas_vestibulando"":0,""vagas"":6,""inscritos_regular"":6,""inscritos_vestibulando"":0,""inscritos"":6},{""codigo_curso"":""56"",""curso"":""Eng. de Recursos Hídricos e Meio Ambiente"",""vagas_regular"":12,""vagas_vestibulando"":0,""vagas"":12,""inscritos_regular"":9,""inscritos_vestibulando"":0,""inscritos"":9},{""codigo_curso"":""20"",""curso"":""Matemática"",""vagas_regular"":1,""vagas_vestibulando"":0,""vagas"":1,""inscritos_regular"":0,""inscritos_vestibulando"":0,""inscritos"":0}]",9,False,
2026-1,GSI00433,COMPORTAMENTO ORGANIZACIONAL,CC;SI,,A1,/graduacao/quadrodehorarios/turmas/100000446321,Ter 18:00-22:00,"[{""codigo_curso"":""83"",""curso"":""Sistemas de Informação"",""vagas_regular"":30,""vagas_vestibulando"":0,""vagas"":30,""inscritos_regular"":29,""inscritos_vestibulando"":0,""inscritos"":29},{""codigo_curso"":""31"",""curso"":""Ciência da Computação"",""vagas_regular"":5,""vagas_vestibulando"":0,""vagas"":5,""inscritos_regular"":4,""inscritos_vestibulando"":0,""inscritos"":4}]",2,False,
2026-1,GSI00433,COMPORTAMENTO ORGANIZACIONAL,SI,,B1,/graduacao/quadrodehorarios/turmas/100000446322,Ter 18:00-22:00,"[{""codigo_curso"":""83"",""curso"":""Sistemas de Informação"",""vagas_regular"":35,""vagas_vestibulando"":0,""vagas"":35,""inscritos_regular"":28,""inscritos_vestibulando"":0,""inscritos"":28}]",2,False,
2026-1,SDV00143,PROPRIEDADE INTELECTUAL,CC;SI,,P1,/graduacao/quadrodehorarios/turmas/100000441238,Ter 18:00-20:00; Ter 20:00-22:00,"[{""codigo_curso"":""31"",""curso"":""Ciência da Computação"",""vagas_regular"":10,""vagas_vestibulando"":0,""vagas"":10,""inscritos_regular"":7,""inscritos_vestibulando"":0,""inscritos"":7},{""codigo_curso"":""83"",""curso"":""Sistemas de Informação"",""vagas_regular"":58,""vagas_vestibulando"":2,""vagas"":60,""inscritos_regular"":55,""inscritos_vestibulando"":0,""inscritos"":55}]",1,False,
2026-1,STA00168,DESENVOLVIMENTO DE PESSOAS,CC;SI,,P1,/graduacao/quadrodehorarios/turmas/100000440926,Ter 18:00-22:00,"[{""codigo_curso"":""31"",""curso"":""Ciência da Computação"",""vagas_regular"":10,""vagas_vestibulando"":0,""vagas"":10,""inscritos_regular"":8,""inscritos_vestibulando"":0,""inscritos"":8},{""codigo_curso"":""83"",""curso"":""Sistemas de Informação"",""vagas_regular"":58,""vagas_vestibulando"":2,""vagas"":60,""inscritos_regular"":52,""inscritos_vestibulando"":0,""inscritos"":52},{""codigo_curso"":""97"",""curso"":""Disciplina Isolada"",""vagas_regular"":2,""vagas_vestibulando"":0,""vagas"":2,""inscritos_regular"":2,""inscritos_vestibulando"":0,""inscritos"":2}]",1,False,
2026-1,STA00191,INTELIGÊNCIA DE NEGÓCIOS,CC;SI,,P1,/graduacao/quadrodehorarios/turmas/100000440930,Ter 18:00-22:00,"[{""codigo_curso"":""31"",""curso"":""Ciência da Computação"",""vagas_regular"":10,""vagas_vestibulando"":0,""vagas"":10,""inscritos_regular"":7,""inscritos_vestibulando"":0,""inscritos"":7},{""codigo_curso"":""83"",""curso"":""Sistemas de Informação"",""vagas_regular"":50,""vagas_vestibulando"":0,""vagas"":50,""inscritos_regular"":47,""inscritos_vestibulando"":0,""inscritos"":47}]",1,False,
2026-1,STA00267,MODELOS DE GESTÃO CONTEMPORÂNEA,CC;SI,,P1,/graduacao/quadrodehorarios/turmas/100000443919,Qui 18:00-22:00,"[{""codigo_curso"":""83"",""curso"":""Sistemas de Informação"",""vagas_regular"":63,""vagas_vestibulando"":0,""vagas"":63,""inscritos_regular"":63,""inscritos_vestibulando"":0,""inscritos"":63},{""codigo_curso"":""31"",""curso"":""Ciência da Computação"",""vagas_regular"":5,""vagas_vestibulando"":0,""vagas"":5,""inscritos_regular"":5,""inscritos_vestibulando"":0,""inscritos"":5},{""codigo_curso"":""117"",""curso"":""Administração Pública"",""vagas_regular"":7,""vagas_vestibulando"":0,""vagas"":7,""inscritos_regular"":6,""inscritos_vestibulando"":0,""inscritos"":6}]",1,False,
2026-1,STE00005,COMUNICAÇÃO EMPRESARIAL,SI,,A1,/graduacao/quadrodehorarios/turmas/100000449551,Sex 18:00-22:00,"[{""codigo_curso"":""107"",""curso"":""Graduação Tecnológica em Processos Gerenciais"",""vagas_regular"":36,""vagas_vestibulando"":0,""vagas"":36,""inscritos_regular"":31,""inscritos_vestibulando"":0,""inscritos"":31},{""codigo_curso"":""83"",""curso"":""Sistemas de Informação"",""vagas_regular"":10,""vagas_vestibulando"":0,""vagas"":10,""inscritos_regular"":9,""inscritos_vestibulando"":0,""inscritos"":9}]",1,False,
2026-1,STE00014,INOVAÇÃO NAS ORGANIZAÇÕES,SI,,A1,/graduacao/quadrodehorarios/turmas/100000449544,Ter 18:00-22:00,"[{""codigo_curso"":""107"",""curso"":""Graduação Tecnológica em Processos Gerenciais"",""vagas_regular"":46,""vagas_vestibulando"":0,""vagas"":46,""inscritos_regular"":43,""inscritos_vestibulando"":0,""inscritos"":43},{""codigo_curso"":""83"",""curso"":""Sistemas de Informação"",""vagas_regular"":2,""vagas_vestibulando"":0,""vagas"":2,""inscritos_regular"":1,""inscritos_vestibulando"":0,""inscritos"":1},{""codigo_curso"":""117"",""curso"":""Administração Pública"",""vagas_regular"":5,""vagas_vestibulando"":0,""vagas"":5,""inscritos_regular"":5,""inscritos_vestibulando"":0,""inscritos"":5},{""codigo_curso"":""97"",""curso"":""Disciplina Isolada"",""vagas_regular"":1,""vagas_vestibulando"":0,""vagas"":1,""inscritos_regular"":1,""inscritos_vestibulando"":0,""inscritos"":1}]",1,False,
2026-1,STE00018,GESTÃO DE PROJETOS,SI,,A1,/graduacao/quadrodehorarios/turmas/100000449538,Seg 18:00-22:00,"[{""codigo_curso"":""107"",""curso"":""Graduação Tecnológica em Processos Gerenciais"",""vagas_regular"":33,""vagas_vestibulando"":0,""vagas"":33,""inscritos_regular"":31,""inscritos_vestibulando"":0,""inscritos"":31},{""codigo_curso"":""83"",""curso"":""Sistemas de Informação"",""vagas_regular"":1,""vagas_vestibulando"":0,""vagas"":1,""inscritos_regular"":1,""inscritos_vestibulando"":0,""inscritos"":1}]",1,False,
2026-1,TCC00202,"VISUALIZAÇÃO, SIMULAÇÃO E JOGOS DIGITAIS",CC;SI,,X1,/graduacao/quadrodehorarios/turmas/100000451431,Ter 09:00-11:00; Qui 09:00-11:00,"[{""codigo_curso"":""49"",""curso"":""Estudos de Mídia"",""vagas_regular"":1,""vagas_vestibulando"":0,""vagas"":1,""inscritos_regular"":1,""inscritos_vestibulando"":0,""inscritos"":1},{""codigo_curso"":""31"",""curso"":""Ciência da Computação"",""vagas_regular"":10,""vagas_vestibulando"":0,""vagas"":10,""inscritos_regular"":8,""inscritos_vestibulando"":0,""inscritos"":8},{""codigo_curso"":""83"",""curso"":""Sistemas de Informação"",""vagas_regular"":10,""vagas_vestibulando"":0,""vagas"":10,""inscritos_regular"":2,""inscritos_vestibulando"":0,""inscritos"":2},{""codigo_curso"":""41"",""curso"":""Engenharia de Telecomunicações"",""vagas_regular"":1,""vagas_vestibulando"":0,""vagas"":1,""inscritos_regular"":1,""inscritos_vestibulando"":0,""inscritos"":1}]",1,False,
2026-1,TCC00226,DESENVOLVIMENTO WEB,CC,,X1,/graduacao/quadrodehorarios/turmas/100000451398,Seg 11:00-13:00; Qua 11:00-13:00,"[{""codigo_curso"":""31"",""curso"":""Ciência da Computação"",""vagas_regular"":40,""vagas_vestibulando"":0,""vagas"":40,""inscritos_regular"":14,""inscritos_vestibulando"":0,""inscritos"":14},{""codigo_curso"":""83"",""curso"":""Sistemas de Informação"",""vagas_regular"":5,""vagas_vestibulando"":0,""vagas"":5,""inscritos_regular"":2,""inscritos_vestibulando"":0,""inscritos"":2}]",2,False,
2026-1,TCC00240,TÓPICOS EM CIÊNCIA DA COMPUTAÇÃO,SI,,A1,/graduacao/quadrodehorarios/turmas/100000451520,Ter 18:00-22:00,"[{""codigo_curso"":""31"",""curso"":""Ciência da Computação"",""vagas_regular"":5,""vagas_vestibulando"":0,""vagas"":5,""inscritos_regular"":1,""inscritos_vestibulando"":0,""inscritos"":1},{""codigo_curso"":""83"",""curso"":""Sistemas de Informação"",""vagas_regular"":5,""vagas_vestibulando"":0,""vagas"":5,""inscritos_regular"":3,""inscritos_vestibulando"":0,""inscritos"":3}]",1,False,
2026-1,TCC00243,TÓPICOS EM COMPUTAÇÃO III,CC,,Z1,/graduacao/quadrodehorarios/turmas/100000451522,Sab 14:00-18:00,"[{""codigo_curso"":""31"",""curso"":""Ciência da Computação"",""vagas_regular"":1,""vagas_vestibulando"":0,""vagas"":1,""inscritos_regular"":1,""inscritos_vestibulando"":0,""inscritos"":1}]",1,False,
2026-1,TCC00307,PROGRAMAÇÃO CIENTÍFICA,CC,,Z1,/graduacao/quadrodehorarios/turmas/100000451521,Sab 14:00-18:00,"[{""codigo_curso"":""31"",""curso"":""Ciência da Computação"",""vagas_regular"":1,""vagas_vestibulando"":0,""vagas"":1,""inscritos_regular"":1,""inscritos_vestibulando"":0,""inscritos"":1}]",2,False,
2026-1,TCC00324,GOVERNANÇA EM TECNOLOGIA DA INFORMAÇÃO,SI,,Z1,/graduacao/quadrodehorarios/turmas/100000451591,Seg 18:00-20:00; Qua 18:00-20:00,"[{""codigo_curso"":""83"",""curso"":""Sistemas de Informação"",""vagas_regular"":3,""vagas_vestibulando"":0,""vagas"":3,""inscritos_regular"":3,""inscritos_vestibulando"":0,""inscritos"":3}]",2,False,
2026-1,TEC00209,PROPRIEDADE INDUSTRIAL,CC,,A1,/graduacao/quadrodehorarios/turmas/100000440029,Sex 14:00-18:00,"[{""codigo_curso"":""96"",""curso"":""Desenho Industrial"",""vagas_regular"":40,""vagas_vestibulando"":0,""vagas"":40,""inscritos_regular"":32,""inscritos_vestibulando"":0,""inscritos"":32},{""codigo_curso"":""40"",""curso"":""Engenharia Mecânica"",""vagas_regular"":8,""vagas_vestibulando"":0,""vagas"":8,""inscritos_regular"":6,""inscritos_vestibulando"":0,""inscritos"":6},{""codigo_curso"":""31"",""curso"":""Ciência da Computação"",""vagas_regular"":23,""vagas_vestibulando"":0,""vagas"":23,""inscritos_regular"":6,""inscritos_vestibulando"":0,""inscritos"":6},{""codigo_curso"":""37"",""curso"":""Engenharia Civil"",""vagas_regular"":13,""vagas_vestibulando"":0,""vagas"":13,""inscritos_regular"":0,""inscritos_vestibulando"":0,""inscritos"":0},{""codigo_curso"":""56"",""curso"":""Eng. de Recursos Hídricos e Meio Ambiente"",""vagas_regular"":5,""vagas_vestibulando"":0,""vagas"":5,""inscritos_regular"":3,""inscritos_vestibulando"":0,""inscritos"":3},{""codigo_curso"":""42"",""curso"":""Engenharia de Produção"",""vagas_regular"":10,""vagas_vestibulando"":0,""vagas"":10,""inscritos_regular"":4,""inscritos_vestibulando"":0,""inscritos"":4}]",2,False,
2026-1,TEC00209,PROPRIEDADE INDUSTRIAL,CC,,B1,/graduacao/quadrodehorarios/turmas/100000440052,Sex 08:00-12:00,"[{""codigo_curso"":""42"",""curso"":""Engenharia de Produção"",""vagas_regular"":10,""vagas_vestibulando"":0,""vagas"":10,""inscritos_regular"":3,""inscritos_vestibulando"":0,""inscritos"":3},{""codigo_curso"":""31"",""curso"":""Ciência da Computação"",""vagas_regular"":23,""vagas_vestibulando"":0,""vagas"":23,""inscritos_regular"":18,""inscritos_vestibulando"":0,""inscritos"":18},{""codigo_curso"":""37"",""curso"":""Engenharia Civil"",""vagas_regular"":10,""vagas_vestibulando"":0,""vagas"":10,""inscritos_regular"":2,""inscritos_vestibulando"":0,""inscritos"":2},{""codigo_curso"":""40"",""curso"":""Engenharia Mecânica"",""vagas_regular"":10,""vagas_vestibulando"":0,""vagas"":10,""inscritos_regular"":6,""inscritos_vestibulando"":0,""inscritos"":6},{""codigo_curso"":""56"",""curso"":""Eng. de Recursos Hídricos e Meio Ambiente"",""vagas_regular"":5,""vagas_vestibulando"":0,""vagas"":5,""inscritos_regular"":2,""inscritos_vestibulando"":0,""inscritos"":2},{""codigo_curso"":""96"",""curso"":""Desenho Industrial"",""vagas_regular"":25,""vagas_vestibulando"":0,""vagas"":25,""inscritos_regular"":11,""inscritos_vestibulando"":0,""inscritos"":11}]",2,False,
2026-1,TEP00006,EMPREENDEDORISMO,SI,,A1,/graduacao/quadrodehorarios/turmas/100000446643,Seg 14:00-18:00,"[{""codigo_curso"":""42"",""curso"":""Engenharia de Produção"",""vagas_regular"":18,""vagas_vestibulando"":0,""vagas"":18,""inscritos_regular"":12,""inscritos_vestibulando"":0,""inscritos"":12},{""codigo_curso"":""54"",""curso"":""Estatística"",""vagas_regular"":4,""vagas_vestibulando"":0,""vagas"":4,""inscritos_regular"":2,""inscritos_vestibulando"":0,""inscritos"":2},{""codigo_curso"":""83"",""curso"":""Sistemas de Informação"",""vagas_regular"":2,""vagas_vestibulando"":0,""vagas"":2,""inscritos_regular"":1,""inscritos_vestibulando"":0,""inscritos"":1},{""codigo_curso"":""96"",""curso"":""Desenho Industrial"",""vagas_regular"":28,""vagas_vestibulando"":0,""vagas"":28,""inscritos_regular"":21,""inscritos_vestibulando"":0,""inscritos"":21},{""codigo_curso"":""97"",""curso"":""Disciplina Isolada"",""vagas_regular"":1,""vagas_vestibulando"":0,""vagas"":1,""inscritos_regular"":1,""inscritos_vestibulando"":0,""inscritos"":1}]",2,False,
2026-1,TEP00006,EMPREENDEDORISMO,SI,,A2,/graduacao/quadrodehorarios/turmas/100000446668,Ter 14:00-18:00,"[{""codigo_curso"":""42"",""curso"":""Engenharia de Produção"",""vagas_regular"":19,""vagas_vestibulando"":1,""vagas"":20,""inscritos_regular"":17,""inscritos_vestibulando"":1,""inscritos"":18},{""codigo_curso"":""83"",""curso"":""Sistemas de Informação"",""vagas_regular"":5,""vagas_vestibulando"":0,""vagas"":5,""inscritos_regular"":5,""inscritos_vestibulando"":0,""inscritos"":5},{""codigo_curso"":""96"",""curso"":""Desenho Industrial"",""vagas_regular"":30,""vagas_vestibulando"":0,""vagas"":30,""inscritos_regular"":28,""inscritos_vestibulando"":0,""inscritos"":28}]",2,False,
2026-1,TEP00108,ADMINISTRAÇÃO APLICADA À ENGENHARIA,CC,,A1,/graduacao/quadrodehorarios/turmas/100000446631,Seg 09:00-13:00,"[{""codigo_curso"":""27"",""curso"":""Engenharia Química"",""vagas_regular"":10,""vagas_vestibulando"":0,""vagas"":10,""inscritos_regular"":6,""inscritos_vestibulando"":0,""inscritos"":6},{""codigo_curso"":""31"",""curso"":""Ciência da Computação"",""vagas_regular"":6,""vagas_vestibulando"":0,""vagas"":6,""inscritos_regular"":4,""inscritos_vestibulando"":0,""inscritos"":4},{""codigo_curso"":""38"",""curso"":""Engenharia Elétrica"",""vagas_regular"":8,""vagas_vestibulando"":0,""vagas"":8,""inscritos_regular"":7,""inscritos_vestibulando"":0,""inscritos"":7},{""codigo_curso"":""40"",""curso"":""Engenharia Mecânica"",""vagas_regular"":5,""vagas_vestibulando"":0,""vagas"":5,""inscritos_regular"":2,""inscritos_vestibulando"":0,""inscritos"":2},{""codigo_curso"":""51"",""curso"":""Engenharia de Petróleo"",""vagas_regular"":5,""vagas_vestibulando"":0,""vagas"":5,""inscritos_regular"":2,""inscritos_vestibulando"":0,""inscritos"":2},{""codigo_curso"":""96"",""curso"":""Desenho Industrial"",""vagas_regular"":7,""vagas_vestibulando"":0,""vagas"":7,""inscritos_regular"":5,""inscritos_vestibulando"":0,""inscritos"":5},{""codigo_curso"":""41"",""curso"":""Engenharia de Telecomunicações"",""vagas_regular"":6,""vagas_vestibulando"":0,""vagas"":6,""inscritos_regular"":3,""inscritos_vestibulando"":0,""inscritos"":3}]",3,False,
2026-1,TEP00108,ADMINISTRAÇÃO APLICADA À ENGENHARIA,CC;SI,,B1,/graduacao/quadrodehorarios/turmas/100000446602,Seg 14:00-18:00,"[{""codigo_curso"":""27"",""curso"":""Engenharia Química"",""vagas_regular"":8,""vagas_vestibulando"":0,""vagas"":8,""inscritos_regular"":7,""inscritos_vestibulando"":0,""inscritos"":7},{""codigo_curso"":""31"",""curso"":""Ciência da Computação"",""vagas_regular"":7,""vagas_vestibulando"":0,""vagas"":7,""inscritos_regular"":7,""inscritos_vestibulando"":0,""inscritos"":7},{""codigo_curso"":""38"",""curso"":""Engenharia Elétrica"",""vagas_regular"":7,""vagas_vestibulando"":0,""vagas"":7,""inscritos_regular"":6,""inscritos_vestibulando"":0,""inscritos"":6},{""codigo_curso"":""40"",""curso"":""Engenharia Mecânica"",""vagas_regular"":3,""vagas_vestibulando"":0,""vagas"":3,""inscritos_regular"":0,""inscritos_vestibulando"":0,""inscritos"":0},{""codigo_curso"":""51"",""curso"":""Engenharia de Petróleo"",""vagas_regular"":3,""vagas_vestibulando"":0,""vagas"":3,""inscritos_regular"":0,""inscritos_vestibulando"":0,""inscritos"":0},{""codigo_curso"":""83"",""curso"":""Sistemas de Informação"",""vagas_regular"":7,""vagas_vestibulando"":0,""vagas"":7,""inscritos_regular"":0,""inscritos_vestibulando"":0,""inscritos"":0},{""codigo_curso"":""96"",""curso"":""Desenho Industrial"",""vagas_regular"":10,""vagas_vestibulando"":0,""vagas"":10,""inscritos_regular"":6,""inscritos_vestibulando"":0,""inscritos"":6},{""codigo_curso"":""41"",""curso"":""Engenharia de Telecomunicações"",""vagas_regular"":2,""vagas_vestibulando"":0,""vagas"":2,""inscritos_regular"":0,""inscritos_vestibulando"":0,""inscritos"":0},{""codigo_curso"":""37"",""curso"":""Engenharia Civil"",""vagas_regular"":2,""vagas_vestibulando"":0,""vagas"":2,""inscritos_regular"":2,""inscritos_vestibulando"":0,""inscritos"":2}]",3,False,
2026-1,TEP00108,ADMINISTRAÇÃO APLICADA À ENGENHARIA,CC,,C1,/graduacao/quadrodehorarios/turmas/100000446611,Seg 18:00-22:00,"[{""codigo_curso"":""27"",""curso"":""Engenharia Química"",""vagas_regular"":8,""vagas_vestibulando"":0,""vagas"":8,""inscritos_regular"":7,""inscritos_vestibulando"":0,""inscritos"":7},{""codigo_curso"":""38"",""curso"":""Engenharia Elétrica"",""vagas_regular"":7,""vagas_vestibulando"":0,""vagas"":7,""inscritos_regular"":6,""inscritos_vestibulando"":0,""inscritos"":6},{""codigo_curso"":""40"",""curso"":""Engenharia Mecânica"",""vagas_regular"":5,""vagas_vestibulando"":0,""vagas"":5,""inscritos_regular"":4,""inscritos_vestibulando"":0,""inscritos"":4},{""codigo_curso"":""41"",""curso"":""Engenharia de Telecomunicações"",""vagas_regular"":7,""vagas_vestibulando"":0,""vagas"":7,""inscritos_regular"":7,""inscritos_vestibulando"":0,""inscritos"":7},{""codigo_curso"":""51"",""curso"":""Engenharia de Petróleo"",""vagas_regular"":1,""vagas_vestibulando"":0,""vagas"":1,""inscritos_regular"":1,""inscritos_vestibulando"":0,""inscritos"":1},{""codigo_curso"":""96"",""curso"":""Desenho Industrial"",""vagas_regular"":13,""vagas_vestibulando"":0,""vagas"":13,""inscritos_regular"":13,""inscritos_vestibulando"":0,""inscritos"":13},{""codigo_curso"":""31"",""curso"":""Ciência da Computação"",""vagas_regular"":3,""vagas_vestibulando"":0,""vagas"":3,""inscritos_regular"":2,""inscritos_vestibulando"":0,""inscritos"":2},{""codigo_curso"":""37"",""curso"":""Engenharia Civil"",""vagas_regular"":5,""vagas_vestibulando"":0,""vagas"":5,""inscritos_regular"":1,""inscritos_vestibulando"":0,""inscritos"":1},{""codigo_curso"":""42"",""curso"":""Engenharia de Produção"",""vagas_regular"":1,""vagas_vestibulando"":0,""vagas"":1,""inscritos_regular"":0,""inscritos_vestibulando"":0,""inscritos"":0}]",3,False,
2026-1,TEP00109,ECONOMIA APLICADA À ENGENHARIA,CC,,T1,/graduacao/quadrodehorarios/turmas/100000446600,Qua 18:00-22:00,"[{""codigo_curso"":""38"",""curso"":""Engenharia Elétrica"",""vagas_regular"":11,""vagas_vestibulando"":0,""vagas"":11,""inscritos_regular"":11,""inscritos_vestibulando"":0,""inscritos"":11},{""codigo_curso"":""40"",""curso"":""Engenharia Mecânica"",""vagas_regular"":3,""vagas_vestibulando"":0,""vagas"":3,""inscritos_regular"":0,""inscritos_vestibulando"":0,""inscritos"":0},{""codigo_curso"":""41"",""curso"":""Engenharia de Telecomunicações"",""vagas_regular"":4,""vagas_vestibulando"":0,""vagas"":4,""inscritos_regular"":2,""inscritos_vestibulando"":0,""inscritos"":2},{""codigo_curso"":""42"",""curso"":""Engenharia de Produção"",""vagas_regular"":7,""vagas_vestibulando"":0,""vagas"":7,""inscritos_regular"":2,""inscritos_vestibulando"":0,""inscritos"":2},{""codigo_curso"":""96"",""curso"":""Desenho Industrial"",""vagas_regular"":10,""vagas_vestibulando"":0,""vagas"":10,""inscritos_regular"":9,""inscritos_vestibulando"":0,""inscritos"":9},{""codigo_curso"":""31"",""curso"":""Ciência da Computação"",""vagas_regular"":5,""vagas_vestibulando"":0,""vagas"":5,""inscritos_regular"":3,""inscritos_vestibulando"":0,""inscritos"":3},{""codigo_curso"":""51"",""curso"":""Engenharia de Petróleo"",""vagas_regular"":5,""vagas_vestibulando"":0,""vagas"":5,""inscritos_regular"":4,""inscritos_vestibulando"":0,""inscritos"":4},{""codigo_curso"":""56"",""curso"":""Eng. de Recursos Hídricos e Meio Ambiente"",""vagas_regular"":2,""vagas_vestibulando"":0,""vagas"":2,""inscritos_regular"":2,""inscritos_vestibulando"":0,""inscritos"":2},{""codigo_curso"":""37"",""curso"":""Engenharia Civil"",""vagas_regular"":1,""vagas_vestibulando"":0,""vagas"":1,""inscritos_regular"":1,""inscritos_vestibulando"":0,""inscritos"":1}]",1,False,
2026-1,TEP00110,ENGENHARIA ECONÔMICA,CC,,B1,/graduacao/quadrodehorarios/turmas/100000446619,Sex 07:00-09:00,"[{""codigo_curso"":""31"",""curso"":""Ciência da Computação"",""vagas_regular"":10,""vagas_vestibulando"":0,""vagas"":10,""inscritos_regular"":6,""inscritos_vestibulando"":0,""inscritos"":6},{""codigo_curso"":""40"",""curso"":""Engenharia Mecânica"",""vagas_regular"":5,""vagas_vestibulando"":0,""vagas"":5,""inscritos_regular"":3,""inscritos_vestibulando"":0,""inscritos"":3},{""codigo_curso"":""42"",""curso"":""Engenharia de Produção"",""vagas_regular"":20,""vagas_vestibulando"":0,""vagas"":20,""inscritos_regular"":4,""inscritos_vestibulando"":0,""inscritos"":4},{""codigo_curso"":""38"",""curso"":""Engenharia Elétrica"",""vagas_regular"":1,""vagas_vestibulando"":0,""vagas"":1,""inscritos_regular"":0,""inscritos_vestibulando"":0,""inscritos"":0}]",4,False,
2026-1,TEP00110,ENGENHARIA ECONÔMICA,CC,,C1,/graduacao/quadrodehorarios/turmas/100000446627,Sex 09:00-11:00,"[{""codigo_curso"":""31"",""curso"":""Ciência da Computação"",""vagas_regular"":10,""vagas_vestibulando"":0,""vagas"":10,""inscritos_regular"":5,""inscritos_vestibulando"":0,""inscritos"":5},{""codigo_curso"":""40"",""curso"":""Engenharia Mecânica"",""vagas_regular"":5,""vagas_vestibulando"":0,""vagas"":5,""inscritos_regular"":2,""inscritos_vestibulando"":0,""inscritos"":2},{""codigo_curso"":""42"",""curso"":""Engenharia de Produção"",""vagas_regular"":20,""vagas_vestibulando"":0,""vagas"":20,""inscritos_regular"":4,""inscritos_vestibulando"":0,""inscritos"":4},{""codigo_curso"":""51"",""curso"":""Engenharia de Petróleo"",""vagas_regular"":3,""vagas_vestibulando"":0,""vagas"":3,""inscritos_regular"":3,""inscritos_vestibulando"":0,""inscritos"":3},{""codigo_curso"":""96"",""curso"":""Desenho Industrial"",""vagas_regular"":5,""vagas_vestibulando"":0,""vagas"":5,""inscritos_regular"":0,""inscritos_vestibulando"":0,""inscritos"":0},{""codigo_curso"":""115"",""curso"":""Engenharia de Produção (Petrópolis)"",""vagas_regular"":1,""vagas_vestibulando"":0,""vagas"":1,""inscritos_regular"":0,""inscritos_vestibulando"":0,""inscritos"":0}]",4,False,
2026-1,TEP00110,ENGENHARIA ECONÔMICA,CC,,D1,/graduacao/quadrodehorarios/turmas/100000446639,Sex 11:00-13:00,"[{""codigo_curso"":""42"",""curso"":""Engenharia de Produção"",""vagas_regular"":20,""vagas_vestibulando"":0,""vagas"":20,""inscritos_regular"":11,""inscritos_vestibulando"":0,""inscritos"":11},{""codigo_curso"":""31"",""curso"":""Ciência da Computação"",""vagas_regular"":10,""vagas_vestibulando"":0,""vagas"":10,""inscritos_regular"":5,""inscritos_vestibulando"":0,""inscritos"":5},{""codigo_curso"":""40"",""curso"":""Engenharia Mecânica"",""vagas_regular"":5,""vagas_vestibulando"":0,""vagas"":5,""inscritos_regular"":2,""inscritos_vestibulando"":0,""inscritos"":2},{""codigo_curso"":""51"",""curso"":""Engenharia de Petróleo"",""vagas_regular"":2,""vagas_vestibulando"":0,""vagas"":2,""inscritos_regular"":0,""inscritos_vestibulando"":0,""inscritos"":0}]",4,False,
2026-1,TEP00110,ENGENHARIA ECONÔMICA,CC,,E1,/graduacao/quadrodehorarios/turmas/100000446628,Sex 14:00-16:00,"[{""codigo_curso"":""42"",""curso"":""Engenharia de Produção"",""vagas_regular"":20,""vagas_vestibulando"":0,""vagas"":20,""inscritos_regular"":8,""inscritos_vestibulando"":0,""inscritos"":8},{""codigo_curso"":""31"",""curso"":""Ciência da Computação"",""vagas_regular"":8,""vagas_vestibulando"":0,""vagas"":8,""inscritos_regular"":2,""inscritos_vestibulando"":0,""inscritos"":2},{""codigo_curso"":""40"",""curso"":""Engenharia Mecânica"",""vagas_regular"":5,""vagas_vestibulando"":0,""vagas"":5,""inscritos_regular"":0,""inscritos_vestibulando"":0,""inscritos"":0},{""codigo_curso"":""51"",""curso"":""Engenharia de Petróleo"",""vagas_regular"":2,""vagas_vestibulando"":0,""vagas"":2,""inscritos_regular"":0,""inscritos_vestibulando"":0,""inscritos"":0},{""codigo_curso"":""96"",""curso"":""Desenho Industrial"",""vagas_regular"":5,""vagas_vestibulando"":0,""vagas"":5,""inscritos_regular"":0,""inscritos_vestibulando"":0,""inscritos"":0},{""codigo_curso"":""38"",""curso"":""Engenharia Elétrica"",""vagas_regular"":2,""vagas_vestibulando"":0,""vagas"":2,""inscritos_regular"":0,""inscritos_vestibulando"":0,""inscritos"":0}]",4,False,
2026-1,TEP00111,GERENCIAMENTO DE PROJETOS I,CC;SI,,A1,/graduacao/quadrodehorarios/turmas/100000446640,Ter 07:00-11:00,"[{""codigo_curso"":""54"",""curso"":""Estatística"",""vagas_regular"":8,""vagas_vestibulando"":0,""vagas"":8,""inscritos_regular"":1,""inscritos_vestibulando"":0,""inscritos"":1},{""codigo_curso"":""31"",""curso"":""Ciência da Computação"",""vagas_regular"":2,""vagas_vestibulando"":0,""vagas"":2,""inscritos_regular"":2,""inscritos_vestibulando"":0,""inscritos"":2},{""codigo_curso"":""42"",""curso"":""Engenharia de Produção"",""vagas_regular"":25,""vagas_vestibulando"":0,""vagas"":25,""inscritos_regular"":11,""inscritos_vestibulando"":0,""inscritos"":11},{""codigo_curso"":""83"",""curso"":""Sistemas de Informação"",""vagas_regular"":1,""vagas_vestibulando"":0,""vagas"":1,""inscritos_regular"":0,""inscritos_vestibulando"":0,""inscritos"":0},{""codigo_curso"":""96"",""curso"":""Desenho Industrial"",""vagas_regular"":3,""vagas_vestibulando"":0,""vagas"":3,""inscritos_regular"":1,""inscritos_vestibulando"":0,""inscritos"":1},{""codigo_curso"":""27"",""curso"":""Engenharia Química"",""vagas_regular"":3,""vagas_vestibulando"":0,""vagas"":3,""inscritos_regular"":0,""inscritos_vestibulando"":0,""inscritos"":0},{""codigo_curso"":""51"",""curso"":""Engenharia de Petróleo"",""vagas_regular"":3,""vagas_vestibulando"":0,""vagas"":3,""inscritos_regular"":0,""inscritos_vestibulando"":0,""inscritos"":0}]",2,False,
2026-1,TEP00111,GERENCIAMENTO DE PROJETOS I,CC;SI,,B1,/graduacao/quadrodehorarios/turmas/100000446629,Qua 09:00-13:00,"[{""codigo_curso"":""42"",""curso"":""Engenharia de Produção"",""vagas_regular"":15,""vagas_vestibulando"":0,""vagas"":15,""inscritos_regular"":14,""inscritos_vestibulando"":0,""inscritos"":14},{""codigo_curso"":""54"",""curso"":""Estatística"",""vagas_regular"":9,""vagas_vestibulando"":0,""vagas"":9,""inscritos_regular"":0,""inscritos_vestibulando"":0,""inscritos"":0},{""codigo_curso"":""96"",""curso"":""Desenho Industrial"",""vagas_regular"":7,""vagas_vestibulando"":0,""vagas"":7,""inscritos_regular"":3,""inscritos_vestibulando"":0,""inscritos"":3},{""codigo_curso"":""31"",""curso"":""Ciência da Computação"",""vagas_regular"":4,""vagas_vestibulando"":0,""vagas"":4,""inscritos_regular"":2,""inscritos_vestibulando"":0,""inscritos"":2},{""codigo_curso"":""40"",""curso"":""Engenharia Mecânica"",""vagas_regular"":1,""vagas_vestibulando"":0,""vagas"":1,""inscritos_regular"":0,""inscritos_vestibulando"":0,""inscritos"":0},{""codigo_curso"":""56"",""curso"":""Eng. de Recursos Hídricos e Meio Ambiente"",""vagas_regular"":6,""vagas_vestibulando"":0,""vagas"":6,""inscritos_regular"":0,""inscritos_vestibulando"":0,""inscritos"":0},{""codigo_curso"":""83"",""curso"":""Sistemas de Informação"",""vagas_regular"":1,""vagas_vestibulando"":0,""vagas"":1,""inscritos_regular"":0,""inscritos_vestibulando"":0,""inscritos"":0},{""codigo_curso"":""27"",""curso"":""Engenharia Química"",""vagas_regular"":1,""vagas_vestibulando"":0,""vagas"":1,""inscritos_regular"":1,""inscritos_vestibulando"":0,""inscritos"":1},{""codigo_curso"":""43"",""curso"":""Engenharia Agrícola e Ambiental"",""vagas_regular"":1,""vagas_vestibulando"":0,""vagas"":1,""inscritos_regular"":1,""inscritos_vestibulando"":0,""inscritos"":1}]",2,False,
2026-1,TEP00124,CIÊNCIA E TECNOLOGIA,SI,,T1,/graduacao/quadrodehorarios/turmas/100000446620,Qui 14:00-18:00,"[{""codigo_curso"":""96"",""curso"":""Desenho Industrial"",""vagas_regular"":41,""vagas_vestibulando"":0,""vagas"":41,""inscritos_regular"":39,""inscritos_vestibulando"":0,""inscritos"":39},{""codigo_curso"":""83"",""curso"":""Sistemas de Informação"",""vagas_regular"":8,""vagas_vestibulando"":0,""vagas"":8,""inscritos_regular"":8,""inscritos_vestibulando"":0,""inscritos"":8}]",1,False,
2026-1,TET00319,INTRODUÇÃO AO KIT DE DESENVOLVIMENTO ARDUINO I,CC,,AA,/graduacao/quadrodehorarios/turmas/100000439913,Seg 18:00-20:00; Sab 09:00-11:00,"[{""codigo_curso"":""31"",""curso"":""Ciência da Computação"",""vagas_regular"":10,""vagas_vestibulando"":0,""vagas"":10,""inscritos_regular"":8,""inscritos_vestibulando"":0,""inscritos"":8},{""codigo_curso"":""41"",""curso"":""Engenharia de Telecomunicações"",""vagas_regular"":4,""vagas_vestibulando"":0,""vagas"":4,""inscritos_regular"":1,""inscritos_vestibulando"":0,""inscritos"":1}]",1,False,
2026-1,TET00347,CIRCUITOS DIGITAIS PARA CIÊNCIA DA COMPUTAÇÃO,CC,,A1,/graduacao/quadrodehorarios/turmas/100000439881,Seg 14:00-16:00; Qua 14:00-16:00,"[{""codigo_curso"":""31"",""curso"":""Ciência da Computação"",""vagas_regular"":42,""vagas_vestibulando"":3,""vagas"":45,""inscritos_regular"":34,""inscritos_vestibulando"":0,""inscritos"":34}]",2,False,
2026-1,TET00347,CIRCUITOS DIGITAIS PARA CIÊNCIA DA COMPUTAÇÃO,CC,,B1,/graduacao/quadrodehorarios/turmas/100000439882,Ter 14:00-16:00; Qui 14:00-16:00,"[{""codigo_curso"":""31"",""curso"":""Ciência da Computação"",""vagas_regular"":44,""vagas_vestibulando"":3,""vagas"":47,""inscritos_regular"":39,""inscritos_vestibulando"":1,""inscritos"":40}]",2,False,
2026-2,CGI00002,PROJETO DE APLICAÇÃO I,SI,,A1,/graduacao/quadrodehorarios/turmas/100000463154,Sab 14:00-18:00,"[{""codigo_curso"":""83"",""curso"":""Sistemas de Informação"",""vagas_regular"":60,""vagas_vestibulando"":0,""vagas"":60,""inscritos_regular"":36,""inscritos_vestibulando"":0,""inscritos"":36}]",16,False,
2026-2,CGI00002,PROJETO DE APLICAÇÃO I,SI,,A2,/graduacao/quadrodehorarios/turmas/100000464701,Sab 14:00-18:00,"[{""codigo_curso"":""83"",""curso"":""Sistemas de Informação"",""vagas_regular"":1,""vagas_vestibulando"":0,""vagas"":1,""inscritos_regular"":1,""inscritos_vestibulando"":0,""inscritos"":1}]",16,False,
2026-2,CGI00002,PROJETO DE APLICAÇÃO I,SI,,D1,/graduacao/quadrodehorarios/turmas/100000464248,Sab 14:00-18:00,"[{""codigo_curso"":""83"",""curso"":""Sistemas de Informação"",""vagas_regular"":5,""vagas_vestibulando"":0,""vagas"":5,""inscritos_regular"":5,""inscritos_vestibulando"":0,""inscritos"":5}]",16,False,
2026-2,CGI00002,PROJETO DE APLICAÇÃO I,SI,,E1,/graduacao/quadrodehorarios/turmas/100000464252,Sab 14:00-18:00,"[{""codigo_curso"":""83"",""curso"":""Sistemas de Informação"",""vagas_regular"":2,""vagas_vestibulando"":0,""vagas"":2,""inscritos_regular"":2,""inscritos_vestibulando"":0,""inscritos"":2}]",16,False,
2026-2,CGI00002,PROJETO DE APLICAÇÃO I,SI,,F1,/graduacao/quadrodehorarios/turmas/100000464249,Sab 14:00-18:00,"[{""codigo_curso"":""83"",""curso"":""Sistemas de Informação"",""vagas_regular"":2,""vagas_vestibulando"":0,""vagas"":2,""inscritos_regular"":2,""inscritos_vestibulando"":0,""inscritos"":2}]",16,False,
2026-2,CGI00002,PROJETO DE APLICAÇÃO I,SI,,F2,/graduacao/quadrodehorarios/turmas/100000464250,Sab 14:00-18:00,"[{""codigo_curso"":""83"",""curso"":""Sistemas de Informação"",""vagas_regular"":1,""vagas_vestibulando"":0,""vagas"":1,""inscritos_regular"":1,""inscritos_vestibulando"":0,""inscritos"":1}]",16,False,
2026-2,CGI00002,PROJETO DE APLICAÇÃO I,SI,,G1,/graduacao/quadrodehorarios/turmas/100000464255,Sab 14:00-18:00,"[{""codigo_curso"":""83"",""curso"":""Sistemas de Informação"",""vagas_regular"":2,""vagas_vestibulando"":0,""vagas"":2,""inscritos_regular"":2,""inscritos_vestibulando"":0,""inscritos"":2}]",16,False,
2026-2,CGI00002,PROJETO DE APLICAÇÃO I,SI,,J1,/graduacao/quadrodehorarios/turmas/100000464699,Sab 14:00-18:00,"[{""codigo_curso"":""83"",""curso"":""Sistemas de Informação"",""vagas_regular"":2,""vagas_vestibulando"":0,""vagas"":2,""inscritos_regular"":2,""inscritos_vestibulando"":0,""inscritos"":2}]",16,False,
2026-2,CGI00002,PROJETO DE APLICAÇÃO I,SI,,L1,/graduacao/quadrodehorarios/turmas/100000464615,Sab 14:00-18:00,"[{""codigo_curso"":""83"",""curso"":""Sistemas de Informação"",""vagas_regular"":1,""vagas_vestibulando"":0,""vagas"":1,""inscritos_regular"":1,""inscritos_vestibulando"":0,""inscritos"":1}]",16,False,
2026-2,CGI00002,PROJETO DE APLICAÇÃO I,SI,,L2,/graduacao/quadrodehorarios/turmas/100000464700,Sab 14:00-18:00,"[{""codigo_curso"":""83"",""curso"":""Sistemas de Informação"",""vagas_regular"":2,""vagas_vestibulando"":0,""vagas"":2,""inscritos_regular"":2,""inscritos_vestibulando"":0,""inscritos"":2}]",16,False,
2026-2,CGI00002,PROJETO DE APLICAÇÃO I,SI,,M1,/graduacao/quadrodehorarios/turmas/100000464254,Sab 14:00-18:00,"[{""codigo_curso"":""83"",""curso"":""Sistemas de Informação"",""vagas_regular"":2,""vagas_vestibulando"":0,""vagas"":2,""inscritos_regular"":2,""inscritos_vestibulando"":0,""inscritos"":2}]",16,False,
2026-2,CGI00002,PROJETO DE APLICAÇÃO I,SI,,M2,/graduacao/quadrodehorarios/turmas/100000464613,Sab 14:00-18:00,"[{""codigo_curso"":""83"",""curso"":""Sistemas de Informação"",""vagas_regular"":2,""vagas_vestibulando"":0,""vagas"":2,""inscritos_regular"":2,""inscritos_vestibulando"":0,""inscritos"":2}]",16,False,
2026-2,CGI00002,PROJETO DE APLICAÇÃO I,SI,,M3,/graduacao/quadrodehorarios/turmas/100000464698,Sab 14:00-18:00,"[{""codigo_curso"":""83"",""curso"":""Sistemas de Informação"",""vagas_regular"":1,""vagas_vestibulando"":0,""vagas"":1,""inscritos_regular"":1,""inscritos_vestibulando"":0,""inscritos"":1}]",16,False,
2026-2,CGI00002,PROJETO DE APLICAÇÃO I,SI,,R1,/graduacao/quadrodehorarios/turmas/100000464251,Sab 14:00-18:00,"[{""codigo_curso"":""83"",""curso"":""Sistemas de Informação"",""vagas_regular"":5,""vagas_vestibulando"":0,""vagas"":5,""inscritos_regular"":5,""inscritos_vestibulando"":0,""inscritos"":5}]",16,False,
2026-2,CGI00002,PROJETO DE APLICAÇÃO I,SI,,R2,/graduacao/quadrodehorarios/turmas/100000464253,Sab 14:00-18:00,"[{""codigo_curso"":""83"",""curso"":""Sistemas de Informação"",""vagas_regular"":3,""vagas_vestibulando"":0,""vagas"":3,""inscritos_regular"":3,""inscritos_vestibulando"":0,""inscritos"":3}]",16,False,
2026-2,CGI00002,PROJETO DE APLICAÇÃO I,SI,,R3,/graduacao/quadrodehorarios/turmas/100000464614,Sab 14:00-18:00,"[{""codigo_curso"":""83"",""curso"":""Sistemas de Informação"",""vagas_regular"":2,""vagas_vestibulando"":0,""vagas"":2,""inscritos_regular"":2,""inscritos_vestibulando"":0,""inscritos"":2}]",16,False,
2026-2,CGI00003,PROJETO DE APLICAÇÃO II,SI,,A1,/graduacao/quadrodehorarios/turmas/100000463153,Sab 08:00-12:00,"[{""codigo_curso"":""83"",""curso"":""Sistemas de Informação"",""vagas_regular"":75,""vagas_vestibulando"":0,""vagas"":75,""inscritos_regular"":74,""inscritos_vestibulando"":0,""inscritos"":74}]",1,False,
2026-2,CGI00004,SEMINÁRIOS EM SISTEMAS DE INFORMAÇÃO,SI,,A1,/graduacao/quadrodehorarios/turmas/100000463152,Sex 18:00-22:00,"[{""codigo_curso"":""83"",""curso"":""Sistemas de Informação"",""vagas_regular"":8,""vagas_vestibulando"":61,""vagas"":69,""inscritos_regular"":6,""inscritos_vestibulando"":59,""inscritos"":65},{""codigo_curso"":""31"",""curso"":""Ciência da Computação"",""vagas_regular"":2,""vagas_vestibulando"":0,""vagas"":2,""inscritos_regular"":1,""inscritos_vestibulando"":0,""inscritos"":1}]",1,False,
2026-2,CGI00005,ATIVIDADES COMPLEMENTARES II,SI,,A1,/graduacao/quadrodehorarios/turmas/100000463151,Sab 12:00-14:00,"[{""codigo_curso"":""83"",""curso"":""Sistemas de Informação"",""vagas_regular"":75,""vagas_vestibulando"":0,""vagas"":75,""inscritos_regular"":73,""inscritos_vestibulando"":0,""inscritos"":73}]",1,False,
2026-2,GAN00140,ÁLGEBRA LINEAR,CC,,B2,/graduacao/quadrodehorarios/turmas/100000463180,Seg 09:00-11:00; Qua 09:00-11:00,"[{""codigo_curso"":""40"",""curso"":""Engenharia Mecânica"",""vagas_regular"":5,""vagas_vestibulando"":0,""vagas"":5,""inscritos_regular"":5,""inscritos_vestibulando"":0,""inscritos"":5},{""codigo_curso"":""42"",""curso"":""Engenharia de Produção"",""vagas_regular"":1,""vagas_vestibulando"":0,""vagas"":1,""inscritos_regular"":1,""inscritos_vestibulando"":0,""inscritos"":1},{""codigo_curso"":""41"",""curso"":""Engenharia de Telecomunicações"",""vagas_regular"":1,""vagas_vestibulando"":0,""vagas"":1,""inscritos_regular"":1,""inscritos_vestibulando"":0,""inscritos"":1},{""codigo_curso"":""31"",""curso"":""Ciência da Computação"",""vagas_regular"":30,""vagas_vestibulando"":0,""vagas"":30,""inscritos_regular"":30,""inscritos_vestibulando"":0,""inscritos"":30},{""codigo_curso"":""123"",""curso"":""Inteligência Artificial e Ciência de Dados"",""vagas_regular"":9,""vagas_vestibulando"":0,""vagas"":9,""inscritos_regular"":9,""inscritos_vestibulando"":0,""inscritos"":9},{""codigo_curso"":""27"",""curso"":""Engenharia Química"",""vagas_regular"":2,""vagas_vestibulando"":0,""vagas"":2,""inscritos_regular"":2,""inscritos_vestibulando"":0,""inscritos"":2},{""codigo_curso"":""37"",""curso"":""Engenharia Civil"",""vagas_regular"":7,""vagas_vestibulando"":0,""vagas"":7,""inscritos_regular"":7,""inscritos_vestibulando"":0,""inscritos"":7},{""codigo_curso"":""56"",""curso"":""Eng. de Recursos Hídricos e Meio Ambiente"",""vagas_regular"":4,""vagas_vestibulando"":0,""vagas"":4,""inscritos_regular"":4,""inscritos_vestibulando"":0,""inscritos"":4},{""codigo_curso"":""52"",""curso"":""Engenharia de Agronegócios(Volta Redonda)"",""vagas_regular"":1,""vagas_vestibulando"":0,""vagas"":1,""inscritos_regular"":1,""inscritos_vestibulando"":0,""inscritos"":1}]",3,False,
2026-2,GAN00140,ÁLGEBRA LINEAR,CC,,I2,/graduacao/quadrodehorarios/turmas/100000463187,Seg 16:00-18:00; Qua 16:00-18:00,"[{""codigo_curso"":""40"",""curso"":""Engenharia Mecânica"",""vagas_regular"":3,""vagas_vestibulando"":0,""vagas"":3,""inscritos_regular"":3,""inscritos_vestibulando"":0,""inscritos"":3},{""codigo_curso"":""42"",""curso"":""Engenharia de Produção"",""vagas_regular"":2,""vagas_vestibulando"":0,""vagas"":2,""inscritos_regular"":1,""inscritos_vestibulando"":0,""inscritos"":1},{""codigo_curso"":""41"",""curso"":""Engenharia de Telecomunicações"",""vagas_regular"":2,""vagas_vestibulando"":0,""vagas"":2,""inscritos_regular"":2,""inscritos_vestibulando"":0,""inscritos"":2},{""codigo_curso"":""31"",""curso"":""Ciência da Computação"",""vagas_regular"":31,""vagas_vestibulando"":5,""vagas"":36,""inscritos_regular"":12,""inscritos_vestibulando"":0,""inscritos"":12},{""codigo_curso"":""37"",""curso"":""Engenharia Civil"",""vagas_regular"":14,""vagas_vestibulando"":0,""vagas"":14,""inscritos_regular"":14,""inscritos_vestibulando"":0,""inscritos"":14},{""codigo_curso"":""27"",""curso"":""Engenharia Química"",""vagas_regular"":1,""vagas_vestibulando"":0,""vagas"":1,""inscritos_regular"":1,""inscritos_vestibulando"":0,""inscritos"":1},{""codigo_curso"":""50"",""curso"":""Geofísica"",""vagas_regular"":1,""vagas_vestibulando"":0,""vagas"":1,""inscritos_regular"":1,""inscritos_vestibulando"":0,""inscritos"":1},{""codigo_curso"":""25"",""curso"":""Física"",""vagas_regular"":1,""vagas_vestibulando"":0,""vagas"":1,""inscritos_regular"":1,""inscritos_vestibulando"":0,""inscritos"":1}]",3,False,
2026-2,GAN00140,ÁLGEBRA LINEAR,SI,,M2,/graduacao/quadrodehorarios/turmas/100000463191,Ter 16:00-18:00; Qui 16:00-18:00,"[{""codigo_curso"":""40"",""curso"":""Engenharia Mecânica"",""vagas_regular"":3,""vagas_vestibulando"":0,""vagas"":3,""inscritos_regular"":3,""inscritos_vestibulando"":0,""inscritos"":3},{""codigo_curso"":""50"",""curso"":""Geofísica"",""vagas_regular"":31,""vagas_vestibulando"":0,""vagas"":31,""inscritos_regular"":30,""inscritos_vestibulando"":0,""inscritos"":30},{""codigo_curso"":""38"",""curso"":""Engenharia Elétrica"",""vagas_regular"":18,""vagas_vestibulando"":0,""vagas"":18,""inscritos_regular"":18,""inscritos_vestibulando"":0,""inscritos"":18},{""codigo_curso"":""83"",""curso"":""Sistemas de Informação"",""vagas_regular"":4,""vagas_vestibulando"":0,""vagas"":4,""inscritos_regular"":3,""inscritos_vestibulando"":0,""inscritos"":3},{""codigo_curso"":""41"",""curso"":""Engenharia de Telecomunicações"",""vagas_regular"":1,""vagas_vestibulando"":0,""vagas"":1,""inscritos_regular"":1,""inscritos_vestibulando"":0,""inscritos"":1},{""codigo_curso"":""25"",""curso"":""Física"",""vagas_regular"":1,""vagas_vestibulando"":0,""vagas"":1,""inscritos_regular"":1,""inscritos_vestibulando"":0,""inscritos"":1},{""codigo_curso"":""27"",""curso"":""Engenharia Química"",""vagas_regular"":2,""vagas_vestibulando"":0,""vagas"":2,""inscritos_regular"":2,""inscritos_vestibulando"":0,""inscritos"":2}]",3,False,
2026-2,GAN00144,COMPLEMENTOS DE MATEMÁTICA APLICADA,SI,,B2,/graduacao/quadrodehorarios/turmas/100000463193,Seg 16:00-18:00; Qua 16:00-18:00,"[{""codigo_curso"":""48"",""curso"":""Biomedicina"",""vagas_regular"":4,""vagas_vestibulando"":0,""vagas"":4,""inscritos_regular"":4,""inscritos_vestibulando"":0,""inscritos"":4},{""codigo_curso"":""117"",""curso"":""Administração Pública"",""vagas_regular"":1,""vagas_vestibulando"":0,""vagas"":1,""inscritos_regular"":1,""inscritos_vestibulando"":0,""inscritos"":1},{""codigo_curso"":""22"",""curso"":""Ciências Contábeis"",""vagas_regular"":25,""vagas_vestibulando"":0,""vagas"":25,""inscritos_regular"":25,""inscritos_vestibulando"":0,""inscritos"":25},{""codigo_curso"":""83"",""curso"":""Sistemas de Informação"",""vagas_regular"":7,""vagas_vestibulando"":0,""vagas"":7,""inscritos_regular"":7,""inscritos_vestibulando"":0,""inscritos"":7},{""codigo_curso"":""95"",""curso"":""Ciência Ambiental"",""vagas_regular"":10,""vagas_vestibulando"":0,""vagas"":10,""inscritos_regular"":7,""inscritos_vestibulando"":0,""inscritos"":7}]",4,False,
2026-2,GAN00144,COMPLEMENTOS DE MATEMÁTICA APLICADA,SI,,D2,/graduacao/quadrodehorarios/turmas/100000463195,Seg 18:00-20:00; Qua 18:00-20:00,"[{""codigo_curso"":""83"",""curso"":""Sistemas de Informação"",""vagas_regular"":29,""vagas_vestibulando"":0,""vagas"":29,""inscritos_regular"":27,""inscritos_vestibulando"":0,""inscritos"":27},{""codigo_curso"":""117"",""curso"":""Administração Pública"",""vagas_regular"":31,""vagas_vestibulando"":0,""vagas"":31,""inscritos_regular"":21,""inscritos_vestibulando"":0,""inscritos"":21}]",4,False,
2026-2,GAN00144,COMPLEMENTOS DE MATEMÁTICA APLICADA,SI,,E2,/graduacao/quadrodehorarios/turmas/100000463196,Seg 18:00-20:00; Qua 18:00-20:00,"[{""codigo_curso"":""22"",""curso"":""Ciências Contábeis"",""vagas_regular"":15,""vagas_vestibulando"":15,""vagas"":30,""inscritos_regular"":0,""inscritos_vestibulando"":0,""inscritos"":0},{""codigo_curso"":""83"",""curso"":""Sistemas de Informação"",""vagas_regular"":1,""vagas_vestibulando"":5,""vagas"":6,""inscritos_regular"":0,""inscritos_vestibulando"":0,""inscritos"":0},{""codigo_curso"":""23"",""curso"":""Administração"",""vagas_regular"":5,""vagas_vestibulando"":0,""vagas"":5,""inscritos_regular"":2,""inscritos_vestibulando"":0,""inscritos"":2},{""codigo_curso"":""86"",""curso"":""Administração Pública"",""vagas_regular"":9,""vagas_vestibulando"":0,""vagas"":9,""inscritos_regular"":0,""inscritos_vestibulando"":0,""inscritos"":0}]",4,False,
2026-2,GAN00144,COMPLEMENTOS DE MATEMÁTICA APLICADA,SI,,F2,/graduacao/quadrodehorarios/turmas/100000463197,Seg 20:00-22:00; Qua 20:00-22:00,"[{""codigo_curso"":""83"",""curso"":""Sistemas de Informação"",""vagas_regular"":31,""vagas_vestibulando"":0,""vagas"":31,""inscritos_regular"":31,""inscritos_vestibulando"":0,""inscritos"":31},{""codigo_curso"":""23"",""curso"":""Administração"",""vagas_regular"":30,""vagas_vestibulando"":0,""vagas"":30,""inscritos_regular"":25,""inscritos_vestibulando"":0,""inscritos"":25}]",4,False,
2026-2,GAN00166,LÓGICA PARA A CIÊNCIA DA COMPUTAÇÃO,CC,,A2,/graduacao/quadrodehorarios/turmas/100000463207,Seg 14:00-16:00; Qua 14:00-16:00,"[{""codigo_curso"":""31"",""curso"":""Ciência da Computação"",""vagas_regular"":38,""vagas_vestibulando"":1,""vagas"":39,""inscritos_regular"":21,""inscritos_vestibulando"":1,""inscritos"":22},{""codigo_curso"":""123"",""curso"":""Inteligência Artificial e Ciência de Dados"",""vagas_regular"":20,""vagas_vestibulando"":0,""vagas"":20,""inscritos_regular"":11,""inscritos_vestibulando"":0,""inscritos"":11},{""codigo_curso"":""58"",""curso"":""Filosofia"",""vagas_regular"":1,""vagas_vestibulando"":0,""vagas"":1,""inscritos_regular"":1,""inscritos_vestibulando"":0,""inscritos"":1}]",2,False,
2026-2,GAN00166,LÓGICA PARA A CIÊNCIA DA COMPUTAÇÃO,CC,,B2,/graduacao/quadrodehorarios/turmas/100000463208,Ter 14:00-16:00; Qui 14:00-16:00,"[{""codigo_curso"":""54"",""curso"":""Estatística"",""vagas_regular"":1,""vagas_vestibulando"":0,""vagas"":1,""inscritos_regular"":1,""inscritos_vestibulando"":0,""inscritos"":1},{""codigo_curso"":""31"",""curso"":""Ciência da Computação"",""vagas_regular"":55,""vagas_vestibulando"":0,""vagas"":55,""inscritos_regular"":53,""inscritos_vestibulando"":0,""inscritos"":53},{""codigo_curso"":""83"",""curso"":""Sistemas de Informação"",""vagas_regular"":4,""vagas_vestibulando"":0,""vagas"":4,""inscritos_regular"":0,""inscritos_vestibulando"":0,""inscritos"":0}]",2,False,
2026-2,GAN00167,MATEMÁTICA DISCRETA,CC,,B2,/graduacao/quadrodehorarios/turmas/100000463210,Seg 14:00-16:00; Qua 14:00-16:00,"[{""codigo_curso"":""31"",""curso"":""Ciência da Computação"",""vagas_regular"":0,""vagas_vestibulando"":50,""vagas"":50,""inscritos_regular"":0,""inscritos_vestibulando"":47,""inscritos"":47}]",2,False,
2026-2,GAN00167,MATEMÁTICA DISCRETA,CC,,C2,/graduacao/quadrodehorarios/turmas/100000463211,Seg 14:00-16:00; Qua 14:00-16:00,"[{""codigo_curso"":""31"",""curso"":""Ciência da Computação"",""vagas_regular"":50,""vagas_vestibulando"":0,""vagas"":50,""inscritos_regular"":42,""inscritos_vestibulando"":0,""inscritos"":42}]",2,False,
2026-2,GET00116,FUNDAMENTOS DE ESTATISTICA APLICADA,SI,,C1,/graduacao/quadrodehorarios/turmas/100000458304,Seg 11:00-13:00; Qua 11:00-13:00,"[{""codigo_curso"":""20"",""curso"":""Matemática"",""vagas_regular"":10,""vagas_vestibulando"":0,""vagas"":10,""inscritos_regular"":2,""inscritos_vestibulando"":0,""inscritos"":2},{""codigo_curso"":""95"",""curso"":""Ciência Ambiental"",""vagas_regular"":10,""vagas_vestibulando"":0,""vagas"":10,""inscritos_regular"":5,""inscritos_vestibulando"":0,""inscritos"":5},{""codigo_curso"":""50"",""curso"":""Geofísica"",""vagas_regular"":10,""vagas_vestibulando"":0,""vagas"":10,""inscritos_regular"":3,""inscritos_vestibulando"":0,""inscritos"":3},{""codigo_curso"":""83"",""curso"":""Sistemas de Informação"",""vagas_regular"":5,""vagas_vestibulando"":0,""vagas"":5,""inscritos_regular"":0,""inscritos_vestibulando"":0,""inscritos"":0}]",5,False,
2026-2,GET00116,FUNDAMENTOS DE ESTATISTICA APLICADA,SI,,E1,/graduacao/quadrodehorarios/turmas/100000458326,Seg 18:00-20:00; Qua 18:00-20:00,"[{""codigo_curso"":""96"",""curso"":""Desenho Industrial"",""vagas_regular"":26,""vagas_vestibulando"":0,""vagas"":26,""inscritos_regular"":26,""inscritos_vestibulando"":0,""inscritos"":26},{""codigo_curso"":""50"",""curso"":""Geofísica"",""vagas_regular"":11,""vagas_vestibulando"":0,""vagas"":11,""inscritos_regular"":11,""inscritos_vestibulando"":0,""inscritos"":11},{""codigo_curso"":""20"",""curso"":""Matemática"",""vagas_regular"":10,""vagas_vestibulando"":0,""vagas"":10,""inscritos_regular"":7,""inscritos_vestibulando"":0,""inscritos"":7},{""codigo_curso"":""22"",""curso"":""Ciências Contábeis"",""vagas_regular"":4,""vagas_vestibulando"":0,""vagas"":4,""inscritos_regular"":0,""inscritos_vestibulando"":0,""inscritos"":0},{""codigo_curso"":""83"",""curso"":""Sistemas de Informação"",""vagas_regular"":4,""vagas_vestibulando"":1,""vagas"":5,""inscritos_regular"":2,""inscritos_vestibulando"":1,""inscritos"":3}]",5,False,
2026-2,GET00116,FUNDAMENTOS DE ESTATISTICA APLICADA,SI,,F1,/graduacao/quadrodehorarios/turmas/100000458328,Seg 20:00-22:00; Qua 20:00-22:00,"[{""codigo_curso"":""20"",""curso"":""Matemática"",""vagas_regular"":8,""vagas_vestibulando"":0,""vagas"":8,""inscritos_regular"":8,""inscritos_vestibulando"":0,""inscritos"":8},{""codigo_curso"":""83"",""curso"":""Sistemas de Informação"",""vagas_regular"":45,""vagas_vestibulando"":0,""vagas"":45,""inscritos_regular"":44,""inscritos_vestibulando"":0,""inscritos"":44},{""codigo_curso"":""95"",""curso"":""Ciência Ambiental"",""vagas_regular"":3,""vagas_vestibulando"":0,""vagas"":3,""inscritos_regular"":3,""inscritos_vestibulando"":0,""inscritos"":3},{""codigo_curso"":""59"",""curso"":""Relações Internacionais"",""vagas_regular"":4,""vagas_vestibulando"":0,""vagas"":4,""inscritos_regular"":4,""inscritos_vestibulando"":0,""inscritos"":4}]",5,False,
2026-2,GET00116,FUNDAMENTOS DE ESTATISTICA APLICADA,SI,,G2,/graduacao/quadrodehorarios/turmas/100000458334,Ter 11:00-13:00; Qui 11:00-13:00,"[{""codigo_curso"":""96"",""curso"":""Desenho Industrial"",""vagas_regular"":20,""vagas_vestibulando"":0,""vagas"":20,""inscritos_regular"":20,""inscritos_vestibulando"":0,""inscritos"":20},{""codigo_curso"":""20"",""curso"":""Matemática"",""vagas_regular"":5,""vagas_vestibulando"":0,""vagas"":5,""inscritos_regular"":2,""inscritos_vestibulando"":0,""inscritos"":2},{""codigo_curso"":""28"",""curso"":""Química"",""vagas_regular"":1,""vagas_vestibulando"":0,""vagas"":1,""inscritos_regular"":0,""inscritos_vestibulando"":0,""inscritos"":0},{""codigo_curso"":""29"",""curso"":""Química Industrial"",""vagas_regular"":12,""vagas_vestibulando"":0,""vagas"":12,""inscritos_regular"":7,""inscritos_vestibulando"":0,""inscritos"":7},{""codigo_curso"":""83"",""curso"":""Sistemas de Informação"",""vagas_regular"":5,""vagas_vestibulando"":0,""vagas"":5,""inscritos_regular"":5,""inscritos_vestibulando"":0,""inscritos"":5}]",5,False,
2026-2,GET00116,FUNDAMENTOS DE ESTATISTICA APLICADA,SI,,H1,/graduacao/quadrodehorarios/turmas/100000458335,Ter 18:00-20:00; Qui 18:00-20:00,"[{""codigo_curso"":""95"",""curso"":""Ciência Ambiental"",""vagas_regular"":5,""vagas_vestibulando"":0,""vagas"":5,""inscritos_regular"":3,""inscritos_vestibulando"":0,""inscritos"":3},{""codigo_curso"":""44"",""curso"":""Ciências Biológicas"",""vagas_regular"":23,""vagas_vestibulando"":0,""vagas"":23,""inscritos_regular"":21,""inscritos_vestibulando"":0,""inscritos"":21},{""codigo_curso"":""96"",""curso"":""Desenho Industrial"",""vagas_regular"":6,""vagas_vestibulando"":0,""vagas"":6,""inscritos_regular"":6,""inscritos_vestibulando"":0,""inscritos"":6},{""codigo_curso"":""50"",""curso"":""Geofísica"",""vagas_regular"":5,""vagas_vestibulando"":0,""vagas"":5,""inscritos_regular"":4,""inscritos_vestibulando"":0,""inscritos"":4},{""codigo_curso"":""20"",""curso"":""Matemática"",""vagas_regular"":4,""vagas_vestibulando"":0,""vagas"":4,""inscritos_regular"":4,""inscritos_vestibulando"":0,""inscritos"":4},{""codigo_curso"":""83"",""curso"":""Sistemas de Informação"",""vagas_regular"":14,""vagas_vestibulando"":1,""vagas"":15,""inscritos_regular"":12,""inscritos_vestibulando"":1,""inscritos"":13},{""codigo_curso"":""59"",""curso"":""Relações Internacionais"",""vagas_regular"":1,""vagas_vestibulando"":0,""vagas"":1,""inscritos_regular"":1,""inscritos_vestibulando"":0,""inscritos"":1}]",5,False,
2026-2,GET00177,ESTATÍSTICA BÁSICA,CC,,A1,/graduacao/quadrodehorarios/turmas/100000459116,Seg 09:00-11:00; Qua 09:00-11:00,"[{""codigo_curso"":""31"",""curso"":""Ciência da Computação"",""vagas_regular"":9,""vagas_vestibulando"":1,""vagas"":10,""inscritos_regular"":8,""inscritos_vestibulando"":1,""inscritos"":9},{""codigo_curso"":""42"",""curso"":""Engenharia de Produção"",""vagas_regular"":22,""vagas_vestibulando"":0,""vagas"":22,""inscritos_regular"":20,""inscritos_vestibulando"":0,""inscritos"":20},{""codigo_curso"":""56"",""curso"":""Eng. de Recursos Hídricos e Meio Ambiente"",""vagas_regular"":11,""vagas_vestibulando"":0,""vagas"":11,""inscritos_regular"":10,""inscritos_vestibulando"":0,""inscritos"":10},{""codigo_curso"":""41"",""curso"":""Engenharia de Telecomunicações"",""vagas_regular"":5,""vagas_vestibulando"":0,""vagas"":5,""inscritos_regular"":5,""inscritos_vestibulando"":0,""inscritos"":5},{""codigo_curso"":""27"",""curso"":""Engenharia Química"",""vagas_regular"":9,""vagas_vestibulando"":0,""vagas"":9,""inscritos_regular"":9,""inscritos_vestibulando"":0,""inscritos"":9}]",7,False,
2026-2,GET00177,ESTATÍSTICA BÁSICA,CC,,B1,/graduacao/quadrodehorarios/turmas/100000459118,Seg 11:00-13:00; Qua 11:00-13:00,"[{""codigo_curso"":""43"",""curso"":""Engenharia Agrícola e Ambiental"",""vagas_regular"":2,""vagas_vestibulando"":0,""vagas"":2,""inscritos_regular"":2,""inscritos_vestibulando"":0,""inscritos"":2},{""codigo_curso"":""37"",""curso"":""Engenharia Civil"",""vagas_regular"":6,""vagas_vestibulando"":0,""vagas"":6,""inscritos_regular"":3,""inscritos_vestibulando"":0,""inscritos"":3},{""codigo_curso"":""42"",""curso"":""Engenharia de Produção"",""vagas_regular"":1,""vagas_vestibulando"":0,""vagas"":1,""inscritos_regular"":1,""inscritos_vestibulando"":0,""inscritos"":1},{""codigo_curso"":""31"",""curso"":""Ciência da Computação"",""vagas_regular"":15,""vagas_vestibulando"":0,""vagas"":15,""inscritos_regular"":10,""inscritos_vestibulando"":0,""inscritos"":10},{""codigo_curso"":""56"",""curso"":""Eng. de Recursos Hídricos e Meio Ambiente"",""vagas_regular"":5,""vagas_vestibulando"":0,""vagas"":5,""inscritos_regular"":3,""inscritos_vestibulando"":0,""inscritos"":3},{""codigo_curso"":""41"",""curso"":""Engenharia de Telecomunicações"",""vagas_regular"":2,""vagas_vestibulando"":0,""vagas"":2,""inscritos_regular"":1,""inscritos_vestibulando"":0,""inscritos"":1},{""codigo_curso"":""38"",""curso"":""Engenharia Elétrica"",""vagas_regular"":11,""vagas_vestibulando"":0,""vagas"":11,""inscritos_regular"":5,""inscritos_vestibulando"":0,""inscritos"":5},{""codigo_curso"":""40"",""curso"":""Engenharia Mecânica"",""vagas_regular"":15,""vagas_vestibulando"":0,""vagas"":15,""inscritos_regular"":8,""inscritos_vestibulando"":0,""inscritos"":8}]",7,False,
2026-2,GET00177,ESTATÍSTICA BÁSICA,CC,,C1,/graduacao/quadrodehorarios/turmas/100000459121,Seg 14:00-16:00; Qua 14:00-16:00,"[{""codigo_curso"":""31"",""curso"":""Ciência da Computação"",""vagas_regular"":24,""vagas_vestibulando"":0,""vagas"":24,""inscritos_regular"":24,""inscritos_vestibulando"":0,""inscritos"":24},{""codigo_curso"":""37"",""curso"":""Engenharia Civil"",""vagas_regular"":3,""vagas_vestibulando"":0,""vagas"":3,""inscritos_regular"":3,""inscritos_vestibulando"":0,""inscritos"":3},{""codigo_curso"":""42"",""curso"":""Engenharia de Produção"",""vagas_regular"":10,""vagas_vestibulando"":0,""vagas"":10,""inscritos_regular"":10,""inscritos_vestibulando"":0,""inscritos"":10},{""codigo_curso"":""56"",""curso"":""Eng. de Recursos Hídricos e Meio Ambiente"",""vagas_regular"":3,""vagas_vestibulando"":0,""vagas"":3,""inscritos_regular"":3,""inscritos_vestibulando"":0,""inscritos"":3},{""codigo_curso"":""41"",""curso"":""Engenharia de Telecomunicações"",""vagas_regular"":2,""vagas_vestibulando"":0,""vagas"":2,""inscritos_regular"":2,""inscritos_vestibulando"":0,""inscritos"":2},{""codigo_curso"":""38"",""curso"":""Engenharia Elétrica"",""vagas_regular"":10,""vagas_vestibulando"":0,""vagas"":10,""inscritos_regular"":10,""inscritos_vestibulando"":0,""inscritos"":10},{""codigo_curso"":""40"",""curso"":""Engenharia Mecânica"",""vagas_regular"":3,""vagas_vestibulando"":0,""vagas"":3,""inscritos_regular"":3,""inscritos_vestibulando"":0,""inscritos"":3},{""codigo_curso"":""27"",""curso"":""Engenharia Química"",""vagas_regular"":6,""vagas_vestibulando"":0,""vagas"":6,""inscritos_regular"":6,""inscritos_vestibulando"":0,""inscritos"":6}]",7,False,
2026-2,GET00177,ESTATÍSTICA BÁSICA,CC,,E1,/graduacao/quadrodehorarios/turmas/100000459127,Seg 18:00-20:00; Qua 18:00-20:00,"[{""codigo_curso"":""31"",""curso"":""Ciência da Computação"",""vagas_regular"":5,""vagas_vestibulando"":0,""vagas"":5,""inscritos_regular"":5,""inscritos_vestibulando"":0,""inscritos"":5},{""codigo_curso"":""43"",""curso"":""Engenharia Agrícola e Ambiental"",""vagas_regular"":7,""vagas_vestibulando"":0,""vagas"":7,""inscritos_regular"":6,""inscritos_vestibulando"":0,""inscritos"":6},{""codigo_curso"":""42"",""curso"":""Engenharia de Produção"",""vagas_regular"":6,""vagas_vestibulando"":0,""vagas"":6,""inscritos_regular"":6,""inscritos_vestibulando"":0,""inscritos"":6},{""codigo_curso"":""56"",""curso"":""Eng. de Recursos Hídricos e Meio Ambiente"",""vagas_regular"":8,""vagas_vestibulando"":0,""vagas"":8,""inscritos_regular"":7,""inscritos_vestibulando"":0,""inscritos"":7},{""codigo_curso"":""38"",""curso"":""Engenharia Elétrica"",""vagas_regular"":5,""vagas_vestibulando"":0,""vagas"":5,""inscritos_regular"":4,""inscritos_vestibulando"":0,""inscritos"":4},{""codigo_curso"":""40"",""curso"":""Engenharia Mecânica"",""vagas_regular"":5,""vagas_vestibulando"":0,""vagas"":5,""inscritos_regular"":1,""inscritos_vestibulando"":0,""inscritos"":1},{""codigo_curso"":""37"",""curso"":""Engenharia Civil"",""vagas_regular"":14,""vagas_vestibulando"":0,""vagas"":14,""inscritos_regular"":14,""inscritos_vestibulando"":0,""inscritos"":14},{""codigo_curso"":""41"",""curso"":""Engenharia de Telecomunicações"",""vagas_regular"":5,""vagas_vestibulando"":0,""vagas"":5,""inscritos_regular"":2,""inscritos_vestibulando"":0,""inscritos"":2},{""codigo_curso"":""27"",""curso"":""Engenharia Química"",""vagas_regular"":1,""vagas_vestibulando"":0,""vagas"":1,""inscritos_regular"":1,""inscritos_vestibulando"":0,""inscritos"":1},{""codigo_curso"":""95"",""curso"":""Ciência Ambiental"",""vagas_regular"":1,""vagas_vestibulando"":0,""vagas"":1,""inscritos_regular"":1,""inscritos_vestibulando"":0,""inscritos"":1},{""codigo_curso"":""83"",""curso"":""Sistemas de Informação"",""vagas_regular"":1,""vagas_vestibulando"":0,""vagas"":1,""inscritos_regular"":0,""inscritos_vestibulando"":0,""inscritos"":0},{""codigo_curso"":""98"",""curso"":""Sociologia"",""vagas_regular"":1,""vagas_vestibulando"":0,""vagas"":1,""inscritos_regular"":1,""inscritos_vestibulando"":0,""inscritos"":1},{""codigo_curso"":""102"",""curso"":""Segurança Pública"",""vagas_regular"":1,""vagas_vestibulando"":0,""vagas"":1,""inscritos_regular"":0,""inscritos_vestibulando"":0,""inscritos"":0}]",7,False,
2026-2,GET00177,ESTATÍSTICA BÁSICA,CC,,F1,/graduacao/quadrodehorarios/turmas/100000459128,Ter 09:00-11:00; Qui 09:00-11:00,"[{""codigo_curso"":""38"",""curso"":""Engenharia Elétrica"",""vagas_regular"":2,""vagas_vestibulando"":0,""vagas"":2,""inscritos_regular"":2,""inscritos_vestibulando"":0,""inscritos"":2},{""codigo_curso"":""31"",""curso"":""Ciência da Computação"",""vagas_regular"":15,""vagas_vestibulando"":0,""vagas"":15,""inscritos_regular"":15,""inscritos_vestibulando"":0,""inscritos"":15},{""codigo_curso"":""42"",""curso"":""Engenharia de Produção"",""vagas_regular"":5,""vagas_vestibulando"":0,""vagas"":5,""inscritos_regular"":4,""inscritos_vestibulando"":0,""inscritos"":4},{""codigo_curso"":""56"",""curso"":""Eng. de Recursos Hídricos e Meio Ambiente"",""vagas_regular"":6,""vagas_vestibulando"":1,""vagas"":7,""inscritos_regular"":5,""inscritos_vestibulando"":1,""inscritos"":6},{""codigo_curso"":""40"",""curso"":""Engenharia Mecânica"",""vagas_regular"":20,""vagas_vestibulando"":0,""vagas"":20,""inscritos_regular"":13,""inscritos_vestibulando"":0,""inscritos"":13},{""codigo_curso"":""27"",""curso"":""Engenharia Química"",""vagas_regular"":11,""vagas_vestibulando"":0,""vagas"":11,""inscritos_regular"":7,""inscritos_vestibulando"":0,""inscritos"":7}]",7,False,
2026-2,GET00177,ESTATÍSTICA BÁSICA,CC,,H1,/graduacao/quadrodehorarios/turmas/100000459130,Ter 14:00-16:00; Qui 14:00-16:00,"[{""codigo_curso"":""37"",""curso"":""Engenharia Civil"",""vagas_regular"":2,""vagas_vestibulando"":0,""vagas"":2,""inscritos_regular"":1,""inscritos_vestibulando"":0,""inscritos"":1},{""codigo_curso"":""31"",""curso"":""Ciência da Computação"",""vagas_regular"":9,""vagas_vestibulando"":0,""vagas"":9,""inscritos_regular"":1,""inscritos_vestibulando"":0,""inscritos"":1},{""codigo_curso"":""51"",""curso"":""Engenharia de Petróleo"",""vagas_regular"":5,""vagas_vestibulando"":0,""vagas"":5,""inscritos_regular"":0,""inscritos_vestibulando"":0,""inscritos"":0},{""codigo_curso"":""42"",""curso"":""Engenharia de Produção"",""vagas_regular"":5,""vagas_vestibulando"":0,""vagas"":5,""inscritos_regular"":3,""inscritos_vestibulando"":0,""inscritos"":3},{""codigo_curso"":""56"",""curso"":""Eng. de Recursos Hídricos e Meio Ambiente"",""vagas_regular"":13,""vagas_vestibulando"":0,""vagas"":13,""inscritos_regular"":4,""inscritos_vestibulando"":0,""inscritos"":4},{""codigo_curso"":""38"",""curso"":""Engenharia Elétrica"",""vagas_regular"":9,""vagas_vestibulando"":0,""vagas"":9,""inscritos_regular"":3,""inscritos_vestibulando"":0,""inscritos"":3},{""codigo_curso"":""40"",""curso"":""Engenharia Mecânica"",""vagas_regular"":5,""vagas_vestibulando"":0,""vagas"":5,""inscritos_regular"":3,""inscritos_vestibulando"":0,""inscritos"":3},{""codigo_curso"":""27"",""curso"":""Engenharia Química"",""vagas_regular"":13,""vagas_vestibulando"":0,""vagas"":13,""inscritos_regular"":1,""inscritos_vestibulando"":0,""inscritos"":1},{""codigo_curso"":""97"",""curso"":""Disciplina Isolada"",""vagas_regular"":1,""vagas_vestibulando"":0,""vagas"":1,""inscritos_regular"":0,""inscritos_vestibulando"":0,""inscritos"":0}]",7,False,
2026-2,GET00177,ESTATÍSTICA BÁSICA,CC,,J1,/graduacao/quadrodehorarios/turmas/100000459132,Ter 18:00-20:00; Qui 18:00-20:00,"[{""codigo_curso"":""40"",""curso"":""Engenharia Mecânica"",""vagas_regular"":1,""vagas_vestibulando"":0,""vagas"":1,""inscritos_regular"":1,""inscritos_vestibulando"":0,""inscritos"":1},{""codigo_curso"":""31"",""curso"":""Ciência da Computação"",""vagas_regular"":5,""vagas_vestibulando"":0,""vagas"":5,""inscritos_regular"":0,""inscritos_vestibulando"":0,""inscritos"":0},{""codigo_curso"":""37"",""curso"":""Engenharia Civil"",""vagas_regular"":11,""vagas_vestibulando"":0,""vagas"":11,""inscritos_regular"":9,""inscritos_vestibulando"":0,""inscritos"":9},{""codigo_curso"":""42"",""curso"":""Engenharia de Produção"",""vagas_regular"":3,""vagas_vestibulando"":0,""vagas"":3,""inscritos_regular"":3,""inscritos_vestibulando"":0,""inscritos"":3},{""codigo_curso"":""41"",""curso"":""Engenharia de Telecomunicações"",""vagas_regular"":3,""vagas_vestibulando"":0,""vagas"":3,""inscritos_regular"":2,""inscritos_vestibulando"":0,""inscritos"":2},{""codigo_curso"":""38"",""curso"":""Engenharia Elétrica"",""vagas_regular"":8,""vagas_vestibulando"":0,""vagas"":8,""inscritos_regular"":7,""inscritos_vestibulando"":0,""inscritos"":7},{""codigo_curso"":""27"",""curso"":""Engenharia Química"",""vagas_regular"":5,""vagas_vestibulando"":1,""vagas"":6,""inscritos_regular"":4,""inscritos_vestibulando"":1,""inscritos"":5}]",7,False,
2026-2,GET00212,PROBABILIDADE 1,CC,,A1,/graduacao/quadrodehorarios/turmas/100000459276,Seg 11:00-13:00; Qua 11:00-13:00; Sex 11:00-13:00,"[{""codigo_curso"":""54"",""curso"":""Estatística"",""vagas_regular"":40,""vagas_vestibulando"":0,""vagas"":40,""inscritos_regular"":34,""inscritos_vestibulando"":0,""inscritos"":34},{""codigo_curso"":""20"",""curso"":""Matemática"",""vagas_regular"":19,""vagas_vestibulando"":0,""vagas"":19,""inscritos_regular"":8,""inscritos_vestibulando"":0,""inscritos"":8},{""codigo_curso"":""31"",""curso"":""Ciência da Computação"",""vagas_regular"":1,""vagas_vestibulando"":0,""vagas"":1,""inscritos_regular"":1,""inscritos_vestibulando"":0,""inscritos"":1}]",1,False,
2026-2,GFI00158,FÍSICA I,CC,,A3,/graduacao/quadrodehorarios/turmas/100000455639,Seg 11:00-13:00; Qua 11:00-13:00; Sab 08:00-10:00,"[{""codigo_curso"":""28"",""curso"":""Química"",""vagas_regular"":7,""vagas_vestibulando"":0,""vagas"":7,""inscritos_regular"":7,""inscritos_vestibulando"":0,""inscritos"":7},{""codigo_curso"":""29"",""curso"":""Química Industrial"",""vagas_regular"":8,""vagas_vestibulando"":0,""vagas"":8,""inscritos_regular"":8,""inscritos_vestibulando"":0,""inscritos"":8},{""codigo_curso"":""42"",""curso"":""Engenharia de Produção"",""vagas_regular"":6,""vagas_vestibulando"":0,""vagas"":6,""inscritos_regular"":6,""inscritos_vestibulando"":0,""inscritos"":6},{""codigo_curso"":""20"",""curso"":""Matemática"",""vagas_regular"":6,""vagas_vestibulando"":0,""vagas"":6,""inscritos_regular"":6,""inscritos_vestibulando"":0,""inscritos"":6},{""codigo_curso"":""25"",""curso"":""Física"",""vagas_regular"":8,""vagas_vestibulando"":0,""vagas"":8,""inscritos_regular"":8,""inscritos_vestibulando"":0,""inscritos"":8},{""codigo_curso"":""37"",""curso"":""Engenharia Civil"",""vagas_regular"":8,""vagas_vestibulando"":0,""vagas"":8,""inscritos_regular"":8,""inscritos_vestibulando"":0,""inscritos"":8},{""codigo_curso"":""38"",""curso"":""Engenharia Elétrica"",""vagas_regular"":7,""vagas_vestibulando"":0,""vagas"":7,""inscritos_regular"":7,""inscritos_vestibulando"":0,""inscritos"":7},{""codigo_curso"":""40"",""curso"":""Engenharia Mecânica"",""vagas_regular"":7,""vagas_vestibulando"":0,""vagas"":7,""inscritos_regular"":7,""inscritos_vestibulando"":0,""inscritos"":7},{""codigo_curso"":""50"",""curso"":""Geofísica"",""vagas_regular"":9,""vagas_vestibulando"":0,""vagas"":9,""inscritos_regular"":9,""inscritos_vestibulando"":0,""inscritos"":9},{""codigo_curso"":""51"",""curso"":""Engenharia de Petróleo"",""vagas_regular"":7,""vagas_vestibulando"":0,""vagas"":7,""inscritos_regular"":7,""inscritos_vestibulando"":0,""inscritos"":7},{""codigo_curso"":""56"",""curso"":""Eng. de Recursos Hídricos e Meio Ambiente"",""vagas_regular"":6,""vagas_vestibulando"":0,""vagas"":6,""inscritos_regular"":6,""inscritos_vestibulando"":0,""inscritos"":6},{""codigo_curso"":""43"",""curso"":""Engenharia Agrícola e Ambiental"",""vagas_regular"":7,""vagas_vestibulando"":0,""vagas"":7,""inscritos_regular"":7,""inscritos_vestibulando"":0,""inscritos"":7},{""codigo_curso"":""27"",""curso"":""Engenharia Química"",""vagas_regular"":5,""vagas_vestibulando"":0,""vagas"":5,""inscritos_regular"":5,""inscritos_vestibulando"":0,""inscritos"":5},{""codigo_curso"":""31"",""curso"":""Ciência da Computação"",""vagas_regular"":9,""vagas_vestibulando"":0,""vagas"":9,""inscritos_regular"":9,""inscritos_vestibulando"":0,""inscritos"":9}]",9,False,
2026-2,GFI00158,FÍSICA I,CC,,A4,/graduacao/quadrodehorarios/turmas/100000455640,Seg 14:00-16:00; Qua 14:00-16:00; Sab 08:00-10:00,"[{""codigo_curso"":""50"",""curso"":""Geofísica"",""vagas_regular"":1,""vagas_vestibulando"":0,""vagas"":1,""inscritos_regular"":1,""inscritos_vestibulando"":0,""inscritos"":1},{""codigo_curso"":""40"",""curso"":""Engenharia Mecânica"",""vagas_regular"":8,""vagas_vestibulando"":0,""vagas"":8,""inscritos_regular"":8,""inscritos_vestibulando"":0,""inscritos"":8},{""codigo_curso"":""28"",""curso"":""Química"",""vagas_regular"":7,""vagas_vestibulando"":0,""vagas"":7,""inscritos_regular"":7,""inscritos_vestibulando"":0,""inscritos"":7},{""codigo_curso"":""29"",""curso"":""Química Industrial"",""vagas_regular"":3,""vagas_vestibulando"":0,""vagas"":3,""inscritos_regular"":3,""inscritos_vestibulando"":0,""inscritos"":3},{""codigo_curso"":""20"",""curso"":""Matemática"",""vagas_regular"":3,""vagas_vestibulando"":0,""vagas"":3,""inscritos_regular"":3,""inscritos_vestibulando"":0,""inscritos"":3},{""codigo_curso"":""25"",""curso"":""Física"",""vagas_regular"":10,""vagas_vestibulando"":0,""vagas"":10,""inscritos_regular"":9,""inscritos_vestibulando"":0,""inscritos"":9},{""codigo_curso"":""27"",""curso"":""Engenharia Química"",""vagas_regular"":8,""vagas_vestibulando"":0,""vagas"":8,""inscritos_regular"":8,""inscritos_vestibulando"":0,""inscritos"":8},{""codigo_curso"":""31"",""curso"":""Ciência da Computação"",""vagas_regular"":9,""vagas_vestibulando"":0,""vagas"":9,""inscritos_regular"":9,""inscritos_vestibulando"":0,""inscritos"":9},{""codigo_curso"":""37"",""curso"":""Engenharia Civil"",""vagas_regular"":12,""vagas_vestibulando"":0,""vagas"":12,""inscritos_regular"":12,""inscritos_vestibulando"":0,""inscritos"":12},{""codigo_curso"":""38"",""curso"":""Engenharia Elétrica"",""vagas_regular"":4,""vagas_vestibulando"":0,""vagas"":4,""inscritos_regular"":4,""inscritos_vestibulando"":0,""inscritos"":4},{""codigo_curso"":""41"",""curso"":""Engenharia de Telecomunicações"",""vagas_regular"":7,""vagas_vestibulando"":0,""vagas"":7,""inscritos_regular"":7,""inscritos_vestibulando"":0,""inscritos"":7},{""codigo_curso"":""43"",""curso"":""Engenharia Agrícola e Ambiental"",""vagas_regular"":6,""vagas_vestibulando"":0,""vagas"":6,""inscritos_regular"":6,""inscritos_vestibulando"":0,""inscritos"":6},{""codigo_curso"":""51"",""curso"":""Engenharia de Petróleo"",""vagas_regular"":15,""vagas_vestibulando"":0,""vagas"":15,""inscritos_regular"":15,""inscritos_vestibulando"":0,""inscritos"":15},{""codigo_curso"":""56"",""curso"":""Eng. de Recursos Hídricos e Meio Ambiente"",""vagas_regular"":5,""vagas_vestibulando"":0,""vagas"":5,""inscritos_regular"":5,""inscritos_vestibulando"":0,""inscritos"":5},{""codigo_curso"":""42"",""curso"":""Engenharia de Produção"",""vagas_regular"":2,""vagas_vestibulando"":0,""vagas"":2,""inscritos_regular"":2,""inscritos_vestibulando"":0,""inscritos"":2}]",9,False,
2026-2,GFI00158,FÍSICA I,CC,,A5,/graduacao/quadrodehorarios/turmas/100000455673,Seg 16:00-18:00; Qua 16:00-18:00; Sab 08:00-10:00,"[{""codigo_curso"":""27"",""curso"":""Engenharia Química"",""vagas_regular"":7,""vagas_vestibulando"":0,""vagas"":7,""inscritos_regular"":7,""inscritos_vestibulando"":0,""inscritos"":7},{""codigo_curso"":""41"",""curso"":""Engenharia de Telecomunicações"",""vagas_regular"":10,""vagas_vestibulando"":0,""vagas"":10,""inscritos_regular"":10,""inscritos_vestibulando"":0,""inscritos"":10},{""codigo_curso"":""25"",""curso"":""Física"",""vagas_regular"":4,""vagas_vestibulando"":0,""vagas"":4,""inscritos_regular"":4,""inscritos_vestibulando"":0,""inscritos"":4},{""codigo_curso"":""29"",""curso"":""Química Industrial"",""vagas_regular"":3,""vagas_vestibulando"":0,""vagas"":3,""inscritos_regular"":3,""inscritos_vestibulando"":0,""inscritos"":3},{""codigo_curso"":""37"",""curso"":""Engenharia Civil"",""vagas_regular"":6,""vagas_vestibulando"":0,""vagas"":6,""inscritos_regular"":6,""inscritos_vestibulando"":0,""inscritos"":6},{""codigo_curso"":""38"",""curso"":""Engenharia Elétrica"",""vagas_regular"":8,""vagas_vestibulando"":0,""vagas"":8,""inscritos_regular"":8,""inscritos_vestibulando"":0,""inscritos"":8},{""codigo_curso"":""40"",""curso"":""Engenharia Mecânica"",""vagas_regular"":2,""vagas_vestibulando"":0,""vagas"":2,""inscritos_regular"":2,""inscritos_vestibulando"":0,""inscritos"":2},{""codigo_curso"":""42"",""curso"":""Engenharia de Produção"",""vagas_regular"":24,""vagas_vestibulando"":0,""vagas"":24,""inscritos_regular"":23,""inscritos_vestibulando"":0,""inscritos"":23},{""codigo_curso"":""43"",""curso"":""Engenharia Agrícola e Ambiental"",""vagas_regular"":6,""vagas_vestibulando"":0,""vagas"":6,""inscritos_regular"":6,""inscritos_vestibulando"":0,""inscritos"":6},{""codigo_curso"":""51"",""curso"":""Engenharia de Petróleo"",""vagas_regular"":3,""vagas_vestibulando"":0,""vagas"":3,""inscritos_regular"":3,""inscritos_vestibulando"":0,""inscritos"":3},{""codigo_curso"":""56"",""curso"":""Eng. de Recursos Hídricos e Meio Ambiente"",""vagas_regular"":10,""vagas_vestibulando"":0,""vagas"":10,""inscritos_regular"":10,""inscritos_vestibulando"":0,""inscritos"":10},{""codigo_curso"":""50"",""curso"":""Geofísica"",""vagas_regular"":2,""vagas_vestibulando"":0,""vagas"":2,""inscritos_regular"":2,""inscritos_vestibulando"":0,""inscritos"":2},{""codigo_curso"":""31"",""curso"":""Ciência da Computação"",""vagas_regular"":15,""vagas_vestibulando"":0,""vagas"":15,""inscritos_regular"":15,""inscritos_vestibulando"":0,""inscritos"":15}]",9,False,
2026-2,GFI00158,FÍSICA I,CC,,A7,/graduacao/quadrodehorarios/turmas/100000455674,Seg 20:00-22:00; Qua 20:00-22:00; Sab 08:00-10:00,"[{""codigo_curso"":""29"",""curso"":""Química Industrial"",""vagas_regular"":6,""vagas_vestibulando"":0,""vagas"":6,""inscritos_regular"":5,""inscritos_vestibulando"":0,""inscritos"":5},{""codigo_curso"":""50"",""curso"":""Geofísica"",""vagas_regular"":4,""vagas_vestibulando"":0,""vagas"":4,""inscritos_regular"":4,""inscritos_vestibulando"":0,""inscritos"":4},{""codigo_curso"":""20"",""curso"":""Matemática"",""vagas_regular"":1,""vagas_vestibulando"":0,""vagas"":1,""inscritos_regular"":1,""inscritos_vestibulando"":0,""inscritos"":1},{""codigo_curso"":""25"",""curso"":""Física"",""vagas_regular"":9,""vagas_vestibulando"":0,""vagas"":9,""inscritos_regular"":9,""inscritos_vestibulando"":0,""inscritos"":9},{""codigo_curso"":""27"",""curso"":""Engenharia Química"",""vagas_regular"":4,""vagas_vestibulando"":0,""vagas"":4,""inscritos_regular"":3,""inscritos_vestibulando"":0,""inscritos"":3},{""codigo_curso"":""28"",""curso"":""Química"",""vagas_regular"":5,""vagas_vestibulando"":0,""vagas"":5,""inscritos_regular"":5,""inscritos_vestibulando"":0,""inscritos"":5},{""codigo_curso"":""31"",""curso"":""Ciência da Computação"",""vagas_regular"":3,""vagas_vestibulando"":0,""vagas"":3,""inscritos_regular"":3,""inscritos_vestibulando"":0,""inscritos"":3},{""codigo_curso"":""37"",""curso"":""Engenharia Civil"",""vagas_regular"":4,""vagas_vestibulando"":0,""vagas"":4,""inscritos_regular"":4,""inscritos_vestibulando"":0,""inscritos"":4},{""codigo_curso"":""38"",""curso"":""Engenharia Elétrica"",""vagas_regular"":8,""vagas_vestibulando"":0,""vagas"":8,""inscritos_regular"":8,""inscritos_vestibulando"":0,""inscritos"":8},{""codigo_curso"":""40"",""curso"":""Engenharia Mecânica"",""vagas_regular"":8,""vagas_vestibulando"":1,""vagas"":9,""inscritos_regular"":7,""inscritos_vestibulando"":1,""inscritos"":8},{""codigo_curso"":""41"",""curso"":""Engenharia de Telecomunicações"",""vagas_regular"":10,""vagas_vestibulando"":0,""vagas"":10,""inscritos_regular"":10,""inscritos_vestibulando"":0,""inscritos"":10},{""codigo_curso"":""42"",""curso"":""Engenharia de Produção"",""vagas_regular"":8,""vagas_vestibulando"":0,""vagas"":8,""inscritos_regular"":8,""inscritos_vestibulando"":0,""inscritos"":8},{""codigo_curso"":""43"",""curso"":""Engenharia Agrícola e Ambiental"",""vagas_regular"":10,""vagas_vestibulando"":0,""vagas"":10,""inscritos_regular"":10,""inscritos_vestibulando"":0,""inscritos"":10},{""codigo_curso"":""51"",""curso"":""Engenharia de Petróleo"",""vagas_regular"":5,""vagas_vestibulando"":0,""vagas"":5,""inscritos_regular"":5,""inscritos_vestibulando"":0,""inscritos"":5},{""codigo_curso"":""56"",""curso"":""Eng. de Recursos Hídricos e Meio Ambiente"",""vagas_regular"":13,""vagas_vestibulando"":0,""vagas"":13,""inscritos_regular"":13,""inscritos_vestibulando"":0,""inscritos"":13},{""codigo_curso"":""100"",""curso"":""Artes"",""vagas_regular"":1,""vagas_vestibulando"":0,""vagas"":1,""inscritos_regular"":1,""inscritos_vestibulando"":0,""inscritos"":1}]",9,False,
2026-2,GFI00158,FÍSICA I,CC,,B1,/graduacao/quadrodehorarios/turmas/100000455641,Ter 09:00-11:00; Qui 09:00-11:00; Sab 08:00-10:00,"[{""codigo_curso"":""25"",""curso"":""Física"",""vagas_regular"":1,""vagas_vestibulando"":0,""vagas"":1,""inscritos_regular"":1,""inscritos_vestibulando"":0,""inscritos"":1},{""codigo_curso"":""43"",""curso"":""Engenharia Agrícola e Ambiental"",""vagas_regular"":7,""vagas_vestibulando"":0,""vagas"":7,""inscritos_regular"":7,""inscritos_vestibulando"":0,""inscritos"":7},{""codigo_curso"":""51"",""curso"":""Engenharia de Petróleo"",""vagas_regular"":2,""vagas_vestibulando"":0,""vagas"":2,""inscritos_regular"":2,""inscritos_vestibulando"":0,""inscritos"":2},{""codigo_curso"":""27"",""curso"":""Engenharia Química"",""vagas_regular"":9,""vagas_vestibulando"":0,""vagas"":9,""inscritos_regular"":9,""inscritos_vestibulando"":0,""inscritos"":9},{""codigo_curso"":""28"",""curso"":""Química"",""vagas_regular"":7,""vagas_vestibulando"":0,""vagas"":7,""inscritos_regular"":7,""inscritos_vestibulando"":0,""inscritos"":7},{""codigo_curso"":""29"",""curso"":""Química Industrial"",""vagas_regular"":3,""vagas_vestibulando"":0,""vagas"":3,""inscritos_regular"":3,""inscritos_vestibulando"":0,""inscritos"":3},{""codigo_curso"":""31"",""curso"":""Ciência da Computação"",""vagas_regular"":9,""vagas_vestibulando"":0,""vagas"":9,""inscritos_regular"":9,""inscritos_vestibulando"":0,""inscritos"":9},{""codigo_curso"":""37"",""curso"":""Engenharia Civil"",""vagas_regular"":3,""vagas_vestibulando"":0,""vagas"":3,""inscritos_regular"":3,""inscritos_vestibulando"":0,""inscritos"":3},{""codigo_curso"":""38"",""curso"":""Engenharia Elétrica"",""vagas_regular"":1,""vagas_vestibulando"":0,""vagas"":1,""inscritos_regular"":1,""inscritos_vestibulando"":0,""inscritos"":1},{""codigo_curso"":""40"",""curso"":""Engenharia Mecânica"",""vagas_regular"":16,""vagas_vestibulando"":0,""vagas"":16,""inscritos_regular"":16,""inscritos_vestibulando"":0,""inscritos"":16},{""codigo_curso"":""42"",""curso"":""Engenharia de Produção"",""vagas_regular"":3,""vagas_vestibulando"":0,""vagas"":3,""inscritos_regular"":3,""inscritos_vestibulando"":0,""inscritos"":3},{""codigo_curso"":""50"",""curso"":""Geofísica"",""vagas_regular"":10,""vagas_vestibulando"":0,""vagas"":10,""inscritos_regular"":9,""inscritos_vestibulando"":0,""inscritos"":9},{""codigo_curso"":""56"",""curso"":""Eng. de Recursos Hídricos e Meio Ambiente"",""vagas_regular"":4,""vagas_vestibulando"":0,""vagas"":4,""inscritos_regular"":4,""inscritos_vestibulando"":0,""inscritos"":4},{""codigo_curso"":""41"",""curso"":""Engenharia de Telecomunicações"",""vagas_regular"":7,""vagas_vestibulando"":0,""vagas"":7,""inscritos_regular"":7,""inscritos_vestibulando"":0,""inscritos"":7}]",9,False,
2026-2,GFI00158,FÍSICA I,CC,,B3,/graduacao/quadrodehorarios/turmas/100000455677,Ter 11:00-13:00; Qui 11:00-13:00; Sab 08:00-10:00,"[{""codigo_curso"":""41"",""curso"":""Engenharia de Telecomunicações"",""vagas_regular"":12,""vagas_vestibulando"":0,""vagas"":12,""inscritos_regular"":12,""inscritos_vestibulando"":0,""inscritos"":12},{""codigo_curso"":""51"",""curso"":""Engenharia de Petróleo"",""vagas_regular"":12,""vagas_vestibulando"":0,""vagas"":12,""inscritos_regular"":12,""inscritos_vestibulando"":0,""inscritos"":12},{""codigo_curso"":""42"",""curso"":""Engenharia de Produção"",""vagas_regular"":4,""vagas_vestibulando"":0,""vagas"":4,""inscritos_regular"":3,""inscritos_vestibulando"":0,""inscritos"":3},{""codigo_curso"":""56"",""curso"":""Eng. de Recursos Hídricos e Meio Ambiente"",""vagas_regular"":9,""vagas_vestibulando"":0,""vagas"":9,""inscritos_regular"":9,""inscritos_vestibulando"":0,""inscritos"":9},{""codigo_curso"":""40"",""curso"":""Engenharia Mecânica"",""vagas_regular"":6,""vagas_vestibulando"":0,""vagas"":6,""inscritos_regular"":6,""inscritos_vestibulando"":0,""inscritos"":6},{""codigo_curso"":""27"",""curso"":""Engenharia Química"",""vagas_regular"":3,""vagas_vestibulando"":0,""vagas"":3,""inscritos_regular"":3,""inscritos_vestibulando"":0,""inscritos"":3},{""codigo_curso"":""50"",""curso"":""Geofísica"",""vagas_regular"":2,""vagas_vestibulando"":0,""vagas"":2,""inscritos_regular"":2,""inscritos_vestibulando"":0,""inscritos"":2},{""codigo_curso"":""25"",""curso"":""Física"",""vagas_regular"":7,""vagas_vestibulando"":0,""vagas"":7,""inscritos_regular"":7,""inscritos_vestibulando"":0,""inscritos"":7},{""codigo_curso"":""43"",""curso"":""Engenharia Agrícola e Ambiental"",""vagas_regular"":6,""vagas_vestibulando"":0,""vagas"":6,""inscritos_regular"":6,""inscritos_vestibulando"":0,""inscritos"":6},{""codigo_curso"":""38"",""curso"":""Engenharia Elétrica"",""vagas_regular"":9,""vagas_vestibulando"":0,""vagas"":9,""inscritos_regular"":9,""inscritos_vestibulando"":0,""inscritos"":9},{""codigo_curso"":""31"",""curso"":""Ciência da Computação"",""vagas_regular"":5,""vagas_vestibulando"":0,""vagas"":5,""inscritos_regular"":5,""inscritos_vestibulando"":0,""inscritos"":5}]",9,False,
2026-2,GFI00158,FÍSICA I,CC,,C1,/graduacao/quadrodehorarios/turmas/100000455659,Qua 09:00-11:00; Sex 09:00-11:00; Sab 08:00-10:00,"[{""codigo_curso"":""51"",""curso"":""Engenharia de Petróleo"",""vagas_regular"":3,""vagas_vestibulando"":0,""vagas"":3,""inscritos_regular"":2,""inscritos_vestibulando"":0,""inscritos"":2},{""codigo_curso"":""56"",""curso"":""Eng. de Recursos Hídricos e Meio Ambiente"",""vagas_regular"":3,""vagas_vestibulando"":0,""vagas"":3,""inscritos_regular"":2,""inscritos_vestibulando"":0,""inscritos"":2},{""codigo_curso"":""43"",""curso"":""Engenharia Agrícola e Ambiental"",""vagas_regular"":6,""vagas_vestibulando"":0,""vagas"":6,""inscritos_regular"":6,""inscritos_vestibulando"":0,""inscritos"":6},{""codigo_curso"":""38"",""curso"":""Engenharia Elétrica"",""vagas_regular"":9,""vagas_vestibulando"":0,""vagas"":9,""inscritos_regular"":9,""inscritos_vestibulando"":0,""inscritos"":9},{""codigo_curso"":""25"",""curso"":""Física"",""vagas_regular"":3,""vagas_vestibulando"":1,""vagas"":4,""inscritos_regular"":3,""inscritos_vestibulando"":0,""inscritos"":3},{""codigo_curso"":""28"",""curso"":""Química"",""vagas_regular"":3,""vagas_vestibulando"":0,""vagas"":3,""inscritos_regular"":2,""inscritos_vestibulando"":0,""inscritos"":2},{""codigo_curso"":""31"",""curso"":""Ciência da Computação"",""vagas_regular"":8,""vagas_vestibulando"":0,""vagas"":8,""inscritos_regular"":8,""inscritos_vestibulando"":0,""inscritos"":8},{""codigo_curso"":""37"",""curso"":""Engenharia Civil"",""vagas_regular"":6,""vagas_vestibulando"":0,""vagas"":6,""inscritos_regular"":6,""inscritos_vestibulando"":0,""inscritos"":6},{""codigo_curso"":""40"",""curso"":""Engenharia Mecânica"",""vagas_regular"":5,""vagas_vestibulando"":0,""vagas"":5,""inscritos_regular"":5,""inscritos_vestibulando"":0,""inscritos"":5},{""codigo_curso"":""41"",""curso"":""Engenharia de Telecomunicações"",""vagas_regular"":19,""vagas_vestibulando"":0,""vagas"":19,""inscritos_regular"":19,""inscritos_vestibulando"":0,""inscritos"":19},{""codigo_curso"":""42"",""curso"":""Engenharia de Produção"",""vagas_regular"":1,""vagas_vestibulando"":1,""vagas"":2,""inscritos_regular"":1,""inscritos_vestibulando"":1,""inscritos"":2},{""codigo_curso"":""50"",""curso"":""Geofísica"",""vagas_regular"":2,""vagas_vestibulando"":0,""vagas"":2,""inscritos_regular"":2,""inscritos_vestibulando"":0,""inscritos"":2},{""codigo_curso"":""27"",""curso"":""Engenharia Química"",""vagas_regular"":4,""vagas_vestibulando"":0,""vagas"":4,""inscritos_regular"":4,""inscritos_vestibulando"":0,""inscritos"":4},{""codigo_curso"":""29"",""curso"":""Química Industrial"",""vagas_regular"":1,""vagas_vestibulando"":0,""vagas"":1,""inscritos_regular"":1,""inscritos_vestibulando"":0,""inscritos"":1}]",9,False,
2026-2,GFI00158,FÍSICA I,CC,,C3,/graduacao/quadrodehorarios/turmas/100000455648,Qua 11:00-13:00; Sex 11:00-13:00; Sab 08:00-10:00,"[{""codigo_curso"":""51"",""curso"":""Engenharia de Petróleo"",""vagas_regular"":1,""vagas_vestibulando"":0,""vagas"":1,""inscritos_regular"":1,""inscritos_vestibulando"":0,""inscritos"":1},{""codigo_curso"":""27"",""curso"":""Engenharia Química"",""vagas_regular"":1,""vagas_vestibulando"":0,""vagas"":1,""inscritos_regular"":0,""inscritos_vestibulando"":0,""inscritos"":0},{""codigo_curso"":""50"",""curso"":""Geofísica"",""vagas_regular"":6,""vagas_vestibulando"":0,""vagas"":6,""inscritos_regular"":5,""inscritos_vestibulando"":0,""inscritos"":5},{""codigo_curso"":""20"",""curso"":""Matemática"",""vagas_regular"":1,""vagas_vestibulando"":0,""vagas"":1,""inscritos_regular"":1,""inscritos_vestibulando"":0,""inscritos"":1},{""codigo_curso"":""42"",""curso"":""Engenharia de Produção"",""vagas_regular"":11,""vagas_vestibulando"":1,""vagas"":12,""inscritos_regular"":10,""inscritos_vestibulando"":1,""inscritos"":11},{""codigo_curso"":""25"",""curso"":""Física"",""vagas_regular"":3,""vagas_vestibulando"":0,""vagas"":3,""inscritos_regular"":3,""inscritos_vestibulando"":0,""inscritos"":3},{""codigo_curso"":""37"",""curso"":""Engenharia Civil"",""vagas_regular"":9,""vagas_vestibulando"":0,""vagas"":9,""inscritos_regular"":9,""inscritos_vestibulando"":0,""inscritos"":9},{""codigo_curso"":""38"",""curso"":""Engenharia Elétrica"",""vagas_regular"":2,""vagas_vestibulando"":0,""vagas"":2,""inscritos_regular"":2,""inscritos_vestibulando"":0,""inscritos"":2},{""codigo_curso"":""40"",""curso"":""Engenharia Mecânica"",""vagas_regular"":33,""vagas_vestibulando"":0,""vagas"":33,""inscritos_regular"":33,""inscritos_vestibulando"":0,""inscritos"":33},{""codigo_curso"":""43"",""curso"":""Engenharia Agrícola e Ambiental"",""vagas_regular"":8,""vagas_vestibulando"":1,""vagas"":9,""inscritos_regular"":7,""inscritos_vestibulando"":1,""inscritos"":8},{""codigo_curso"":""56"",""curso"":""Eng. de Recursos Hídricos e Meio Ambiente"",""vagas_regular"":19,""vagas_vestibulando"":0,""vagas"":19,""inscritos_regular"":19,""inscritos_vestibulando"":0,""inscritos"":19},{""codigo_curso"":""31"",""curso"":""Ciência da Computação"",""vagas_regular"":1,""vagas_vestibulando"":0,""vagas"":1,""inscritos_regular"":1,""inscritos_vestibulando"":0,""inscritos"":1},{""codigo_curso"":""41"",""curso"":""Engenharia de Telecomunicações"",""vagas_regular"":1,""vagas_vestibulando"":0,""vagas"":1,""inscritos_regular"":1,""inscritos_vestibulando"":0,""inscritos"":1}]",9,False,
2026-2,GFI00158,FÍSICA I,CC,,F4,/graduacao/quadrodehorarios/turmas/100000455662,Seg 14:00-16:00; Qua 14:00-16:00; Sab 08:00-10:00,"[{""codigo_curso"":""40"",""curso"":""Engenharia Mecânica"",""vagas_regular"":1,""vagas_vestibulando"":0,""vagas"":1,""inscritos_regular"":1,""inscritos_vestibulando"":0,""inscritos"":1},{""codigo_curso"":""43"",""curso"":""Engenharia Agrícola e Ambiental"",""vagas_regular"":3,""vagas_vestibulando"":0,""vagas"":3,""inscritos_regular"":3,""inscritos_vestibulando"":0,""inscritos"":3},{""codigo_curso"":""37"",""curso"":""Engenharia Civil"",""vagas_regular"":11,""vagas_vestibulando"":0,""vagas"":11,""inscritos_regular"":11,""inscritos_vestibulando"":0,""inscritos"":11},{""codigo_curso"":""38"",""curso"":""Engenharia Elétrica"",""vagas_regular"":5,""vagas_vestibulando"":0,""vagas"":5,""inscritos_regular"":5,""inscritos_vestibulando"":0,""inscritos"":5},{""codigo_curso"":""27"",""curso"":""Engenharia Química"",""vagas_regular"":13,""vagas_vestibulando"":0,""vagas"":13,""inscritos_regular"":13,""inscritos_vestibulando"":0,""inscritos"":13},{""codigo_curso"":""56"",""curso"":""Eng. de Recursos Hídricos e Meio Ambiente"",""vagas_regular"":9,""vagas_vestibulando"":0,""vagas"":9,""inscritos_regular"":9,""inscritos_vestibulando"":0,""inscritos"":9},{""codigo_curso"":""31"",""curso"":""Ciência da Computação"",""vagas_regular"":19,""vagas_vestibulando"":0,""vagas"":19,""inscritos_regular"":19,""inscritos_vestibulando"":0,""inscritos"":19},{""codigo_curso"":""28"",""curso"":""Química"",""vagas_regular"":4,""vagas_vestibulando"":0,""vagas"":4,""inscritos_regular"":4,""inscritos_vestibulando"":0,""inscritos"":4},{""codigo_curso"":""29"",""curso"":""Química Industrial"",""vagas_regular"":3,""vagas_vestibulando"":0,""vagas"":3,""inscritos_regular"":3,""inscritos_vestibulando"":0,""inscritos"":3},{""codigo_curso"":""41"",""curso"":""Engenharia de Telecomunicações"",""vagas_regular"":6,""vagas_vestibulando"":0,""vagas"":6,""inscritos_regular"":6,""inscritos_vestibulando"":0,""inscritos"":6},{""codigo_curso"":""42"",""curso"":""Engenharia de Produção"",""vagas_regular"":1,""vagas_vestibulando"":0,""vagas"":1,""inscritos_regular"":1,""inscritos_vestibulando"":0,""inscritos"":1}]",9,False,
2026-2,GFI00159,FÍSICA II,CC,,A5,/graduacao/quadrodehorarios/turmas/100000455638,Seg 16:00-18:00; Qua 16:00-18:00; Sab 11:00-13:00,"[{""codigo_curso"":""25"",""curso"":""Física"",""vagas_regular"":3,""vagas_vestibulando"":0,""vagas"":3,""inscritos_regular"":3,""inscritos_vestibulando"":0,""inscritos"":3},{""codigo_curso"":""27"",""curso"":""Engenharia Química"",""vagas_regular"":7,""vagas_vestibulando"":0,""vagas"":7,""inscritos_regular"":6,""inscritos_vestibulando"":0,""inscritos"":6},{""codigo_curso"":""28"",""curso"":""Química"",""vagas_regular"":3,""vagas_vestibulando"":0,""vagas"":3,""inscritos_regular"":3,""inscritos_vestibulando"":0,""inscritos"":3},{""codigo_curso"":""31"",""curso"":""Ciência da Computação"",""vagas_regular"":3,""vagas_vestibulando"":0,""vagas"":3,""inscritos_regular"":2,""inscritos_vestibulando"":0,""inscritos"":2},{""codigo_curso"":""37"",""curso"":""Engenharia Civil"",""vagas_regular"":5,""vagas_vestibulando"":0,""vagas"":5,""inscritos_regular"":4,""inscritos_vestibulando"":0,""inscritos"":4},{""codigo_curso"":""38"",""curso"":""Engenharia Elétrica"",""vagas_regular"":4,""vagas_vestibulando"":0,""vagas"":4,""inscritos_regular"":4,""inscritos_vestibulando"":0,""inscritos"":4},{""codigo_curso"":""41"",""curso"":""Engenharia de Telecomunicações"",""vagas_regular"":1,""vagas_vestibulando"":0,""vagas"":1,""inscritos_regular"":1,""inscritos_vestibulando"":0,""inscritos"":1},{""codigo_curso"":""42"",""curso"":""Engenharia de Produção"",""vagas_regular"":4,""vagas_vestibulando"":1,""vagas"":5,""inscritos_regular"":3,""inscritos_vestibulando"":0,""inscritos"":3},{""codigo_curso"":""43"",""curso"":""Engenharia Agrícola e Ambiental"",""vagas_regular"":12,""vagas_vestibulando"":0,""vagas"":12,""inscritos_regular"":9,""inscritos_vestibulando"":0,""inscritos"":9},{""codigo_curso"":""51"",""curso"":""Engenharia de Petróleo"",""vagas_regular"":2,""vagas_vestibulando"":0,""vagas"":2,""inscritos_regular"":2,""inscritos_vestibulando"":0,""inscritos"":2},{""codigo_curso"":""56"",""curso"":""Eng. de Recursos Hídricos e Meio Ambiente"",""vagas_regular"":9,""vagas_vestibulando"":0,""vagas"":9,""inscritos_regular"":9,""inscritos_vestibulando"":0,""inscritos"":9},{""codigo_curso"":""40"",""curso"":""Engenharia Mecânica"",""vagas_regular"":1,""vagas_vestibulando"":0,""vagas"":1,""inscritos_regular"":1,""inscritos_vestibulando"":0,""inscritos"":1},{""codigo_curso"":""50"",""curso"":""Geofísica"",""vagas_regular"":1,""vagas_vestibulando"":0,""vagas"":1,""inscritos_regular"":1,""inscritos_vestibulando"":0,""inscritos"":1}]",2,False,
2026-2,GFI00159,FÍSICA II,CC,,A6,/graduacao/quadrodehorarios/turmas/100000455651,Seg 18:00-20:00; Qua 18:00-20:00; Sab 11:00-13:00,"[{""codigo_curso"":""25"",""curso"":""Física"",""vagas_regular"":1,""vagas_vestibulando"":0,""vagas"":1,""inscritos_regular"":1,""inscritos_vestibulando"":0,""inscritos"":1},{""codigo_curso"":""28"",""curso"":""Química"",""vagas_regular"":3,""vagas_vestibulando"":0,""vagas"":3,""inscritos_regular"":3,""inscritos_vestibulando"":0,""inscritos"":3},{""codigo_curso"":""31"",""curso"":""Ciência da Computação"",""vagas_regular"":1,""vagas_vestibulando"":0,""vagas"":1,""inscritos_regular"":1,""inscritos_vestibulando"":0,""inscritos"":1},{""codigo_curso"":""37"",""curso"":""Engenharia Civil"",""vagas_regular"":5,""vagas_vestibulando"":0,""vagas"":5,""inscritos_regular"":5,""inscritos_vestibulando"":0,""inscritos"":5},{""codigo_curso"":""41"",""curso"":""Engenharia de Telecomunicações"",""vagas_regular"":3,""vagas_vestibulando"":0,""vagas"":3,""inscritos_regular"":3,""inscritos_vestibulando"":0,""inscritos"":3},{""codigo_curso"":""42"",""curso"":""Engenharia de Produção"",""vagas_regular"":5,""vagas_vestibulando"":0,""vagas"":5,""inscritos_regular"":4,""inscritos_vestibulando"":0,""inscritos"":4},{""codigo_curso"":""43"",""curso"":""Engenharia Agrícola e Ambiental"",""vagas_regular"":5,""vagas_vestibulando"":0,""vagas"":5,""inscritos_regular"":1,""inscritos_vestibulando"":0,""inscritos"":1},{""codigo_curso"":""50"",""curso"":""Geofísica"",""vagas_regular"":5,""vagas_vestibulando"":0,""vagas"":5,""inscritos_regular"":4,""inscritos_vestibulando"":0,""inscritos"":4},{""codigo_curso"":""56"",""curso"":""Eng. de Recursos Hídricos e Meio Ambiente"",""vagas_regular"":1,""vagas_vestibulando"":0,""vagas"":1,""inscritos_regular"":1,""inscritos_vestibulando"":0,""inscritos"":1},{""codigo_curso"":""27"",""curso"":""Engenharia Química"",""vagas_regular"":4,""vagas_vestibulando"":0,""vagas"":4,""inscritos_regular"":4,""inscritos_vestibulando"":0,""inscritos"":4}]",2,False,
2026-2,GFI00161,FÍSICA EXPERIMENTAL I,CC,,AG,/graduacao/quadrodehorarios/turmas/100000455702,Seg 18:00-20:00,"[{""codigo_curso"":""25"",""curso"":""Física"",""vagas_regular"":3,""vagas_vestibulando"":0,""vagas"":3,""inscritos_regular"":3,""inscritos_vestibulando"":0,""inscritos"":3},{""codigo_curso"":""41"",""curso"":""Engenharia de Telecomunicações"",""vagas_regular"":6,""vagas_vestibulando"":0,""vagas"":6,""inscritos_regular"":6,""inscritos_vestibulando"":0,""inscritos"":6},{""codigo_curso"":""40"",""curso"":""Engenharia Mecânica"",""vagas_regular"":3,""vagas_vestibulando"":0,""vagas"":3,""inscritos_regular"":3,""inscritos_vestibulando"":0,""inscritos"":3},{""codigo_curso"":""31"",""curso"":""Ciência da Computação"",""vagas_regular"":2,""vagas_vestibulando"":0,""vagas"":2,""inscritos_regular"":2,""inscritos_vestibulando"":0,""inscritos"":2},{""codigo_curso"":""37"",""curso"":""Engenharia Civil"",""vagas_regular"":3,""vagas_vestibulando"":0,""vagas"":3,""inscritos_regular"":2,""inscritos_vestibulando"":0,""inscritos"":2},{""codigo_curso"":""42"",""curso"":""Engenharia de Produção"",""vagas_regular"":5,""vagas_vestibulando"":0,""vagas"":5,""inscritos_regular"":5,""inscritos_vestibulando"":0,""inscritos"":5},{""codigo_curso"":""43"",""curso"":""Engenharia Agrícola e Ambiental"",""vagas_regular"":2,""vagas_vestibulando"":0,""vagas"":2,""inscritos_regular"":2,""inscritos_vestibulando"":0,""inscritos"":2}]",5,False,
2026-2,GFI00161,FÍSICA EXPERIMENTAL I,CC,,DE,/graduacao/quadrodehorarios/turmas/100000455730,Qui 14:00-16:00,"[{""codigo_curso"":""43"",""curso"":""Engenharia Agrícola e Ambiental"",""vagas_regular"":1,""vagas_vestibulando"":0,""vagas"":1,""inscritos_regular"":1,""inscritos_vestibulando"":0,""inscritos"":1},{""codigo_curso"":""40"",""curso"":""Engenharia Mecânica"",""vagas_regular"":2,""vagas_vestibulando"":0,""vagas"":2,""inscritos_regular"":2,""inscritos_vestibulando"":0,""inscritos"":2},{""codigo_curso"":""51"",""curso"":""Engenharia de Petróleo"",""vagas_regular"":2,""vagas_vestibulando"":0,""vagas"":2,""inscritos_regular"":2,""inscritos_vestibulando"":0,""inscritos"":2},{""codigo_curso"":""25"",""curso"":""Física"",""vagas_regular"":4,""vagas_vestibulando"":0,""vagas"":4,""inscritos_regular"":4,""inscritos_vestibulando"":0,""inscritos"":4},{""codigo_curso"":""27"",""curso"":""Engenharia Química"",""vagas_regular"":4,""vagas_vestibulando"":0,""vagas"":4,""inscritos_regular"":4,""inscritos_vestibulando"":0,""inscritos"":4},{""codigo_curso"":""31"",""curso"":""Ciência da Computação"",""vagas_regular"":6,""vagas_vestibulando"":0,""vagas"":6,""inscritos_regular"":6,""inscritos_vestibulando"":0,""inscritos"":6},{""codigo_curso"":""41"",""curso"":""Engenharia de Telecomunicações"",""vagas_regular"":4,""vagas_vestibulando"":0,""vagas"":4,""inscritos_regular"":3,""inscritos_vestibulando"":0,""inscritos"":3},{""codigo_curso"":""37"",""curso"":""Engenharia Civil"",""vagas_regular"":1,""vagas_vestibulando"":0,""vagas"":1,""inscritos_regular"":1,""inscritos_vestibulando"":0,""inscritos"":1}]",5,False,
2026-2,GFI00161,FÍSICA EXPERIMENTAL I,CC,,DF,/graduacao/quadrodehorarios/turmas/100000455701,Qui 16:00-18:00,"[{""codigo_curso"":""41"",""curso"":""Engenharia de Telecomunicações"",""vagas_regular"":4,""vagas_vestibulando"":0,""vagas"":4,""inscritos_regular"":4,""inscritos_vestibulando"":0,""inscritos"":4},{""codigo_curso"":""25"",""curso"":""Física"",""vagas_regular"":3,""vagas_vestibulando"":0,""vagas"":3,""inscritos_regular"":3,""inscritos_vestibulando"":0,""inscritos"":3},{""codigo_curso"":""31"",""curso"":""Ciência da Computação"",""vagas_regular"":1,""vagas_vestibulando"":0,""vagas"":1,""inscritos_regular"":1,""inscritos_vestibulando"":0,""inscritos"":1},{""codigo_curso"":""40"",""curso"":""Engenharia Mecânica"",""vagas_regular"":4,""vagas_vestibulando"":0,""vagas"":4,""inscritos_regular"":4,""inscritos_vestibulando"":0,""inscritos"":4},{""codigo_curso"":""42"",""curso"":""Engenharia de Produção"",""vagas_regular"":8,""vagas_vestibulando"":0,""vagas"":8,""inscritos_regular"":8,""inscritos_vestibulando"":0,""inscritos"":8},{""codigo_curso"":""43"",""curso"":""Engenharia Agrícola e Ambiental"",""vagas_regular"":4,""vagas_vestibulando"":0,""vagas"":4,""inscritos_regular"":4,""inscritos_vestibulando"":0,""inscritos"":4}]",5,False,
2026-2,GFI00161,FÍSICA EXPERIMENTAL I,CC,,HF,/graduacao/quadrodehorarios/turmas/100000455710,Qua 16:00-18:00,"[{""codigo_curso"":""38"",""curso"":""Engenharia Elétrica"",""vagas_regular"":2,""vagas_vestibulando"":0,""vagas"":2,""inscritos_regular"":2,""inscritos_vestibulando"":0,""inscritos"":2},{""codigo_curso"":""56"",""curso"":""Eng. de Recursos Hídricos e Meio Ambiente"",""vagas_regular"":3,""vagas_vestibulando"":0,""vagas"":3,""inscritos_regular"":2,""inscritos_vestibulando"":0,""inscritos"":2},{""codigo_curso"":""37"",""curso"":""Engenharia Civil"",""vagas_regular"":4,""vagas_vestibulando"":0,""vagas"":4,""inscritos_regular"":4,""inscritos_vestibulando"":0,""inscritos"":4},{""codigo_curso"":""27"",""curso"":""Engenharia Química"",""vagas_regular"":2,""vagas_vestibulando"":0,""vagas"":2,""inscritos_regular"":2,""inscritos_vestibulando"":0,""inscritos"":2},{""codigo_curso"":""43"",""curso"":""Engenharia Agrícola e Ambiental"",""vagas_regular"":6,""vagas_vestibulando"":0,""vagas"":6,""inscritos_regular"":4,""inscritos_vestibulando"":0,""inscritos"":4},{""codigo_curso"":""51"",""curso"":""Engenharia de Petróleo"",""vagas_regular"":4,""vagas_vestibulando"":0,""vagas"":4,""inscritos_regular"":4,""inscritos_vestibulando"":0,""inscritos"":4},{""codigo_curso"":""31"",""curso"":""Ciência da Computação"",""vagas_regular"":3,""vagas_vestibulando"":0,""vagas"":3,""inscritos_regular"":3,""inscritos_vestibulando"":0,""inscritos"":3}]",5,False,
2026-2,GFI00161,FÍSICA EXPERIMENTAL I,CC,,IF,/graduacao/quadrodehorarios/turmas/100000455700,Qui 16:00-18:00,"[{""codigo_curso"":""51"",""curso"":""Engenharia de Petróleo"",""vagas_regular"":1,""vagas_vestibulando"":0,""vagas"":1,""inscritos_regular"":1,""inscritos_vestibulando"":0,""inscritos"":1},{""codigo_curso"":""43"",""curso"":""Engenharia Agrícola e Ambiental"",""vagas_regular"":1,""vagas_vestibulando"":1,""vagas"":2,""inscritos_regular"":1,""inscritos_vestibulando"":1,""inscritos"":2},{""codigo_curso"":""41"",""curso"":""Engenharia de Telecomunicações"",""vagas_regular"":3,""vagas_vestibulando"":0,""vagas"":3,""inscritos_regular"":3,""inscritos_vestibulando"":0,""inscritos"":3},{""codigo_curso"":""27"",""curso"":""Engenharia Química"",""vagas_regular"":4,""vagas_vestibulando"":0,""vagas"":4,""inscritos_regular"":4,""inscritos_vestibulando"":0,""inscritos"":4},{""codigo_curso"":""38"",""curso"":""Engenharia Elétrica"",""vagas_regular"":1,""vagas_vestibulando"":0,""vagas"":1,""inscritos_regular"":1,""inscritos_vestibulando"":0,""inscritos"":1},{""codigo_curso"":""42"",""curso"":""Engenharia de Produção"",""vagas_regular"":3,""vagas_vestibulando"":0,""vagas"":3,""inscritos_regular"":3,""inscritos_vestibulando"":0,""inscritos"":3},{""codigo_curso"":""56"",""curso"":""Eng. de Recursos Hídricos e Meio Ambiente"",""vagas_regular"":6,""vagas_vestibulando"":0,""vagas"":6,""inscritos_regular"":6,""inscritos_vestibulando"":0,""inscritos"":6},{""codigo_curso"":""25"",""curso"":""Física"",""vagas_regular"":2,""vagas_vestibulando"":0,""vagas"":2,""inscritos_regular"":2,""inscritos_vestibulando"":0,""inscritos"":2},{""codigo_curso"":""31"",""curso"":""Ciência da Computação"",""vagas_regular"":2,""vagas_vestibulando"":0,""vagas"":2,""inscritos_regular"":2,""inscritos_vestibulando"":0,""inscritos"":2}]",5,False,
2026-2,GGM00137,FUNDAMENTOS DE CÁLCULO E GEOMETRIA,CC,,A9,/graduacao/quadrodehorarios/turmas/100000459533,Seg 09:00-11:00; Qua 09:00-11:00,"[{""codigo_curso"":""31"",""curso"":""Ciência da Computação"",""vagas_regular"":4,""vagas_vestibulando"":0,""vagas"":4,""inscritos_regular"":3,""inscritos_vestibulando"":0,""inscritos"":3},{""codigo_curso"":""42"",""curso"":""Engenharia de Produção"",""vagas_regular"":5,""vagas_vestibulando"":0,""vagas"":5,""inscritos_regular"":5,""inscritos_vestibulando"":0,""inscritos"":5},{""codigo_curso"":""56"",""curso"":""Eng. de Recursos Hídricos e Meio Ambiente"",""vagas_regular"":4,""vagas_vestibulando"":0,""vagas"":4,""inscritos_regular"":2,""inscritos_vestibulando"":0,""inscritos"":2},{""codigo_curso"":""50"",""curso"":""Geofísica"",""vagas_regular"":5,""vagas_vestibulando"":0,""vagas"":5,""inscritos_regular"":2,""inscritos_vestibulando"":0,""inscritos"":2},{""codigo_curso"":""43"",""curso"":""Engenharia Agrícola e Ambiental"",""vagas_regular"":10,""vagas_vestibulando"":0,""vagas"":10,""inscritos_regular"":9,""inscritos_vestibulando"":0,""inscritos"":9},{""codigo_curso"":""27"",""curso"":""Engenharia Química"",""vagas_regular"":8,""vagas_vestibulando"":0,""vagas"":8,""inscritos_regular"":3,""inscritos_vestibulando"":0,""inscritos"":3},{""codigo_curso"":""41"",""curso"":""Engenharia de Telecomunicações"",""vagas_regular"":6,""vagas_vestibulando"":0,""vagas"":6,""inscritos_regular"":4,""inscritos_vestibulando"":0,""inscritos"":4},{""codigo_curso"":""38"",""curso"":""Engenharia Elétrica"",""vagas_regular"":3,""vagas_vestibulando"":0,""vagas"":3,""inscritos_regular"":3,""inscritos_vestibulando"":0,""inscritos"":3},{""codigo_curso"":""40"",""curso"":""Engenharia Mecânica"",""vagas_regular"":3,""vagas_vestibulando"":0,""vagas"":3,""inscritos_regular"":2,""inscritos_vestibulando"":0,""inscritos"":2},{""codigo_curso"":""37"",""curso"":""Engenharia Civil"",""vagas_regular"":6,""vagas_vestibulando"":0,""vagas"":6,""inscritos_regular"":5,""inscritos_vestibulando"":0,""inscritos"":5},{""codigo_curso"":""51"",""curso"":""Engenharia de Petróleo"",""vagas_regular"":5,""vagas_vestibulando"":0,""vagas"":5,""inscritos_regular"":4,""inscritos_vestibulando"":0,""inscritos"":4},{""codigo_curso"":""123"",""curso"":""Inteligência Artificial e Ciência de Dados"",""vagas_regular"":3,""vagas_vestibulando"":0,""vagas"":3,""inscritos_regular"":0,""inscritos_vestibulando"":0,""inscritos"":0}]",11,False,
2026-2,GGM00137,FUNDAMENTOS DE CÁLCULO E GEOMETRIA,CC,,B3,/graduacao/quadrodehorarios/turmas/100000459505,Seg 11:00-13:00; Qua 11:00-13:00,"[{""codigo_curso"":""54"",""curso"":""Estatística"",""vagas_regular"":30,""vagas_vestibulando"":0,""vagas"":30,""inscritos_regular"":25,""inscritos_vestibulando"":0,""inscritos"":25},{""codigo_curso"":""41"",""curso"":""Engenharia de Telecomunicações"",""vagas_regular"":6,""vagas_vestibulando"":0,""vagas"":6,""inscritos_regular"":6,""inscritos_vestibulando"":0,""inscritos"":6},{""codigo_curso"":""50"",""curso"":""Geofísica"",""vagas_regular"":1,""vagas_vestibulando"":0,""vagas"":1,""inscritos_regular"":0,""inscritos_vestibulando"":0,""inscritos"":0},{""codigo_curso"":""51"",""curso"":""Engenharia de Petróleo"",""vagas_regular"":3,""vagas_vestibulando"":0,""vagas"":3,""inscritos_regular"":0,""inscritos_vestibulando"":0,""inscritos"":0},{""codigo_curso"":""43"",""curso"":""Engenharia Agrícola e Ambiental"",""vagas_regular"":12,""vagas_vestibulando"":0,""vagas"":12,""inscritos_regular"":12,""inscritos_vestibulando"":0,""inscritos"":12},{""codigo_curso"":""31"",""curso"":""Ciência da Computação"",""vagas_regular"":5,""vagas_vestibulando"":0,""vagas"":5,""inscritos_regular"":5,""inscritos_vestibulando"":0,""inscritos"":5}]",11,False,
2026-2,GGM00137,FUNDAMENTOS DE CÁLCULO E GEOMETRIA,CC;SI,,B8,/graduacao/quadrodehorarios/turmas/100000459540,Seg 11:00-13:00; Qua 11:00-13:00,"[{""codigo_curso"":""40"",""curso"":""Engenharia Mecânica"",""vagas_regular"":3,""vagas_vestibulando"":0,""vagas"":3,""inscritos_regular"":1,""inscritos_vestibulando"":0,""inscritos"":1},{""codigo_curso"":""38"",""curso"":""Engenharia Elétrica"",""vagas_regular"":3,""vagas_vestibulando"":0,""vagas"":3,""inscritos_regular"":2,""inscritos_vestibulando"":0,""inscritos"":2},{""codigo_curso"":""31"",""curso"":""Ciência da Computação"",""vagas_regular"":6,""vagas_vestibulando"":0,""vagas"":6,""inscritos_regular"":5,""inscritos_vestibulando"":0,""inscritos"":5},{""codigo_curso"":""41"",""curso"":""Engenharia de Telecomunicações"",""vagas_regular"":10,""vagas_vestibulando"":0,""vagas"":10,""inscritos_regular"":10,""inscritos_vestibulando"":0,""inscritos"":10},{""codigo_curso"":""37"",""curso"":""Engenharia Civil"",""vagas_regular"":3,""vagas_vestibulando"":0,""vagas"":3,""inscritos_regular"":1,""inscritos_vestibulando"":0,""inscritos"":1},{""codigo_curso"":""56"",""curso"":""Eng. de Recursos Hídricos e Meio Ambiente"",""vagas_regular"":5,""vagas_vestibulando"":0,""vagas"":5,""inscritos_regular"":5,""inscritos_vestibulando"":0,""inscritos"":5},{""codigo_curso"":""42"",""curso"":""Engenharia de Produção"",""vagas_regular"":7,""vagas_vestibulando"":0,""vagas"":7,""inscritos_regular"":5,""inscritos_vestibulando"":0,""inscritos"":5},{""codigo_curso"":""43"",""curso"":""Engenharia Agrícola e Ambiental"",""vagas_regular"":9,""vagas_vestibulando"":0,""vagas"":9,""inscritos_regular"":8,""inscritos_vestibulando"":0,""inscritos"":8},{""codigo_curso"":""51"",""curso"":""Engenharia de Petróleo"",""vagas_regular"":6,""vagas_vestibulando"":0,""vagas"":6,""inscritos_regular"":6,""inscritos_vestibulando"":0,""inscritos"":6},{""codigo_curso"":""27"",""curso"":""Engenharia Química"",""vagas_regular"":7,""vagas_vestibulando"":0,""vagas"":7,""inscritos_regular"":0,""inscritos_vestibulando"":0,""inscritos"":0},{""codigo_curso"":""83"",""curso"":""Sistemas de Informação"",""vagas_regular"":3,""vagas_vestibulando"":0,""vagas"":3,""inscritos_regular"":0,""inscritos_vestibulando"":0,""inscritos"":0},{""codigo_curso"":""50"",""curso"":""Geofísica"",""vagas_regular"":8,""vagas_vestibulando"":0,""vagas"":8,""inscritos_regular"":8,""inscritos_vestibulando"":0,""inscritos"":8},{""codigo_curso"":""123"",""curso"":""Inteligência Artificial e Ciência de Dados"",""vagas_regular"":3,""vagas_vestibulando"":0,""vagas"":3,""inscritos_regular"":3,""inscritos_vestibulando"":0,""inscritos"":3}]",11,False,
2026-2,GGM00137,FUNDAMENTOS DE CÁLCULO E GEOMETRIA,CC,,B9,/graduacao/quadrodehorarios/turmas/100000459532,Seg 11:00-13:00; Qua 11:00-13:00,"[{""codigo_curso"":""41"",""curso"":""Engenharia de Telecomunicações"",""vagas_regular"":5,""vagas_vestibulando"":0,""vagas"":5,""inscritos_regular"":5,""inscritos_vestibulando"":0,""inscritos"":5},{""codigo_curso"":""38"",""curso"":""Engenharia Elétrica"",""vagas_regular"":6,""vagas_vestibulando"":0,""vagas"":6,""inscritos_regular"":6,""inscritos_vestibulando"":0,""inscritos"":6},{""codigo_curso"":""56"",""curso"":""Eng. de Recursos Hídricos e Meio Ambiente"",""vagas_regular"":5,""vagas_vestibulando"":0,""vagas"":5,""inscritos_regular"":5,""inscritos_vestibulando"":0,""inscritos"":5},{""codigo_curso"":""42"",""curso"":""Engenharia de Produção"",""vagas_regular"":7,""vagas_vestibulando"":0,""vagas"":7,""inscritos_regular"":7,""inscritos_vestibulando"":0,""inscritos"":7},{""codigo_curso"":""31"",""curso"":""Ciência da Computação"",""vagas_regular"":5,""vagas_vestibulando"":1,""vagas"":6,""inscritos_regular"":5,""inscritos_vestibulando"":0,""inscritos"":5},{""codigo_curso"":""40"",""curso"":""Engenharia Mecânica"",""vagas_regular"":3,""vagas_vestibulando"":0,""vagas"":3,""inscritos_regular"":3,""inscritos_vestibulando"":0,""inscritos"":3},{""codigo_curso"":""37"",""curso"":""Engenharia Civil"",""vagas_regular"":4,""vagas_vestibulando"":0,""vagas"":4,""inscritos_regular"":4,""inscritos_vestibulando"":0,""inscritos"":4},{""codigo_curso"":""43"",""curso"":""Engenharia Agrícola e Ambiental"",""vagas_regular"":5,""vagas_vestibulando"":0,""vagas"":5,""inscritos_regular"":5,""inscritos_vestibulando"":0,""inscritos"":5},{""codigo_curso"":""51"",""curso"":""Engenharia de Petróleo"",""vagas_regular"":5,""vagas_vestibulando"":0,""vagas"":5,""inscritos_regular"":5,""inscritos_vestibulando"":0,""inscritos"":5},{""codigo_curso"":""27"",""curso"":""Engenharia Química"",""vagas_regular"":3,""vagas_vestibulando"":0,""vagas"":3,""inscritos_regular"":3,""inscritos_vestibulando"":0,""inscritos"":3},{""codigo_curso"":""50"",""curso"":""Geofísica"",""vagas_regular"":6,""vagas_vestibulando"":0,""vagas"":6,""inscritos_regular"":6,""inscritos_vestibulando"":0,""inscritos"":6},{""codigo_curso"":""123"",""curso"":""Inteligência Artificial e Ciência de Dados"",""vagas_regular"":2,""vagas_vestibulando"":0,""vagas"":2,""inscritos_regular"":2,""inscritos_vestibulando"":0,""inscritos"":2}]",11,False,
2026-2,GGM00137,FUNDAMENTOS DE CÁLCULO E GEOMETRIA,CC;SI,,C9,/graduacao/quadrodehorarios/turmas/100000461312,Seg 14:00-16:00; Qua 14:00-16:00,"[{""codigo_curso"":""50"",""curso"":""Geofísica"",""vagas_regular"":6,""vagas_vestibulando"":0,""vagas"":6,""inscritos_regular"":6,""inscritos_vestibulando"":0,""inscritos"":6},{""codigo_curso"":""40"",""curso"":""Engenharia Mecânica"",""vagas_regular"":4,""vagas_vestibulando"":0,""vagas"":4,""inscritos_regular"":4,""inscritos_vestibulando"":0,""inscritos"":4},{""codigo_curso"":""38"",""curso"":""Engenharia Elétrica"",""vagas_regular"":6,""vagas_vestibulando"":0,""vagas"":6,""inscritos_regular"":5,""inscritos_vestibulando"":0,""inscritos"":5},{""codigo_curso"":""31"",""curso"":""Ciência da Computação"",""vagas_regular"":3,""vagas_vestibulando"":0,""vagas"":3,""inscritos_regular"":1,""inscritos_vestibulando"":0,""inscritos"":1},{""codigo_curso"":""41"",""curso"":""Engenharia de Telecomunicações"",""vagas_regular"":7,""vagas_vestibulando"":0,""vagas"":7,""inscritos_regular"":6,""inscritos_vestibulando"":0,""inscritos"":6},{""codigo_curso"":""37"",""curso"":""Engenharia Civil"",""vagas_regular"":3,""vagas_vestibulando"":0,""vagas"":3,""inscritos_regular"":2,""inscritos_vestibulando"":0,""inscritos"":2},{""codigo_curso"":""56"",""curso"":""Eng. de Recursos Hídricos e Meio Ambiente"",""vagas_regular"":10,""vagas_vestibulando"":0,""vagas"":10,""inscritos_regular"":7,""inscritos_vestibulando"":0,""inscritos"":7},{""codigo_curso"":""42"",""curso"":""Engenharia de Produção"",""vagas_regular"":6,""vagas_vestibulando"":0,""vagas"":6,""inscritos_regular"":3,""inscritos_vestibulando"":0,""inscritos"":3},{""codigo_curso"":""43"",""curso"":""Engenharia Agrícola e Ambiental"",""vagas_regular"":3,""vagas_vestibulando"":0,""vagas"":3,""inscritos_regular"":3,""inscritos_vestibulando"":0,""inscritos"":3},{""codigo_curso"":""51"",""curso"":""Engenharia de Petróleo"",""vagas_regular"":6,""vagas_vestibulando"":0,""vagas"":6,""inscritos_regular"":6,""inscritos_vestibulando"":0,""inscritos"":6},{""codigo_curso"":""27"",""curso"":""Engenharia Química"",""vagas_regular"":3,""vagas_vestibulando"":0,""vagas"":3,""inscritos_regular"":2,""inscritos_vestibulando"":0,""inscritos"":2},{""codigo_curso"":""83"",""curso"":""Sistemas de Informação"",""vagas_regular"":3,""vagas_vestibulando"":0,""vagas"":3,""inscritos_regular"":1,""inscritos_vestibulando"":0,""inscritos"":1},{""codigo_curso"":""123"",""curso"":""Inteligência Artificial e Ciência de Dados"",""vagas_regular"":3,""vagas_vestibulando"":0,""vagas"":3,""inscritos_regular"":0,""inscritos_vestibulando"":0,""inscritos"":0}]",11,False,
2026-2,GGM00137,FUNDAMENTOS DE CÁLCULO E GEOMETRIA,SI,,D1,/graduacao/quadrodehorarios/turmas/100000459504,Seg 16:00-18:00; Qua 16:00-18:00,"[{""codigo_curso"":""37"",""curso"":""Engenharia Civil"",""vagas_regular"":10,""vagas_vestibulando"":45,""vagas"":55,""inscritos_regular"":8,""inscritos_vestibulando"":39,""inscritos"":47},{""codigo_curso"":""83"",""curso"":""Sistemas de Informação"",""vagas_regular"":5,""vagas_vestibulando"":0,""vagas"":5,""inscritos_regular"":3,""inscritos_vestibulando"":0,""inscritos"":3},{""codigo_curso"":""41"",""curso"":""Engenharia de Telecomunicações"",""vagas_regular"":3,""vagas_vestibulando"":0,""vagas"":3,""inscritos_regular"":3,""inscritos_vestibulando"":0,""inscritos"":3}]",11,False,
2026-2,GGM00137,FUNDAMENTOS DE CÁLCULO E GEOMETRIA,CC,,E9,/graduacao/quadrodehorarios/turmas/100000459526,Ter 09:00-11:00; Qui 09:00-11:00,"[{""codigo_curso"":""41"",""curso"":""Engenharia de Telecomunicações"",""vagas_regular"":3,""vagas_vestibulando"":0,""vagas"":3,""inscritos_regular"":2,""inscritos_vestibulando"":0,""inscritos"":2},{""codigo_curso"":""31"",""curso"":""Ciência da Computação"",""vagas_regular"":5,""vagas_vestibulando"":0,""vagas"":5,""inscritos_regular"":5,""inscritos_vestibulando"":0,""inscritos"":5},{""codigo_curso"":""27"",""curso"":""Engenharia Química"",""vagas_regular"":7,""vagas_vestibulando"":0,""vagas"":7,""inscritos_regular"":4,""inscritos_vestibulando"":0,""inscritos"":4},{""codigo_curso"":""37"",""curso"":""Engenharia Civil"",""vagas_regular"":4,""vagas_vestibulando"":0,""vagas"":4,""inscritos_regular"":4,""inscritos_vestibulando"":0,""inscritos"":4},{""codigo_curso"":""50"",""curso"":""Geofísica"",""vagas_regular"":5,""vagas_vestibulando"":0,""vagas"":5,""inscritos_regular"":5,""inscritos_vestibulando"":0,""inscritos"":5},{""codigo_curso"":""43"",""curso"":""Engenharia Agrícola e Ambiental"",""vagas_regular"":5,""vagas_vestibulando"":0,""vagas"":5,""inscritos_regular"":4,""inscritos_vestibulando"":0,""inscritos"":4},{""codigo_curso"":""42"",""curso"":""Engenharia de Produção"",""vagas_regular"":3,""vagas_vestibulando"":0,""vagas"":3,""inscritos_regular"":1,""inscritos_vestibulando"":0,""inscritos"":1},{""codigo_curso"":""40"",""curso"":""Engenharia Mecânica"",""vagas_regular"":3,""vagas_vestibulando"":0,""vagas"":3,""inscritos_regular"":3,""inscritos_vestibulando"":0,""inscritos"":3},{""codigo_curso"":""38"",""curso"":""Engenharia Elétrica"",""vagas_regular"":3,""vagas_vestibulando"":0,""vagas"":3,""inscritos_regular"":2,""inscritos_vestibulando"":0,""inscritos"":2},{""codigo_curso"":""56"",""curso"":""Eng. de Recursos Hídricos e Meio Ambiente"",""vagas_regular"":7,""vagas_vestibulando"":0,""vagas"":7,""inscritos_regular"":6,""inscritos_vestibulando"":0,""inscritos"":6},{""codigo_curso"":""51"",""curso"":""Engenharia de Petróleo"",""vagas_regular"":3,""vagas_vestibulando"":0,""vagas"":3,""inscritos_regular"":1,""inscritos_vestibulando"":0,""inscritos"":1},{""codigo_curso"":""123"",""curso"":""Inteligência Artificial e Ciência de Dados"",""vagas_regular"":3,""vagas_vestibulando"":0,""vagas"":3,""inscritos_regular"":1,""inscritos_vestibulando"":0,""inscritos"":1}]",11,False,
2026-2,GGM00137,FUNDAMENTOS DE CÁLCULO E GEOMETRIA,CC,,F1,/graduacao/quadrodehorarios/turmas/100000459502,Ter 11:00-13:00; Qui 11:00-13:00,"[{""codigo_curso"":""31"",""curso"":""Ciência da Computação"",""vagas_regular"":5,""vagas_vestibulando"":45,""vagas"":50,""inscritos_regular"":3,""inscritos_vestibulando"":45,""inscritos"":48}]",11,False,
2026-2,GGM00137,FUNDAMENTOS DE CÁLCULO E GEOMETRIA,CC,,F9,/graduacao/quadrodehorarios/turmas/100000459534,Ter 11:00-13:00; Qui 11:00-13:00,"[{""codigo_curso"":""31"",""curso"":""Ciência da Computação"",""vagas_regular"":9,""vagas_vestibulando"":0,""vagas"":9,""inscritos_regular"":4,""inscritos_vestibulando"":0,""inscritos"":4},{""codigo_curso"":""56"",""curso"":""Eng. de Recursos Hídricos e Meio Ambiente"",""vagas_regular"":5,""vagas_vestibulando"":0,""vagas"":5,""inscritos_regular"":4,""inscritos_vestibulando"":0,""inscritos"":4},{""codigo_curso"":""43"",""curso"":""Engenharia Agrícola e Ambiental"",""vagas_regular"":8,""vagas_vestibulando"":0,""vagas"":8,""inscritos_regular"":8,""inscritos_vestibulando"":0,""inscritos"":8},{""codigo_curso"":""42"",""curso"":""Engenharia de Produção"",""vagas_regular"":3,""vagas_vestibulando"":0,""vagas"":3,""inscritos_regular"":1,""inscritos_vestibulando"":0,""inscritos"":1},{""codigo_curso"":""50"",""curso"":""Geofísica"",""vagas_regular"":3,""vagas_vestibulando"":0,""vagas"":3,""inscritos_regular"":2,""inscritos_vestibulando"":0,""inscritos"":2},{""codigo_curso"":""40"",""curso"":""Engenharia Mecânica"",""vagas_regular"":3,""vagas_vestibulando"":0,""vagas"":3,""inscritos_regular"":1,""inscritos_vestibulando"":0,""inscritos"":1},{""codigo_curso"":""38"",""curso"":""Engenharia Elétrica"",""vagas_regular"":5,""vagas_vestibulando"":0,""vagas"":5,""inscritos_regular"":5,""inscritos_vestibulando"":0,""inscritos"":5},{""codigo_curso"":""41"",""curso"":""Engenharia de Telecomunicações"",""vagas_regular"":5,""vagas_vestibulando"":0,""vagas"":5,""inscritos_regular"":5,""inscritos_vestibulando"":0,""inscritos"":5},{""codigo_curso"":""37"",""curso"":""Engenharia Civil"",""vagas_regular"":3,""vagas_vestibulando"":0,""vagas"":3,""inscritos_regular"":3,""inscritos_vestibulando"":0,""inscritos"":3},{""codigo_curso"":""51"",""curso"":""Engenharia de Petróleo"",""vagas_regular"":4,""vagas_vestibulando"":0,""vagas"":4,""inscritos_regular"":4,""inscritos_vestibulando"":0,""inscritos"":4},{""codigo_curso"":""27"",""curso"":""Engenharia Química"",""vagas_regular"":3,""vagas_vestibulando"":0,""vagas"":3,""inscritos_regular"":2,""inscritos_vestibulando"":0,""inscritos"":2},{""codigo_curso"":""26"",""curso"":""Arquitetura e Urbanismo"",""vagas_regular"":1,""vagas_vestibulando"":0,""vagas"":1,""inscritos_regular"":0,""inscritos_vestibulando"":0,""inscritos"":0},{""codigo_curso"":""123"",""curso"":""Inteligência Artificial e Ciência de Dados"",""vagas_regular"":10,""vagas_vestibulando"":0,""vagas"":10,""inscritos_regular"":2,""inscritos_vestibulando"":0,""inscritos"":2}]",11,False,
2026-2,GGM00137,FUNDAMENTOS DE CÁLCULO E GEOMETRIA,CC,,G9,/graduacao/quadrodehorarios/turmas/100000461324,Ter 14:00-16:00; Qui 14:00-16:00,"[{""codigo_curso"":""50"",""curso"":""Geofísica"",""vagas_regular"":5,""vagas_vestibulando"":0,""vagas"":5,""inscritos_regular"":5,""inscritos_vestibulando"":0,""inscritos"":5},{""codigo_curso"":""40"",""curso"":""Engenharia Mecânica"",""vagas_regular"":3,""vagas_vestibulando"":0,""vagas"":3,""inscritos_regular"":3,""inscritos_vestibulando"":0,""inscritos"":3},{""codigo_curso"":""38"",""curso"":""Engenharia Elétrica"",""vagas_regular"":3,""vagas_vestibulando"":0,""vagas"":3,""inscritos_regular"":2,""inscritos_vestibulando"":0,""inscritos"":2},{""codigo_curso"":""31"",""curso"":""Ciência da Computação"",""vagas_regular"":3,""vagas_vestibulando"":0,""vagas"":3,""inscritos_regular"":2,""inscritos_vestibulando"":0,""inscritos"":2},{""codigo_curso"":""41"",""curso"":""Engenharia de Telecomunicações"",""vagas_regular"":3,""vagas_vestibulando"":0,""vagas"":3,""inscritos_regular"":3,""inscritos_vestibulando"":0,""inscritos"":3},{""codigo_curso"":""37"",""curso"":""Engenharia Civil"",""vagas_regular"":3,""vagas_vestibulando"":0,""vagas"":3,""inscritos_regular"":1,""inscritos_vestibulando"":0,""inscritos"":1},{""codigo_curso"":""56"",""curso"":""Eng. de Recursos Hídricos e Meio Ambiente"",""vagas_regular"":3,""vagas_vestibulando"":0,""vagas"":3,""inscritos_regular"":1,""inscritos_vestibulando"":0,""inscritos"":1},{""codigo_curso"":""42"",""curso"":""Engenharia de Produção"",""vagas_regular"":3,""vagas_vestibulando"":0,""vagas"":3,""inscritos_regular"":2,""inscritos_vestibulando"":0,""inscritos"":2},{""codigo_curso"":""43"",""curso"":""Engenharia Agrícola e Ambiental"",""vagas_regular"":3,""vagas_vestibulando"":0,""vagas"":3,""inscritos_regular"":2,""inscritos_vestibulando"":0,""inscritos"":2},{""codigo_curso"":""51"",""curso"":""Engenharia de Petróleo"",""vagas_regular"":6,""vagas_vestibulando"":0,""vagas"":6,""inscritos_regular"":5,""inscritos_vestibulando"":0,""inscritos"":5},{""codigo_curso"":""27"",""curso"":""Engenharia Química"",""vagas_regular"":3,""vagas_vestibulando"":0,""vagas"":3,""inscritos_regular"":0,""inscritos_vestibulando"":0,""inscritos"":0},{""codigo_curso"":""123"",""curso"":""Inteligência Artificial e Ciência de Dados"",""vagas_regular"":3,""vagas_vestibulando"":0,""vagas"":3,""inscritos_regular"":0,""inscritos_vestibulando"":0,""inscritos"":0}]",11,False,
2026-2,GGM00137,FUNDAMENTOS DE CÁLCULO E GEOMETRIA,CC;SI,,H9,/graduacao/quadrodehorarios/turmas/100000459528,Ter 16:00-18:00; Qui 16:00-18:00,"[{""codigo_curso"":""31"",""curso"":""Ciência da Computação"",""vagas_regular"":3,""vagas_vestibulando"":0,""vagas"":3,""inscritos_regular"":1,""inscritos_vestibulando"":0,""inscritos"":1},{""codigo_curso"":""37"",""curso"":""Engenharia Civil"",""vagas_regular"":4,""vagas_vestibulando"":0,""vagas"":4,""inscritos_regular"":3,""inscritos_vestibulando"":0,""inscritos"":3},{""codigo_curso"":""41"",""curso"":""Engenharia de Telecomunicações"",""vagas_regular"":7,""vagas_vestibulando"":0,""vagas"":7,""inscritos_regular"":5,""inscritos_vestibulando"":0,""inscritos"":5},{""codigo_curso"":""83"",""curso"":""Sistemas de Informação"",""vagas_regular"":3,""vagas_vestibulando"":0,""vagas"":3,""inscritos_regular"":1,""inscritos_vestibulando"":0,""inscritos"":1},{""codigo_curso"":""56"",""curso"":""Eng. de Recursos Hídricos e Meio Ambiente"",""vagas_regular"":3,""vagas_vestibulando"":0,""vagas"":3,""inscritos_regular"":3,""inscritos_vestibulando"":0,""inscritos"":3},{""codigo_curso"":""42"",""curso"":""Engenharia de Produção"",""vagas_regular"":3,""vagas_vestibulando"":0,""vagas"":3,""inscritos_regular"":2,""inscritos_vestibulando"":0,""inscritos"":2},{""codigo_curso"":""38"",""curso"":""Engenharia Elétrica"",""vagas_regular"":3,""vagas_vestibulando"":0,""vagas"":3,""inscritos_regular"":0,""inscritos_vestibulando"":0,""inscritos"":0},{""codigo_curso"":""50"",""curso"":""Geofísica"",""vagas_regular"":3,""vagas_vestibulando"":0,""vagas"":3,""inscritos_regular"":1,""inscritos_vestibulando"":0,""inscritos"":1},{""codigo_curso"":""43"",""curso"":""Engenharia Agrícola e Ambiental"",""vagas_regular"":6,""vagas_vestibulando"":0,""vagas"":6,""inscritos_regular"":4,""inscritos_vestibulando"":0,""inscritos"":4},{""codigo_curso"":""40"",""curso"":""Engenharia Mecânica"",""vagas_regular"":3,""vagas_vestibulando"":0,""vagas"":3,""inscritos_regular"":0,""inscritos_vestibulando"":0,""inscritos"":0},{""codigo_curso"":""51"",""curso"":""Engenharia de Petróleo"",""vagas_regular"":3,""vagas_vestibulando"":0,""vagas"":3,""inscritos_regular"":1,""inscritos_vestibulando"":0,""inscritos"":1},{""codigo_curso"":""27"",""curso"":""Engenharia Química"",""vagas_regular"":3,""vagas_vestibulando"":0,""vagas"":3,""inscritos_regular"":1,""inscritos_vestibulando"":0,""inscritos"":1},{""codigo_curso"":""123"",""curso"":""Inteligência Artificial e Ciência de Dados"",""vagas_regular"":3,""vagas_vestibulando"":0,""vagas"":3,""inscritos_regular"":0,""inscritos_vestibulando"":0,""inscritos"":0}]",11,False,
2026-2,GLC00292,LIBRAS I,CC,,I2,/graduacao/quadrodehorarios/turmas/100000453168,Seg 09:00-11:00,"[{""codigo_curso"":""31"",""curso"":""Ciência da Computação"",""vagas_regular"":22,""vagas_vestibulando"":0,""vagas"":22,""inscritos_regular"":22,""inscritos_vestibulando"":0,""inscritos"":22},{""codigo_curso"":""1"",""curso"":""Biblioteconomia e Documentação"",""vagas_regular"":2,""vagas_vestibulando"":0,""vagas"":2,""inscritos_regular"":1,""inscritos_vestibulando"":0,""inscritos"":1},{""codigo_curso"":""21"",""curso"":""Letras"",""vagas_regular"":5,""vagas_vestibulando"":0,""vagas"":5,""inscritos_regular"":5,""inscritos_vestibulando"":0,""inscritos"":5},{""codigo_curso"":""54"",""curso"":""Estatística"",""vagas_regular"":1,""vagas_vestibulando"":0,""vagas"":1,""inscritos_regular"":1,""inscritos_vestibulando"":0,""inscritos"":1},{""codigo_curso"":""38"",""curso"":""Engenharia Elétrica"",""vagas_regular"":1,""vagas_vestibulando"":0,""vagas"":1,""inscritos_regular"":1,""inscritos_vestibulando"":0,""inscritos"":1},{""codigo_curso"":""56"",""curso"":""Eng. de Recursos Hídricos e Meio Ambiente"",""vagas_regular"":1,""vagas_vestibulando"":0,""vagas"":1,""inscritos_regular"":1,""inscritos_vestibulando"":0,""inscritos"":1},{""codigo_curso"":""96"",""curso"":""Desenho Industrial"",""vagas_regular"":5,""vagas_vestibulando"":0,""vagas"":5,""inscritos_regular"":5,""inscritos_vestibulando"":0,""inscritos"":5},{""codigo_curso"":""10"",""curso"":""Pedagogia"",""vagas_regular"":2,""vagas_vestibulando"":0,""vagas"":2,""inscritos_regular"":2,""inscritos_vestibulando"":0,""inscritos"":2},{""codigo_curso"":""20"",""curso"":""Matemática"",""vagas_regular"":2,""vagas_vestibulando"":0,""vagas"":2,""inscritos_regular"":2,""inscritos_vestibulando"":0,""inscritos"":2}]",6,False,
2026-2,GLC00292,LIBRAS I,CC;SI,,I4,/graduacao/quadrodehorarios/turmas/100000453170,Seg 14:00-16:00,"[{""codigo_curso"":""54"",""curso"":""Estatística"",""vagas_regular"":1,""vagas_vestibulando"":0,""vagas"":1,""inscritos_regular"":1,""inscritos_vestibulando"":0,""inscritos"":1},{""codigo_curso"":""1"",""curso"":""Biblioteconomia e Documentação"",""vagas_regular"":1,""vagas_vestibulando"":0,""vagas"":1,""inscritos_regular"":1,""inscritos_vestibulando"":0,""inscritos"":1},{""codigo_curso"":""40"",""curso"":""Engenharia Mecânica"",""vagas_regular"":12,""vagas_vestibulando"":0,""vagas"":12,""inscritos_regular"":12,""inscritos_vestibulando"":0,""inscritos"":12},{""codigo_curso"":""21"",""curso"":""Letras"",""vagas_regular"":7,""vagas_vestibulando"":0,""vagas"":7,""inscritos_regular"":7,""inscritos_vestibulando"":0,""inscritos"":7},{""codigo_curso"":""83"",""curso"":""Sistemas de Informação"",""vagas_regular"":1,""vagas_vestibulando"":0,""vagas"":1,""inscritos_regular"":1,""inscritos_vestibulando"":0,""inscritos"":1},{""codigo_curso"":""76"",""curso"":""Física(Volta Redonda)"",""vagas_regular"":1,""vagas_vestibulando"":0,""vagas"":1,""inscritos_regular"":1,""inscritos_vestibulando"":0,""inscritos"":1},{""codigo_curso"":""31"",""curso"":""Ciência da Computação"",""vagas_regular"":2,""vagas_vestibulando"":0,""vagas"":2,""inscritos_regular"":2,""inscritos_vestibulando"":0,""inscritos"":2},{""codigo_curso"":""24"",""curso"":""Psicologia"",""vagas_regular"":3,""vagas_vestibulando"":0,""vagas"":3,""inscritos_regular"":3,""inscritos_vestibulando"":0,""inscritos"":3},{""codigo_curso"":""37"",""curso"":""Engenharia Civil"",""vagas_regular"":1,""vagas_vestibulando"":0,""vagas"":1,""inscritos_regular"":1,""inscritos_vestibulando"":0,""inscritos"":1},{""codigo_curso"":""25"",""curso"":""Física"",""vagas_regular"":8,""vagas_vestibulando"":0,""vagas"":8,""inscritos_regular"":7,""inscritos_vestibulando"":0,""inscritos"":7},{""codigo_curso"":""47"",""curso"":""Turismo"",""vagas_regular"":1,""vagas_vestibulando"":0,""vagas"":1,""inscritos_regular"":1,""inscritos_vestibulando"":0,""inscritos"":1},{""codigo_curso"":""57"",""curso"":""Cinema e Audiovisual"",""vagas_regular"":1,""vagas_vestibulando"":0,""vagas"":1,""inscritos_regular"":1,""inscritos_vestibulando"":0,""inscritos"":1},{""codigo_curso"":""2"",""curso"":""História"",""vagas_regular"":1,""vagas_vestibulando"":0,""vagas"":1,""inscritos_regular"":1,""inscritos_vestibulando"":0,""inscritos"":1},{""codigo_curso"":""6"",""curso"":""Serviço Social"",""vagas_regular"":2,""vagas_vestibulando"":0,""vagas"":2,""inscritos_regular"":0,""inscritos_vestibulando"":0,""inscritos"":0},{""codigo_curso"":""34"",""curso"":""Enfermagem"",""vagas_regular"":1,""vagas_vestibulando"":0,""vagas"":1,""inscritos_regular"":1,""inscritos_vestibulando"":0,""inscritos"":1},{""codigo_curso"":""3"",""curso"":""Geografia"",""vagas_regular"":1,""vagas_vestibulando"":0,""vagas"":1,""inscritos_regular"":1,""inscritos_vestibulando"":0,""inscritos"":1},{""codigo_curso"":""85"",""curso"":""Ciências Atuariais"",""vagas_regular"":2,""vagas_vestibulando"":0,""vagas"":2,""inscritos_regular"":2,""inscritos_vestibulando"":0,""inscritos"":2}]",6,False,
2026-2,GLC00292,LIBRAS I,CC;SI,,I5,/graduacao/quadrodehorarios/turmas/100000453171,Seg 16:00-18:00,"[{""codigo_curso"":""21"",""curso"":""Letras"",""vagas_regular"":7,""vagas_vestibulando"":0,""vagas"":7,""inscritos_regular"":6,""inscritos_vestibulando"":0,""inscritos"":6},{""codigo_curso"":""102"",""curso"":""Segurança Pública"",""vagas_regular"":2,""vagas_vestibulando"":0,""vagas"":2,""inscritos_regular"":2,""inscritos_vestibulando"":0,""inscritos"":2},{""codigo_curso"":""56"",""curso"":""Eng. de Recursos Hídricos e Meio Ambiente"",""vagas_regular"":4,""vagas_vestibulando"":0,""vagas"":4,""inscritos_regular"":4,""inscritos_vestibulando"":0,""inscritos"":4},{""codigo_curso"":""37"",""curso"":""Engenharia Civil"",""vagas_regular"":1,""vagas_vestibulando"":0,""vagas"":1,""inscritos_regular"":1,""inscritos_vestibulando"":0,""inscritos"":1},{""codigo_curso"":""1"",""curso"":""Biblioteconomia e Documentação"",""vagas_regular"":3,""vagas_vestibulando"":0,""vagas"":3,""inscritos_regular"":3,""inscritos_vestibulando"":0,""inscritos"":3},{""codigo_curso"":""44"",""curso"":""Ciências Biológicas"",""vagas_regular"":1,""vagas_vestibulando"":0,""vagas"":1,""inscritos_regular"":1,""inscritos_vestibulando"":0,""inscritos"":1},{""codigo_curso"":""83"",""curso"":""Sistemas de Informação"",""vagas_regular"":1,""vagas_vestibulando"":0,""vagas"":1,""inscritos_regular"":1,""inscritos_vestibulando"":0,""inscritos"":1},{""codigo_curso"":""57"",""curso"":""Cinema e Audiovisual"",""vagas_regular"":1,""vagas_vestibulando"":0,""vagas"":1,""inscritos_regular"":0,""inscritos_vestibulando"":0,""inscritos"":0},{""codigo_curso"":""98"",""curso"":""Sociologia"",""vagas_regular"":2,""vagas_vestibulando"":0,""vagas"":2,""inscritos_regular"":1,""inscritos_vestibulando"":0,""inscritos"":1},{""codigo_curso"":""18"",""curso"":""Medicina Veterinária"",""vagas_regular"":1,""vagas_vestibulando"":0,""vagas"":1,""inscritos_regular"":1,""inscritos_vestibulando"":0,""inscritos"":1},{""codigo_curso"":""31"",""curso"":""Ciência da Computação"",""vagas_regular"":2,""vagas_vestibulando"":0,""vagas"":2,""inscritos_regular"":2,""inscritos_vestibulando"":0,""inscritos"":2},{""codigo_curso"":""28"",""curso"":""Química"",""vagas_regular"":1,""vagas_vestibulando"":0,""vagas"":1,""inscritos_regular"":0,""inscritos_vestibulando"":0,""inscritos"":0},{""codigo_curso"":""2"",""curso"":""História"",""vagas_regular"":3,""vagas_vestibulando"":0,""vagas"":3,""inscritos_regular"":2,""inscritos_vestibulando"":0,""inscritos"":2},{""codigo_curso"":""20"",""curso"":""Matemática"",""vagas_regular"":1,""vagas_vestibulando"":0,""vagas"":1,""inscritos_regular"":1,""inscritos_vestibulando"":0,""inscritos"":1},{""codigo_curso"":""40"",""curso"":""Engenharia Mecânica"",""vagas_regular"":4,""vagas_vestibulando"":0,""vagas"":4,""inscritos_regular"":2,""inscritos_vestibulando"":0,""inscritos"":2},{""codigo_curso"":""27"",""curso"":""Engenharia Química"",""vagas_regular"":4,""vagas_vestibulando"":0,""vagas"":4,""inscritos_regular"":4,""inscritos_vestibulando"":0,""inscritos"":4}]",6,False,
2026-2,GLC00292,LIBRAS I,CC,,I7,/graduacao/quadrodehorarios/turmas/100000455851,Ter 16:00-18:00,"[{""codigo_curso"":""21"",""curso"":""Letras"",""vagas_regular"":9,""vagas_vestibulando"":0,""vagas"":9,""inscritos_regular"":9,""inscritos_vestibulando"":0,""inscritos"":9},{""codigo_curso"":""10"",""curso"":""Pedagogia"",""vagas_regular"":15,""vagas_vestibulando"":0,""vagas"":15,""inscritos_regular"":15,""inscritos_vestibulando"":0,""inscritos"":15},{""codigo_curso"":""20"",""curso"":""Matemática"",""vagas_regular"":6,""vagas_vestibulando"":0,""vagas"":6,""inscritos_regular"":5,""inscritos_vestibulando"":0,""inscritos"":5},{""codigo_curso"":""42"",""curso"":""Engenharia de Produção"",""vagas_regular"":1,""vagas_vestibulando"":0,""vagas"":1,""inscritos_regular"":1,""inscritos_vestibulando"":0,""inscritos"":1},{""codigo_curso"":""117"",""curso"":""Administração Pública"",""vagas_regular"":1,""vagas_vestibulando"":0,""vagas"":1,""inscritos_regular"":1,""inscritos_vestibulando"":0,""inscritos"":1},{""codigo_curso"":""31"",""curso"":""Ciência da Computação"",""vagas_regular"":7,""vagas_vestibulando"":0,""vagas"":7,""inscritos_regular"":7,""inscritos_vestibulando"":0,""inscritos"":7},{""codigo_curso"":""43"",""curso"":""Engenharia Agrícola e Ambiental"",""vagas_regular"":2,""vagas_vestibulando"":0,""vagas"":2,""inscritos_regular"":2,""inscritos_vestibulando"":0,""inscritos"":2},{""codigo_curso"":""2"",""curso"":""História"",""vagas_regular"":2,""vagas_vestibulando"":0,""vagas"":2,""inscritos_regular"":2,""inscritos_vestibulando"":0,""inscritos"":2}]",6,False,
2026-2,GLC00292,LIBRAS I,CC,,T2,/graduacao/quadrodehorarios/turmas/100000455857,Qui 09:00-11:00,"[{""codigo_curso"":""21"",""curso"":""Letras"",""vagas_regular"":2,""vagas_vestibulando"":0,""vagas"":2,""inscritos_regular"":1,""inscritos_vestibulando"":0,""inscritos"":1},{""codigo_curso"":""10"",""curso"":""Pedagogia"",""vagas_regular"":6,""vagas_vestibulando"":0,""vagas"":6,""inscritos_regular"":6,""inscritos_vestibulando"":0,""inscritos"":6},{""codigo_curso"":""1"",""curso"":""Biblioteconomia e Documentação"",""vagas_regular"":2,""vagas_vestibulando"":0,""vagas"":2,""inscritos_regular"":2,""inscritos_vestibulando"":0,""inscritos"":2},{""codigo_curso"":""29"",""curso"":""Química Industrial"",""vagas_regular"":1,""vagas_vestibulando"":0,""vagas"":1,""inscritos_regular"":1,""inscritos_vestibulando"":0,""inscritos"":1},{""codigo_curso"":""2"",""curso"":""História"",""vagas_regular"":6,""vagas_vestibulando"":0,""vagas"":6,""inscritos_regular"":5,""inscritos_vestibulando"":0,""inscritos"":5},{""codigo_curso"":""31"",""curso"":""Ciência da Computação"",""vagas_regular"":12,""vagas_vestibulando"":0,""vagas"":12,""inscritos_regular"":11,""inscritos_vestibulando"":0,""inscritos"":11},{""codigo_curso"":""42"",""curso"":""Engenharia de Produção"",""vagas_regular"":1,""vagas_vestibulando"":0,""vagas"":1,""inscritos_regular"":1,""inscritos_vestibulando"":0,""inscritos"":1},{""codigo_curso"":""25"",""curso"":""Física"",""vagas_regular"":1,""vagas_vestibulando"":0,""vagas"":1,""inscritos_regular"":1,""inscritos_vestibulando"":0,""inscritos"":1},{""codigo_curso"":""57"",""curso"":""Cinema e Audiovisual"",""vagas_regular"":1,""vagas_vestibulando"":0,""vagas"":1,""inscritos_regular"":1,""inscritos_vestibulando"":0,""inscritos"":1}]",6,False,
2026-2,GLC00292,LIBRAS I,CC,,T9,/graduacao/quadrodehorarios/turmas/100000455864,Sex 16:00-18:00,"[{""codigo_curso"":""44"",""curso"":""Ciências Biológicas"",""vagas_regular"":12,""vagas_vestibulando"":0,""vagas"":12,""inscritos_regular"":12,""inscritos_vestibulando"":0,""inscritos"":12},{""codigo_curso"":""117"",""curso"":""Administração Pública"",""vagas_regular"":2,""vagas_vestibulando"":0,""vagas"":2,""inscritos_regular"":1,""inscritos_vestibulando"":0,""inscritos"":1},{""codigo_curso"":""31"",""curso"":""Ciência da Computação"",""vagas_regular"":12,""vagas_vestibulando"":0,""vagas"":12,""inscritos_regular"":11,""inscritos_vestibulando"":0,""inscritos"":11},{""codigo_curso"":""23"",""curso"":""Administração"",""vagas_regular"":2,""vagas_vestibulando"":0,""vagas"":2,""inscritos_regular"":2,""inscritos_vestibulando"":0,""inscritos"":2},{""codigo_curso"":""21"",""curso"":""Letras"",""vagas_regular"":7,""vagas_vestibulando"":0,""vagas"":7,""inscritos_regular"":7,""inscritos_vestibulando"":0,""inscritos"":7},{""codigo_curso"":""10"",""curso"":""Pedagogia"",""vagas_regular"":3,""vagas_vestibulando"":0,""vagas"":3,""inscritos_regular"":3,""inscritos_vestibulando"":0,""inscritos"":3},{""codigo_curso"":""100"",""curso"":""Artes"",""vagas_regular"":1,""vagas_vestibulando"":0,""vagas"":1,""inscritos_regular"":1,""inscritos_vestibulando"":0,""inscritos"":1},{""codigo_curso"":""1"",""curso"":""Biblioteconomia e Documentação"",""vagas_regular"":1,""vagas_vestibulando"":0,""vagas"":1,""inscritos_regular"":1,""inscritos_vestibulando"":0,""inscritos"":1},{""codigo_curso"":""20"",""curso"":""Matemática"",""vagas_regular"":1,""vagas_vestibulando"":0,""vagas"":1,""inscritos_regular"":1,""inscritos_vestibulando"":0,""inscritos"":1}]",6,False,
2026-2,GMA00154,CÁLCULO 1,CC,,A1,/graduacao/quadrodehorarios/turmas/100000460998,Seg 07:00-09:00; Qua 07:00-09:00,"[{""codigo_curso"":""43"",""curso"":""Engenharia Agrícola e Ambiental"",""vagas_regular"":2,""vagas_vestibulando"":0,""vagas"":2,""inscritos_regular"":2,""inscritos_vestibulando"":0,""inscritos"":2},{""codigo_curso"":""37"",""curso"":""Engenharia Civil"",""vagas_regular"":1,""vagas_vestibulando"":0,""vagas"":1,""inscritos_regular"":1,""inscritos_vestibulando"":0,""inscritos"":1},{""codigo_curso"":""31"",""curso"":""Ciência da Computação"",""vagas_regular"":4,""vagas_vestibulando"":0,""vagas"":4,""inscritos_regular"":4,""inscritos_vestibulando"":0,""inscritos"":4},{""codigo_curso"":""54"",""curso"":""Estatística"",""vagas_regular"":8,""vagas_vestibulando"":0,""vagas"":8,""inscritos_regular"":8,""inscritos_vestibulando"":0,""inscritos"":8},{""codigo_curso"":""51"",""curso"":""Engenharia de Petróleo"",""vagas_regular"":1,""vagas_vestibulando"":0,""vagas"":1,""inscritos_regular"":1,""inscritos_vestibulando"":0,""inscritos"":1},{""codigo_curso"":""56"",""curso"":""Eng. de Recursos Hídricos e Meio Ambiente"",""vagas_regular"":4,""vagas_vestibulando"":0,""vagas"":4,""inscritos_regular"":4,""inscritos_vestibulando"":0,""inscritos"":4},{""codigo_curso"":""41"",""curso"":""Engenharia de Telecomunicações"",""vagas_regular"":5,""vagas_vestibulando"":0,""vagas"":5,""inscritos_regular"":5,""inscritos_vestibulando"":0,""inscritos"":5}]",11,False,
2026-2,GMA00154,CÁLCULO 1,CC,,B3,/graduacao/quadrodehorarios/turmas/100000461039,Seg 09:00-11:00; Qua 09:00-11:00,"[{""codigo_curso"":""50"",""curso"":""Geofísica"",""vagas_regular"":1,""vagas_vestibulando"":0,""vagas"":1,""inscritos_regular"":1,""inscritos_vestibulando"":0,""inscritos"":1},{""codigo_curso"":""37"",""curso"":""Engenharia Civil"",""vagas_regular"":2,""vagas_vestibulando"":0,""vagas"":2,""inscritos_regular"":2,""inscritos_vestibulando"":0,""inscritos"":2},{""codigo_curso"":""56"",""curso"":""Eng. de Recursos Hídricos e Meio Ambiente"",""vagas_regular"":0,""vagas_vestibulando"":1,""vagas"":1,""inscritos_regular"":0,""inscritos_vestibulando"":0,""inscritos"":0},{""codigo_curso"":""43"",""curso"":""Engenharia Agrícola e Ambiental"",""vagas_regular"":7,""vagas_vestibulando"":0,""vagas"":7,""inscritos_regular"":7,""inscritos_vestibulando"":0,""inscritos"":7},{""codigo_curso"":""38"",""curso"":""Engenharia Elétrica"",""vagas_regular"":9,""vagas_vestibulando"":0,""vagas"":9,""inscritos_regular"":9,""inscritos_vestibulando"":0,""inscritos"":9},{""codigo_curso"":""51"",""curso"":""Engenharia de Petróleo"",""vagas_regular"":10,""vagas_vestibulando"":0,""vagas"":10,""inscritos_regular"":8,""inscritos_vestibulando"":0,""inscritos"":8},{""codigo_curso"":""27"",""curso"":""Engenharia Química"",""vagas_regular"":5,""vagas_vestibulando"":0,""vagas"":5,""inscritos_regular"":4,""inscritos_vestibulando"":0,""inscritos"":4},{""codigo_curso"":""31"",""curso"":""Ciência da Computação"",""vagas_regular"":4,""vagas_vestibulando"":0,""vagas"":4,""inscritos_regular"":2,""inscritos_vestibulando"":0,""inscritos"":2}]",11,False,
2026-2,GMA00154,CÁLCULO 1,CC,,C1,/graduacao/quadrodehorarios/turmas/100000461040,Seg 11:00-13:00; Qua 11:00-13:00,"[{""codigo_curso"":""31"",""curso"":""Ciência da Computação"",""vagas_regular"":36,""vagas_vestibulando"":0,""vagas"":36,""inscritos_regular"":35,""inscritos_vestibulando"":0,""inscritos"":35},{""codigo_curso"":""25"",""curso"":""Física"",""vagas_regular"":2,""vagas_vestibulando"":1,""vagas"":3,""inscritos_regular"":2,""inscritos_vestibulando"":1,""inscritos"":3},{""codigo_curso"":""41"",""curso"":""Engenharia de Telecomunicações"",""vagas_regular"":5,""vagas_vestibulando"":0,""vagas"":5,""inscritos_regular"":2,""inscritos_vestibulando"":0,""inscritos"":2}]",11,False,
2026-2,GMA00154,CÁLCULO 1,CC,,D1,/graduacao/quadrodehorarios/turmas/100000461048,Seg 14:00-16:00; Qua 14:00-16:00,"[{""codigo_curso"":""42"",""curso"":""Engenharia de Produção"",""vagas_regular"":1,""vagas_vestibulando"":0,""vagas"":1,""inscritos_regular"":1,""inscritos_vestibulando"":0,""inscritos"":1},{""codigo_curso"":""37"",""curso"":""Engenharia Civil"",""vagas_regular"":2,""vagas_vestibulando"":0,""vagas"":2,""inscritos_regular"":2,""inscritos_vestibulando"":0,""inscritos"":2},{""codigo_curso"":""31"",""curso"":""Ciência da Computação"",""vagas_regular"":5,""vagas_vestibulando"":0,""vagas"":5,""inscritos_regular"":5,""inscritos_vestibulando"":0,""inscritos"":5},{""codigo_curso"":""54"",""curso"":""Estatística"",""vagas_regular"":7,""vagas_vestibulando"":0,""vagas"":7,""inscritos_regular"":6,""inscritos_vestibulando"":0,""inscritos"":6},{""codigo_curso"":""25"",""curso"":""Física"",""vagas_regular"":13,""vagas_vestibulando"":0,""vagas"":13,""inscritos_regular"":13,""inscritos_vestibulando"":0,""inscritos"":13},{""codigo_curso"":""56"",""curso"":""Eng. de Recursos Hídricos e Meio Ambiente"",""vagas_regular"":6,""vagas_vestibulando"":0,""vagas"":6,""inscritos_regular"":5,""inscritos_vestibulando"":0,""inscritos"":5},{""codigo_curso"":""43"",""curso"":""Engenharia Agrícola e Ambiental"",""vagas_regular"":3,""vagas_vestibulando"":0,""vagas"":3,""inscritos_regular"":2,""inscritos_vestibulando"":0,""inscritos"":2},{""codigo_curso"":""28"",""curso"":""Química"",""vagas_regular"":3,""vagas_vestibulando"":0,""vagas"":3,""inscritos_regular"":3,""inscritos_vestibulando"":0,""inscritos"":3},{""codigo_curso"":""41"",""curso"":""Engenharia de Telecomunicações"",""vagas_regular"":2,""vagas_vestibulando"":0,""vagas"":2,""inscritos_regular"":2,""inscritos_vestibulando"":0,""inscritos"":2},{""codigo_curso"":""51"",""curso"":""Engenharia de Petróleo"",""vagas_regular"":5,""vagas_vestibulando"":0,""vagas"":5,""inscritos_regular"":5,""inscritos_vestibulando"":0,""inscritos"":5}]",11,False,
2026-2,GMA00154,CÁLCULO 1,CC,,E2,/graduacao/quadrodehorarios/turmas/100000461051,Seg 16:00-18:00; Qua 16:00-18:00,"[{""codigo_curso"":""42"",""curso"":""Engenharia de Produção"",""vagas_regular"":1,""vagas_vestibulando"":0,""vagas"":1,""inscritos_regular"":0,""inscritos_vestibulando"":0,""inscritos"":0},{""codigo_curso"":""28"",""curso"":""Química"",""vagas_regular"":2,""vagas_vestibulando"":0,""vagas"":2,""inscritos_regular"":2,""inscritos_vestibulando"":0,""inscritos"":2},{""codigo_curso"":""41"",""curso"":""Engenharia de Telecomunicações"",""vagas_regular"":3,""vagas_vestibulando"":0,""vagas"":3,""inscritos_regular"":2,""inscritos_vestibulando"":0,""inscritos"":2},{""codigo_curso"":""38"",""curso"":""Engenharia Elétrica"",""vagas_regular"":1,""vagas_vestibulando"":0,""vagas"":1,""inscritos_regular"":0,""inscritos_vestibulando"":0,""inscritos"":0},{""codigo_curso"":""27"",""curso"":""Engenharia Química"",""vagas_regular"":3,""vagas_vestibulando"":0,""vagas"":3,""inscritos_regular"":0,""inscritos_vestibulando"":0,""inscritos"":0},{""codigo_curso"":""37"",""curso"":""Engenharia Civil"",""vagas_regular"":5,""vagas_vestibulando"":0,""vagas"":5,""inscritos_regular"":2,""inscritos_vestibulando"":0,""inscritos"":2},{""codigo_curso"":""31"",""curso"":""Ciência da Computação"",""vagas_regular"":4,""vagas_vestibulando"":0,""vagas"":4,""inscritos_regular"":4,""inscritos_vestibulando"":0,""inscritos"":4},{""codigo_curso"":""54"",""curso"":""Estatística"",""vagas_regular"":5,""vagas_vestibulando"":0,""vagas"":5,""inscritos_regular"":4,""inscritos_vestibulando"":0,""inscritos"":4},{""codigo_curso"":""25"",""curso"":""Física"",""vagas_regular"":5,""vagas_vestibulando"":0,""vagas"":5,""inscritos_regular"":5,""inscritos_vestibulando"":0,""inscritos"":5},{""codigo_curso"":""56"",""curso"":""Eng. de Recursos Hídricos e Meio Ambiente"",""vagas_regular"":4,""vagas_vestibulando"":0,""vagas"":4,""inscritos_regular"":3,""inscritos_vestibulando"":0,""inscritos"":3},{""codigo_curso"":""20"",""curso"":""Matemática"",""vagas_regular"":1,""vagas_vestibulando"":0,""vagas"":1,""inscritos_regular"":1,""inscritos_vestibulando"":0,""inscritos"":1},{""codigo_curso"":""83"",""curso"":""Sistemas de Informação"",""vagas_regular"":5,""vagas_vestibulando"":1,""vagas"":6,""inscritos_regular"":0,""inscritos_vestibulando"":0,""inscritos"":0},{""codigo_curso"":""52"",""curso"":""Engenharia de Agronegócios(Volta Redonda)"",""vagas_regular"":1,""vagas_vestibulando"":0,""vagas"":1,""inscritos_regular"":1,""inscritos_vestibulando"":0,""inscritos"":1}]",11,False,
2026-2,GMA00154,CÁLCULO 1,CC,,F1,/graduacao/quadrodehorarios/turmas/100000461052,Seg 18:00-20:00; Qua 18:00-20:00,"[{""codigo_curso"":""43"",""curso"":""Engenharia Agrícola e Ambiental"",""vagas_regular"":15,""vagas_vestibulando"":0,""vagas"":15,""inscritos_regular"":15,""inscritos_vestibulando"":0,""inscritos"":15},{""codigo_curso"":""37"",""curso"":""Engenharia Civil"",""vagas_regular"":7,""vagas_vestibulando"":0,""vagas"":7,""inscritos_regular"":7,""inscritos_vestibulando"":0,""inscritos"":7},{""codigo_curso"":""31"",""curso"":""Ciência da Computação"",""vagas_regular"":6,""vagas_vestibulando"":0,""vagas"":6,""inscritos_regular"":5,""inscritos_vestibulando"":0,""inscritos"":5},{""codigo_curso"":""38"",""curso"":""Engenharia Elétrica"",""vagas_regular"":7,""vagas_vestibulando"":0,""vagas"":7,""inscritos_regular"":7,""inscritos_vestibulando"":0,""inscritos"":7},{""codigo_curso"":""25"",""curso"":""Física"",""vagas_regular"":5,""vagas_vestibulando"":0,""vagas"":5,""inscritos_regular"":4,""inscritos_vestibulando"":0,""inscritos"":4},{""codigo_curso"":""40"",""curso"":""Engenharia Mecânica"",""vagas_regular"":4,""vagas_vestibulando"":0,""vagas"":4,""inscritos_regular"":4,""inscritos_vestibulando"":0,""inscritos"":4},{""codigo_curso"":""51"",""curso"":""Engenharia de Petróleo"",""vagas_regular"":4,""vagas_vestibulando"":0,""vagas"":4,""inscritos_regular"":4,""inscritos_vestibulando"":0,""inscritos"":4},{""codigo_curso"":""56"",""curso"":""Eng. de Recursos Hídricos e Meio Ambiente"",""vagas_regular"":5,""vagas_vestibulando"":0,""vagas"":5,""inscritos_regular"":5,""inscritos_vestibulando"":0,""inscritos"":5}]",11,False,
2026-2,GMA00154,CÁLCULO 1,CC,,F9,/graduacao/quadrodehorarios/turmas/100000461055,Seg 18:00-20:00; Qua 18:00-20:00,"[{""codigo_curso"":""54"",""curso"":""Estatística"",""vagas_regular"":4,""vagas_vestibulando"":0,""vagas"":4,""inscritos_regular"":4,""inscritos_vestibulando"":0,""inscritos"":4},{""codigo_curso"":""20"",""curso"":""Matemática"",""vagas_regular"":2,""vagas_vestibulando"":0,""vagas"":2,""inscritos_regular"":2,""inscritos_vestibulando"":0,""inscritos"":2},{""codigo_curso"":""28"",""curso"":""Química"",""vagas_regular"":8,""vagas_vestibulando"":0,""vagas"":8,""inscritos_regular"":7,""inscritos_vestibulando"":0,""inscritos"":7},{""codigo_curso"":""27"",""curso"":""Engenharia Química"",""vagas_regular"":11,""vagas_vestibulando"":0,""vagas"":11,""inscritos_regular"":11,""inscritos_vestibulando"":0,""inscritos"":11},{""codigo_curso"":""29"",""curso"":""Química Industrial"",""vagas_regular"":4,""vagas_vestibulando"":0,""vagas"":4,""inscritos_regular"":3,""inscritos_vestibulando"":0,""inscritos"":3},{""codigo_curso"":""42"",""curso"":""Engenharia de Produção"",""vagas_regular"":5,""vagas_vestibulando"":0,""vagas"":5,""inscritos_regular"":2,""inscritos_vestibulando"":0,""inscritos"":2},{""codigo_curso"":""41"",""curso"":""Engenharia de Telecomunicações"",""vagas_regular"":5,""vagas_vestibulando"":0,""vagas"":5,""inscritos_regular"":5,""inscritos_vestibulando"":0,""inscritos"":5},{""codigo_curso"":""25"",""curso"":""Física"",""vagas_regular"":5,""vagas_vestibulando"":0,""vagas"":5,""inscritos_regular"":3,""inscritos_vestibulando"":0,""inscritos"":3},{""codigo_curso"":""31"",""curso"":""Ciência da Computação"",""vagas_regular"":4,""vagas_vestibulando"":0,""vagas"":4,""inscritos_regular"":4,""inscritos_vestibulando"":0,""inscritos"":4},{""codigo_curso"":""37"",""curso"":""Engenharia Civil"",""vagas_regular"":2,""vagas_vestibulando"":0,""vagas"":2,""inscritos_regular"":2,""inscritos_vestibulando"":0,""inscritos"":2},{""codigo_curso"":""56"",""curso"":""Eng. de Recursos Hídricos e Meio Ambiente"",""vagas_regular"":3,""vagas_vestibulando"":0,""vagas"":3,""inscritos_regular"":3,""inscritos_vestibulando"":0,""inscritos"":3}]",11,False,
2026-2,GMA00154,CÁLCULO 1,CC,,G1,/graduacao/quadrodehorarios/turmas/100000461057,Seg 20:00-22:00; Qua 20:00-22:00,"[{""codigo_curso"":""43"",""curso"":""Engenharia Agrícola e Ambiental"",""vagas_regular"":5,""vagas_vestibulando"":0,""vagas"":5,""inscritos_regular"":5,""inscritos_vestibulando"":0,""inscritos"":5},{""codigo_curso"":""37"",""curso"":""Engenharia Civil"",""vagas_regular"":4,""vagas_vestibulando"":0,""vagas"":4,""inscritos_regular"":4,""inscritos_vestibulando"":0,""inscritos"":4},{""codigo_curso"":""31"",""curso"":""Ciência da Computação"",""vagas_regular"":3,""vagas_vestibulando"":0,""vagas"":3,""inscritos_regular"":2,""inscritos_vestibulando"":0,""inscritos"":2},{""codigo_curso"":""38"",""curso"":""Engenharia Elétrica"",""vagas_regular"":4,""vagas_vestibulando"":0,""vagas"":4,""inscritos_regular"":4,""inscritos_vestibulando"":0,""inscritos"":4},{""codigo_curso"":""25"",""curso"":""Física"",""vagas_regular"":7,""vagas_vestibulando"":0,""vagas"":7,""inscritos_regular"":7,""inscritos_vestibulando"":0,""inscritos"":7},{""codigo_curso"":""40"",""curso"":""Engenharia Mecânica"",""vagas_regular"":3,""vagas_vestibulando"":0,""vagas"":3,""inscritos_regular"":3,""inscritos_vestibulando"":0,""inscritos"":3},{""codigo_curso"":""51"",""curso"":""Engenharia de Petróleo"",""vagas_regular"":1,""vagas_vestibulando"":0,""vagas"":1,""inscritos_regular"":1,""inscritos_vestibulando"":0,""inscritos"":1},{""codigo_curso"":""42"",""curso"":""Engenharia de Produção"",""vagas_regular"":4,""vagas_vestibulando"":0,""vagas"":4,""inscritos_regular"":4,""inscritos_vestibulando"":0,""inscritos"":4},{""codigo_curso"":""28"",""curso"":""Química"",""vagas_regular"":8,""vagas_vestibulando"":0,""vagas"":8,""inscritos_regular"":8,""inscritos_vestibulando"":0,""inscritos"":8},{""codigo_curso"":""27"",""curso"":""Engenharia Química"",""vagas_regular"":3,""vagas_vestibulando"":0,""vagas"":3,""inscritos_regular"":3,""inscritos_vestibulando"":0,""inscritos"":3},{""codigo_curso"":""29"",""curso"":""Química Industrial"",""vagas_regular"":2,""vagas_vestibulando"":0,""vagas"":2,""inscritos_regular"":1,""inscritos_vestibulando"":0,""inscritos"":1},{""codigo_curso"":""56"",""curso"":""Eng. de Recursos Hídricos e Meio Ambiente"",""vagas_regular"":7,""vagas_vestibulando"":0,""vagas"":7,""inscritos_regular"":7,""inscritos_vestibulando"":0,""inscritos"":7},{""codigo_curso"":""41"",""curso"":""Engenharia de Telecomunicações"",""vagas_regular"":3,""vagas_vestibulando"":0,""vagas"":3,""inscritos_regular"":3,""inscritos_vestibulando"":0,""inscritos"":3}]",11,False,
2026-2,GMA00154,CÁLCULO 1,CC,,N2,/graduacao/quadrodehorarios/turmas/100000461060,Ter 09:00-11:00; Qui 09:00-11:00,"[{""codigo_curso"":""43"",""curso"":""Engenharia Agrícola e Ambiental"",""vagas_regular"":6,""vagas_vestibulando"":0,""vagas"":6,""inscritos_regular"":6,""inscritos_vestibulando"":0,""inscritos"":6},{""codigo_curso"":""31"",""curso"":""Ciência da Computação"",""vagas_regular"":2,""vagas_vestibulando"":0,""vagas"":2,""inscritos_regular"":2,""inscritos_vestibulando"":0,""inscritos"":2},{""codigo_curso"":""38"",""curso"":""Engenharia Elétrica"",""vagas_regular"":5,""vagas_vestibulando"":0,""vagas"":5,""inscritos_regular"":5,""inscritos_vestibulando"":0,""inscritos"":5},{""codigo_curso"":""54"",""curso"":""Estatística"",""vagas_regular"":5,""vagas_vestibulando"":0,""vagas"":5,""inscritos_regular"":4,""inscritos_vestibulando"":0,""inscritos"":4},{""codigo_curso"":""25"",""curso"":""Física"",""vagas_regular"":3,""vagas_vestibulando"":0,""vagas"":3,""inscritos_regular"":3,""inscritos_vestibulando"":0,""inscritos"":3},{""codigo_curso"":""50"",""curso"":""Geofísica"",""vagas_regular"":7,""vagas_vestibulando"":0,""vagas"":7,""inscritos_regular"":7,""inscritos_vestibulando"":0,""inscritos"":7},{""codigo_curso"":""51"",""curso"":""Engenharia de Petróleo"",""vagas_regular"":2,""vagas_vestibulando"":0,""vagas"":2,""inscritos_regular"":2,""inscritos_vestibulando"":0,""inscritos"":2},{""codigo_curso"":""27"",""curso"":""Engenharia Química"",""vagas_regular"":3,""vagas_vestibulando"":0,""vagas"":3,""inscritos_regular"":3,""inscritos_vestibulando"":0,""inscritos"":3},{""codigo_curso"":""56"",""curso"":""Eng. de Recursos Hídricos e Meio Ambiente"",""vagas_regular"":2,""vagas_vestibulando"":0,""vagas"":2,""inscritos_regular"":2,""inscritos_vestibulando"":0,""inscritos"":2},{""codigo_curso"":""41"",""curso"":""Engenharia de Telecomunicações"",""vagas_regular"":1,""vagas_vestibulando"":0,""vagas"":1,""inscritos_regular"":1,""inscritos_vestibulando"":0,""inscritos"":1}]",11,False,
2026-2,GMA00154,CÁLCULO 1,CC,,O2,/graduacao/quadrodehorarios/turmas/100000461062,Ter 11:00-13:00; Qui 11:00-13:00,"[{""codigo_curso"":""37"",""curso"":""Engenharia Civil"",""vagas_regular"":5,""vagas_vestibulando"":0,""vagas"":5,""inscritos_regular"":3,""inscritos_vestibulando"":0,""inscritos"":3},{""codigo_curso"":""31"",""curso"":""Ciência da Computação"",""vagas_regular"":4,""vagas_vestibulando"":0,""vagas"":4,""inscritos_regular"":4,""inscritos_vestibulando"":0,""inscritos"":4},{""codigo_curso"":""123"",""curso"":""Inteligência Artificial e Ciência de Dados"",""vagas_regular"":2,""vagas_vestibulando"":0,""vagas"":2,""inscritos_regular"":2,""inscritos_vestibulando"":0,""inscritos"":2},{""codigo_curso"":""56"",""curso"":""Eng. de Recursos Hídricos e Meio Ambiente"",""vagas_regular"":5,""vagas_vestibulando"":2,""vagas"":7,""inscritos_regular"":5,""inscritos_vestibulando"":2,""inscritos"":7},{""codigo_curso"":""27"",""curso"":""Engenharia Química"",""vagas_regular"":3,""vagas_vestibulando"":0,""vagas"":3,""inscritos_regular"":1,""inscritos_vestibulando"":0,""inscritos"":1}]",11,False,
2026-2,GMA00154,CÁLCULO 1,CC,,P1,/graduacao/quadrodehorarios/turmas/100000461221,Ter 14:00-16:00; Qui 14:00-16:00,"[{""codigo_curso"":""43"",""curso"":""Engenharia Agrícola e Ambiental"",""vagas_regular"":1,""vagas_vestibulando"":0,""vagas"":1,""inscritos_regular"":1,""inscritos_vestibulando"":0,""inscritos"":1},{""codigo_curso"":""37"",""curso"":""Engenharia Civil"",""vagas_regular"":5,""vagas_vestibulando"":0,""vagas"":5,""inscritos_regular"":4,""inscritos_vestibulando"":0,""inscritos"":4},{""codigo_curso"":""31"",""curso"":""Ciência da Computação"",""vagas_regular"":4,""vagas_vestibulando"":0,""vagas"":4,""inscritos_regular"":4,""inscritos_vestibulando"":0,""inscritos"":4},{""codigo_curso"":""38"",""curso"":""Engenharia Elétrica"",""vagas_regular"":3,""vagas_vestibulando"":0,""vagas"":3,""inscritos_regular"":3,""inscritos_vestibulando"":0,""inscritos"":3},{""codigo_curso"":""25"",""curso"":""Física"",""vagas_regular"":5,""vagas_vestibulando"":0,""vagas"":5,""inscritos_regular"":5,""inscritos_vestibulando"":0,""inscritos"":5},{""codigo_curso"":""40"",""curso"":""Engenharia Mecânica"",""vagas_regular"":5,""vagas_vestibulando"":0,""vagas"":5,""inscritos_regular"":5,""inscritos_vestibulando"":0,""inscritos"":5},{""codigo_curso"":""42"",""curso"":""Engenharia de Produção"",""vagas_regular"":2,""vagas_vestibulando"":0,""vagas"":2,""inscritos_regular"":2,""inscritos_vestibulando"":0,""inscritos"":2},{""codigo_curso"":""27"",""curso"":""Engenharia Química"",""vagas_regular"":9,""vagas_vestibulando"":0,""vagas"":9,""inscritos_regular"":9,""inscritos_vestibulando"":0,""inscritos"":9},{""codigo_curso"":""56"",""curso"":""Eng. de Recursos Hídricos e Meio Ambiente"",""vagas_regular"":9,""vagas_vestibulando"":0,""vagas"":9,""inscritos_regular"":8,""inscritos_vestibulando"":0,""inscritos"":8},{""codigo_curso"":""41"",""curso"":""Engenharia de Telecomunicações"",""vagas_regular"":9,""vagas_vestibulando"":0,""vagas"":9,""inscritos_regular"":9,""inscritos_vestibulando"":0,""inscritos"":9}]",11,False,
2026-2,GMA00155,CÁLCULO 2,CC,,M2,/graduacao/quadrodehorarios/turmas/100000461877,Ter 07:00-09:00; Qui 07:00-09:00,"[{""codigo_curso"":""43"",""curso"":""Engenharia Agrícola e Ambiental"",""vagas_regular"":4,""vagas_vestibulando"":0,""vagas"":4,""inscritos_regular"":4,""inscritos_vestibulando"":0,""inscritos"":4},{""codigo_curso"":""31"",""curso"":""Ciência da Computação"",""vagas_regular"":14,""vagas_vestibulando"":0,""vagas"":14,""inscritos_regular"":14,""inscritos_vestibulando"":0,""inscritos"":14},{""codigo_curso"":""38"",""curso"":""Engenharia Elétrica"",""vagas_regular"":3,""vagas_vestibulando"":0,""vagas"":3,""inscritos_regular"":3,""inscritos_vestibulando"":0,""inscritos"":3},{""codigo_curso"":""27"",""curso"":""Engenharia Química"",""vagas_regular"":5,""vagas_vestibulando"":0,""vagas"":5,""inscritos_regular"":4,""inscritos_vestibulando"":0,""inscritos"":4},{""codigo_curso"":""40"",""curso"":""Engenharia Mecânica"",""vagas_regular"":22,""vagas_vestibulando"":0,""vagas"":22,""inscritos_regular"":22,""inscritos_vestibulando"":0,""inscritos"":22},{""codigo_curso"":""25"",""curso"":""Física"",""vagas_regular"":1,""vagas_vestibulando"":0,""vagas"":1,""inscritos_regular"":1,""inscritos_vestibulando"":0,""inscritos"":1}]",9,False,
2026-2,GMA00155,CÁLCULO 2,CC,,N4,/graduacao/quadrodehorarios/turmas/100000464338,Ter 09:00-11:00; Qui 09:00-11:00,"[{""codigo_curso"":""43"",""curso"":""Engenharia Agrícola e Ambiental"",""vagas_regular"":4,""vagas_vestibulando"":0,""vagas"":4,""inscritos_regular"":4,""inscritos_vestibulando"":0,""inscritos"":4},{""codigo_curso"":""50"",""curso"":""Geofísica"",""vagas_regular"":4,""vagas_vestibulando"":0,""vagas"":4,""inscritos_regular"":3,""inscritos_vestibulando"":0,""inscritos"":3},{""codigo_curso"":""40"",""curso"":""Engenharia Mecânica"",""vagas_regular"":5,""vagas_vestibulando"":0,""vagas"":5,""inscritos_regular"":1,""inscritos_vestibulando"":0,""inscritos"":1},{""codigo_curso"":""42"",""curso"":""Engenharia de Produção"",""vagas_regular"":2,""vagas_vestibulando"":2,""vagas"":4,""inscritos_regular"":0,""inscritos_vestibulando"":1,""inscritos"":1},{""codigo_curso"":""27"",""curso"":""Engenharia Química"",""vagas_regular"":3,""vagas_vestibulando"":0,""vagas"":3,""inscritos_regular"":0,""inscritos_vestibulando"":0,""inscritos"":0},{""codigo_curso"":""56"",""curso"":""Eng. de Recursos Hídricos e Meio Ambiente"",""vagas_regular"":3,""vagas_vestibulando"":0,""vagas"":3,""inscritos_regular"":0,""inscritos_vestibulando"":0,""inscritos"":0},{""codigo_curso"":""41"",""curso"":""Engenharia de Telecomunicações"",""vagas_regular"":6,""vagas_vestibulando"":0,""vagas"":6,""inscritos_regular"":4,""inscritos_vestibulando"":0,""inscritos"":4},{""codigo_curso"":""38"",""curso"":""Engenharia Elétrica"",""vagas_regular"":3,""vagas_vestibulando"":0,""vagas"":3,""inscritos_regular"":1,""inscritos_vestibulando"":0,""inscritos"":1},{""codigo_curso"":""31"",""curso"":""Ciência da Computação"",""vagas_regular"":4,""vagas_vestibulando"":0,""vagas"":4,""inscritos_regular"":1,""inscritos_vestibulando"":0,""inscritos"":1},{""codigo_curso"":""37"",""curso"":""Engenharia Civil"",""vagas_regular"":4,""vagas_vestibulando"":0,""vagas"":4,""inscritos_regular"":0,""inscritos_vestibulando"":0,""inscritos"":0},{""codigo_curso"":""25"",""curso"":""Física"",""vagas_regular"":1,""vagas_vestibulando"":0,""vagas"":1,""inscritos_regular"":0,""inscritos_vestibulando"":0,""inscritos"":0}]",9,False,
2026-2,GMA00155,CÁLCULO 2,CC,,N9,/graduacao/quadrodehorarios/turmas/100000461882,Ter 09:00-11:00; Qui 09:00-11:00,"[{""codigo_curso"":""28"",""curso"":""Química"",""vagas_regular"":1,""vagas_vestibulando"":0,""vagas"":1,""inscritos_regular"":1,""inscritos_vestibulando"":0,""inscritos"":1},{""codigo_curso"":""31"",""curso"":""Ciência da Computação"",""vagas_regular"":22,""vagas_vestibulando"":0,""vagas"":22,""inscritos_regular"":22,""inscritos_vestibulando"":0,""inscritos"":22},{""codigo_curso"":""54"",""curso"":""Estatística"",""vagas_regular"":24,""vagas_vestibulando"":0,""vagas"":24,""inscritos_regular"":24,""inscritos_vestibulando"":0,""inscritos"":24}]",9,False,
2026-2,GMA00155,CÁLCULO 2,CC,,O3,/graduacao/quadrodehorarios/turmas/100000461886,Ter 11:00-13:00; Qui 11:00-13:00,"[{""codigo_curso"":""31"",""curso"":""Ciência da Computação"",""vagas_regular"":6,""vagas_vestibulando"":0,""vagas"":6,""inscritos_regular"":6,""inscritos_vestibulando"":0,""inscritos"":6},{""codigo_curso"":""38"",""curso"":""Engenharia Elétrica"",""vagas_regular"":1,""vagas_vestibulando"":0,""vagas"":1,""inscritos_regular"":1,""inscritos_vestibulando"":0,""inscritos"":1},{""codigo_curso"":""54"",""curso"":""Estatística"",""vagas_regular"":1,""vagas_vestibulando"":0,""vagas"":1,""inscritos_regular"":1,""inscritos_vestibulando"":0,""inscritos"":1},{""codigo_curso"":""25"",""curso"":""Física"",""vagas_regular"":4,""vagas_vestibulando"":0,""vagas"":4,""inscritos_regular"":4,""inscritos_vestibulando"":0,""inscritos"":4},{""codigo_curso"":""20"",""curso"":""Matemática"",""vagas_regular"":1,""vagas_vestibulando"":0,""vagas"":1,""inscritos_regular"":1,""inscritos_vestibulando"":0,""inscritos"":1},{""codigo_curso"":""51"",""curso"":""Engenharia de Petróleo"",""vagas_regular"":7,""vagas_vestibulando"":0,""vagas"":7,""inscritos_regular"":7,""inscritos_vestibulando"":0,""inscritos"":7},{""codigo_curso"":""42"",""curso"":""Engenharia de Produção"",""vagas_regular"":4,""vagas_vestibulando"":0,""vagas"":4,""inscritos_regular"":4,""inscritos_vestibulando"":0,""inscritos"":4},{""codigo_curso"":""41"",""curso"":""Engenharia de Telecomunicações"",""vagas_regular"":19,""vagas_vestibulando"":1,""vagas"":20,""inscritos_regular"":17,""inscritos_vestibulando"":0,""inscritos"":17}]",9,False,
2026-2,GMA00155,CÁLCULO 2,CC,,P1,/graduacao/quadrodehorarios/turmas/100000461887,Ter 14:00-16:00; Qui 14:00-16:00,"[{""codigo_curso"":""37"",""curso"":""Engenharia Civil"",""vagas_regular"":26,""vagas_vestibulando"":0,""vagas"":26,""inscritos_regular"":24,""inscritos_vestibulando"":0,""inscritos"":24},{""codigo_curso"":""31"",""curso"":""Ciência da Computação"",""vagas_regular"":25,""vagas_vestibulando"":0,""vagas"":25,""inscritos_regular"":25,""inscritos_vestibulando"":0,""inscritos"":25},{""codigo_curso"":""54"",""curso"":""Estatística"",""vagas_regular"":2,""vagas_vestibulando"":0,""vagas"":2,""inscritos_regular"":2,""inscritos_vestibulando"":0,""inscritos"":2}]",9,False,
2026-2,GMA00155,CÁLCULO 2,CC,,P4,/graduacao/quadrodehorarios/turmas/100000461890,Ter 14:00-16:00; Qui 14:00-16:00,"[{""codigo_curso"":""38"",""curso"":""Engenharia Elétrica"",""vagas_regular"":5,""vagas_vestibulando"":0,""vagas"":5,""inscritos_regular"":5,""inscritos_vestibulando"":0,""inscritos"":5},{""codigo_curso"":""25"",""curso"":""Física"",""vagas_regular"":4,""vagas_vestibulando"":0,""vagas"":4,""inscritos_regular"":4,""inscritos_vestibulando"":0,""inscritos"":4},{""codigo_curso"":""41"",""curso"":""Engenharia de Telecomunicações"",""vagas_regular"":12,""vagas_vestibulando"":0,""vagas"":12,""inscritos_regular"":10,""inscritos_vestibulando"":0,""inscritos"":10},{""codigo_curso"":""20"",""curso"":""Matemática"",""vagas_regular"":1,""vagas_vestibulando"":0,""vagas"":1,""inscritos_regular"":1,""inscritos_vestibulando"":0,""inscritos"":1},{""codigo_curso"":""31"",""curso"":""Ciência da Computação"",""vagas_regular"":7,""vagas_vestibulando"":0,""vagas"":7,""inscritos_regular"":6,""inscritos_vestibulando"":0,""inscritos"":6},{""codigo_curso"":""37"",""curso"":""Engenharia Civil"",""vagas_regular"":5,""vagas_vestibulando"":0,""vagas"":5,""inscritos_regular"":5,""inscritos_vestibulando"":0,""inscritos"":5}]",9,False,
2026-2,GMA00155,CÁLCULO 2,CC,,Q1,/graduacao/quadrodehorarios/turmas/100000461891,Ter 16:00-18:00; Qui 16:00-18:00,"[{""codigo_curso"":""43"",""curso"":""Engenharia Agrícola e Ambiental"",""vagas_regular"":8,""vagas_vestibulando"":0,""vagas"":8,""inscritos_regular"":8,""inscritos_vestibulando"":0,""inscritos"":8},{""codigo_curso"":""31"",""curso"":""Ciência da Computação"",""vagas_regular"":21,""vagas_vestibulando"":0,""vagas"":21,""inscritos_regular"":21,""inscritos_vestibulando"":0,""inscritos"":21},{""codigo_curso"":""25"",""curso"":""Física"",""vagas_regular"":8,""vagas_vestibulando"":0,""vagas"":8,""inscritos_regular"":8,""inscritos_vestibulando"":0,""inscritos"":8},{""codigo_curso"":""56"",""curso"":""Eng. de Recursos Hídricos e Meio Ambiente"",""vagas_regular"":11,""vagas_vestibulando"":0,""vagas"":11,""inscritos_regular"":9,""inscritos_vestibulando"":0,""inscritos"":9},{""codigo_curso"":""41"",""curso"":""Engenharia de Telecomunicações"",""vagas_regular"":5,""vagas_vestibulando"":0,""vagas"":5,""inscritos_regular"":4,""inscritos_vestibulando"":0,""inscritos"":4}]",9,False,
2026-2,GMA00155,CÁLCULO 2,CC,,R1,/graduacao/quadrodehorarios/turmas/100000461894,Ter 18:00-20:00; Qui 18:00-20:00,"[{""codigo_curso"":""43"",""curso"":""Engenharia Agrícola e Ambiental"",""vagas_regular"":5,""vagas_vestibulando"":0,""vagas"":5,""inscritos_regular"":5,""inscritos_vestibulando"":0,""inscritos"":5},{""codigo_curso"":""31"",""curso"":""Ciência da Computação"",""vagas_regular"":2,""vagas_vestibulando"":0,""vagas"":2,""inscritos_regular"":2,""inscritos_vestibulando"":0,""inscritos"":2},{""codigo_curso"":""25"",""curso"":""Física"",""vagas_regular"":9,""vagas_vestibulando"":0,""vagas"":9,""inscritos_regular"":9,""inscritos_vestibulando"":0,""inscritos"":9},{""codigo_curso"":""20"",""curso"":""Matemática"",""vagas_regular"":2,""vagas_vestibulando"":0,""vagas"":2,""inscritos_regular"":2,""inscritos_vestibulando"":0,""inscritos"":2},{""codigo_curso"":""40"",""curso"":""Engenharia Mecânica"",""vagas_regular"":4,""vagas_vestibulando"":0,""vagas"":4,""inscritos_regular"":4,""inscritos_vestibulando"":0,""inscritos"":4},{""codigo_curso"":""27"",""curso"":""Engenharia Química"",""vagas_regular"":7,""vagas_vestibulando"":0,""vagas"":7,""inscritos_regular"":7,""inscritos_vestibulando"":0,""inscritos"":7},{""codigo_curso"":""56"",""curso"":""Eng. de Recursos Hídricos e Meio Ambiente"",""vagas_regular"":9,""vagas_vestibulando"":0,""vagas"":9,""inscritos_regular"":9,""inscritos_vestibulando"":0,""inscritos"":9},{""codigo_curso"":""41"",""curso"":""Engenharia de Telecomunicações"",""vagas_regular"":6,""vagas_vestibulando"":0,""vagas"":6,""inscritos_regular"":6,""inscritos_vestibulando"":0,""inscritos"":6},{""codigo_curso"":""38"",""curso"":""Engenharia Elétrica"",""vagas_regular"":1,""vagas_vestibulando"":0,""vagas"":1,""inscritos_regular"":1,""inscritos_vestibulando"":0,""inscritos"":1}]",9,False,
2026-2,GMA00155,CÁLCULO 2,CC,,R3,/graduacao/quadrodehorarios/turmas/100000464339,Ter 18:00-20:00; Qui 18:00-20:00,"[{""codigo_curso"":""37"",""curso"":""Engenharia Civil"",""vagas_regular"":7,""vagas_vestibulando"":0,""vagas"":7,""inscritos_regular"":1,""inscritos_vestibulando"":0,""inscritos"":1},{""codigo_curso"":""38"",""curso"":""Engenharia Elétrica"",""vagas_regular"":3,""vagas_vestibulando"":0,""vagas"":3,""inscritos_regular"":1,""inscritos_vestibulando"":0,""inscritos"":1},{""codigo_curso"":""40"",""curso"":""Engenharia Mecânica"",""vagas_regular"":6,""vagas_vestibulando"":1,""vagas"":7,""inscritos_regular"":3,""inscritos_vestibulando"":0,""inscritos"":3},{""codigo_curso"":""51"",""curso"":""Engenharia de Petróleo"",""vagas_regular"":4,""vagas_vestibulando"":0,""vagas"":4,""inscritos_regular"":3,""inscritos_vestibulando"":0,""inscritos"":3},{""codigo_curso"":""42"",""curso"":""Engenharia de Produção"",""vagas_regular"":2,""vagas_vestibulando"":1,""vagas"":3,""inscritos_regular"":0,""inscritos_vestibulando"":0,""inscritos"":0},{""codigo_curso"":""27"",""curso"":""Engenharia Química"",""vagas_regular"":2,""vagas_vestibulando"":0,""vagas"":2,""inscritos_regular"":0,""inscritos_vestibulando"":0,""inscritos"":0},{""codigo_curso"":""56"",""curso"":""Eng. de Recursos Hídricos e Meio Ambiente"",""vagas_regular"":9,""vagas_vestibulando"":0,""vagas"":9,""inscritos_regular"":1,""inscritos_vestibulando"":0,""inscritos"":1},{""codigo_curso"":""20"",""curso"":""Matemática"",""vagas_regular"":5,""vagas_vestibulando"":0,""vagas"":5,""inscritos_regular"":0,""inscritos_vestibulando"":0,""inscritos"":0},{""codigo_curso"":""31"",""curso"":""Ciência da Computação"",""vagas_regular"":3,""vagas_vestibulando"":0,""vagas"":3,""inscritos_regular"":0,""inscritos_vestibulando"":0,""inscritos"":0},{""codigo_curso"":""50"",""curso"":""Geofísica"",""vagas_regular"":1,""vagas_vestibulando"":0,""vagas"":1,""inscritos_regular"":1,""inscritos_vestibulando"":0,""inscritos"":1}]",9,False,
2026-2,GSI00433,COMPORTAMENTO ORGANIZACIONAL,CC;SI,,A1,/graduacao/quadrodehorarios/turmas/100000457216,Ter 18:00-22:00,"[{""codigo_curso"":""83"",""curso"":""Sistemas de Informação"",""vagas_regular"":30,""vagas_vestibulando"":0,""vagas"":30,""inscritos_regular"":30,""inscritos_vestibulando"":0,""inscritos"":30},{""codigo_curso"":""31"",""curso"":""Ciência da Computação"",""vagas_regular"":5,""vagas_vestibulando"":0,""vagas"":5,""inscritos_regular"":5,""inscritos_vestibulando"":0,""inscritos"":5}]",2,False,
2026-2,GSI00433,COMPORTAMENTO ORGANIZACIONAL,CC;SI,,B1,/graduacao/quadrodehorarios/turmas/100000457217,Ter 18:00-22:00,"[{""codigo_curso"":""83"",""curso"":""Sistemas de Informação"",""vagas_regular"":30,""vagas_vestibulando"":1,""vagas"":31,""inscritos_regular"":30,""inscritos_vestibulando"":0,""inscritos"":30},{""codigo_curso"":""41"",""curso"":""Engenharia de Telecomunicações"",""vagas_regular"":1,""vagas_vestibulando"":0,""vagas"":1,""inscritos_regular"":1,""inscritos_vestibulando"":0,""inscritos"":1},{""codigo_curso"":""31"",""curso"":""Ciência da Computação"",""vagas_regular"":3,""vagas_vestibulando"":0,""vagas"":3,""inscritos_regular"":0,""inscritos_vestibulando"":0,""inscritos"":0}]",2,False,
2026-2,SDV00143,PROPRIEDADE INTELECTUAL,CC;SI,,P1,/graduacao/quadrodehorarios/turmas/100000456414,Ter 18:00-20:00; Ter 20:00-22:00,"[{""codigo_curso"":""31"",""curso"":""Ciência da Computação"",""vagas_regular"":10,""vagas_vestibulando"":0,""vagas"":10,""inscritos_regular"":9,""inscritos_vestibulando"":0,""inscritos"":9},{""codigo_curso"":""83"",""curso"":""Sistemas de Informação"",""vagas_regular"":58,""vagas_vestibulando"":2,""vagas"":60,""inscritos_regular"":58,""inscritos_vestibulando"":0,""inscritos"":58}]",1,False,
2026-2,STA00168,DESENVOLVIMENTO DE PESSOAS,CC;SI,,P1,/graduacao/quadrodehorarios/turmas/100000458469,Ter 18:00-22:00,"[{""codigo_curso"":""31"",""curso"":""Ciência da Computação"",""vagas_regular"":10,""vagas_vestibulando"":0,""vagas"":10,""inscritos_regular"":6,""inscritos_vestibulando"":0,""inscritos"":6},{""codigo_curso"":""83"",""curso"":""Sistemas de Informação"",""vagas_regular"":59,""vagas_vestibulando"":1,""vagas"":60,""inscritos_regular"":57,""inscritos_vestibulando"":0,""inscritos"":57}]",1,False,
2026-2,STA00191,INTELIGÊNCIA DE NEGÓCIOS,CC;SI,,P1,/graduacao/quadrodehorarios/turmas/100000458473,Ter 18:00-22:00,"[{""codigo_curso"":""31"",""curso"":""Ciência da Computação"",""vagas_regular"":10,""vagas_vestibulando"":0,""vagas"":10,""inscritos_regular"":9,""inscritos_vestibulando"":0,""inscritos"":9},{""codigo_curso"":""83"",""curso"":""Sistemas de Informação"",""vagas_regular"":45,""vagas_vestibulando"":5,""vagas"":50,""inscritos_regular"":40,""inscritos_vestibulando"":0,""inscritos"":40},{""codigo_curso"":""97"",""curso"":""Disciplina Isolada"",""vagas_regular"":1,""vagas_vestibulando"":0,""vagas"":1,""inscritos_regular"":1,""inscritos_vestibulando"":0,""inscritos"":1}]",1,False,
2026-2,STA00267,MODELOS DE GESTÃO CONTEMPORÂNEA,CC;SI,,P1,/graduacao/quadrodehorarios/turmas/100000458504,Qui 18:00-22:00,"[{""codigo_curso"":""83"",""curso"":""Sistemas de Informação"",""vagas_regular"":59,""vagas_vestibulando"":1,""vagas"":60,""inscritos_regular"":56,""inscritos_vestibulando"":0,""inscritos"":56},{""codigo_curso"":""31"",""curso"":""Ciência da Computação"",""vagas_regular"":5,""vagas_vestibulando"":0,""vagas"":5,""inscritos_regular"":4,""inscritos_vestibulando"":0,""inscritos"":4},{""codigo_curso"":""117"",""curso"":""Administração Pública"",""vagas_regular"":5,""vagas_vestibulando"":0,""vagas"":5,""inscritos_regular"":5,""inscritos_vestibulando"":0,""inscritos"":5}]",1,False,
2026-2,STE00005,COMUNICAÇÃO EMPRESARIAL,SI,,A1,/graduacao/quadrodehorarios/turmas/100000459079,Sex 18:00-22:00,"[{""codigo_curso"":""83"",""curso"":""Sistemas de Informação"",""vagas_regular"":5,""vagas_vestibulando"":0,""vagas"":5,""inscritos_regular"":4,""inscritos_vestibulando"":0,""inscritos"":4},{""codigo_curso"":""107"",""curso"":""Graduação Tecnológica em Processos Gerenciais"",""vagas_regular"":55,""vagas_vestibulando"":0,""vagas"":55,""inscritos_regular"":53,""inscritos_vestibulando"":0,""inscritos"":53}]",1,False,
2026-2,STE00009,LIDERANÇA E COMPORTAMENTO ORGANIZACIONAL,SI,,A1,/graduacao/quadrodehorarios/turmas/100000459082,Qua 18:00-22:00,"[{""codigo_curso"":""117"",""curso"":""Administração Pública"",""vagas_regular"":4,""vagas_vestibulando"":0,""vagas"":4,""inscritos_regular"":3,""inscritos_vestibulando"":0,""inscritos"":3},{""codigo_curso"":""107"",""curso"":""Graduação Tecnológica em Processos Gerenciais"",""vagas_regular"":45,""vagas_vestibulando"":0,""vagas"":45,""inscritos_regular"":38,""inscritos_vestibulando"":0,""inscritos"":38},{""codigo_curso"":""5"",""curso"":""Ciências Sociais"",""vagas_regular"":1,""vagas_vestibulando"":0,""vagas"":1,""inscritos_regular"":0,""inscritos_vestibulando"":0,""inscritos"":0},{""codigo_curso"":""83"",""curso"":""Sistemas de Informação"",""vagas_regular"":5,""vagas_vestibulando"":0,""vagas"":5,""inscritos_regular"":1,""inscritos_vestibulando"":0,""inscritos"":1},{""codigo_curso"":""85"",""curso"":""Ciências Atuariais"",""vagas_regular"":3,""vagas_vestibulando"":0,""vagas"":3,""inscritos_regular"":3,""inscritos_vestibulando"":0,""inscritos"":3}]",1,False,
2026-2,STE00014,INOVAÇÃO NAS ORGANIZAÇÕES,SI,,A1,/graduacao/quadrodehorarios/turmas/100000459072,Ter 18:00-22:00,"[{""codigo_curso"":""83"",""curso"":""Sistemas de Informação"",""vagas_regular"":3,""vagas_vestibulando"":0,""vagas"":3,""inscritos_regular"":3,""inscritos_vestibulando"":0,""inscritos"":3},{""codigo_curso"":""107"",""curso"":""Graduação Tecnológica em Processos Gerenciais"",""vagas_regular"":58,""vagas_vestibulando"":0,""vagas"":58,""inscritos_regular"":54,""inscritos_vestibulando"":0,""inscritos"":54},{""codigo_curso"":""117"",""curso"":""Administração Pública"",""vagas_regular"":3,""vagas_vestibulando"":0,""vagas"":3,""inscritos_regular"":2,""inscritos_vestibulando"":0,""inscritos"":2}]",1,False,
2026-2,STE00018,GESTÃO DE PROJETOS,SI,,A1,/graduacao/quadrodehorarios/turmas/100000459067,Seg 18:00-22:00,"[{""codigo_curso"":""107"",""curso"":""Graduação Tecnológica em Processos Gerenciais"",""vagas_regular"":48,""vagas_vestibulando"":0,""vagas"":48,""inscritos_regular"":48,""inscritos_vestibulando"":0,""inscritos"":48},{""codigo_curso"":""83"",""curso"":""Sistemas de Informação"",""vagas_regular"":6,""vagas_vestibulando"":0,""vagas"":6,""inscritos_regular"":6,""inscritos_vestibulando"":0,""inscritos"":6},{""codigo_curso"":""4"",""curso"":""Ciências Econômicas"",""vagas_regular"":1,""vagas_vestibulando"":0,""vagas"":1,""inscritos_regular"":1,""inscritos_vestibulando"":0,""inscritos"":1},{""codigo_curso"":""116"",""curso"":""Jornalismo"",""vagas_regular"":1,""vagas_vestibulando"":0,""vagas"":1,""inscritos_regular"":1,""inscritos_vestibulando"":0,""inscritos"":1},{""codigo_curso"":""97"",""curso"":""Disciplina Isolada"",""vagas_regular"":1,""vagas_vestibulando"":0,""vagas"":1,""inscritos_regular"":1,""inscritos_vestibulando"":0,""inscritos"":1},{""codigo_curso"":""102"",""curso"":""Segurança Pública"",""vagas_regular"":1,""vagas_vestibulando"":0,""vagas"":1,""inscritos_regular"":1,""inscritos_vestibulando"":0,""inscritos"":1}]",1,False,
2026-2,TCC00243,TÓPICOS EM COMPUTAÇÃO III,CC,,Z1,/graduacao/quadrodehorarios/turmas/100000464696,Seg 11:00-13:00; Qua 11:00-13:00,"[{""codigo_curso"":""31"",""curso"":""Ciência da Computação"",""vagas_regular"":1,""vagas_vestibulando"":0,""vagas"":1,""inscritos_regular"":0,""inscritos_vestibulando"":0,""inscritos"":0}]",2,False,
2026-2,TCC00260,TÓPICOS EM INTELIGÊNCIA ARTIFICIAL II,CC,,Z1,/graduacao/quadrodehorarios/turmas/100000464470,Seg 16:00-18:00; Qua 16:00-18:00,"[{""codigo_curso"":""31"",""curso"":""Ciência da Computação"",""vagas_regular"":1,""vagas_vestibulando"":0,""vagas"":1,""inscritos_regular"":1,""inscritos_vestibulando"":0,""inscritos"":1}]",1,False,
2026-2,TCC00274,TÓPICOS EM REDES DE COMPUTADORES I,CC;SI,,A1,/graduacao/quadrodehorarios/turmas/100000464702,Qua 16:00-18:00; Sex 16:00-18:00,"[{""codigo_curso"":""31"",""curso"":""Ciência da Computação"",""vagas_regular"":5,""vagas_vestibulando"":0,""vagas"":5,""inscritos_regular"":0,""inscritos_vestibulando"":0,""inscritos"":0},{""codigo_curso"":""83"",""curso"":""Sistemas de Informação"",""vagas_regular"":5,""vagas_vestibulando"":0,""vagas"":5,""inscritos_regular"":1,""inscritos_vestibulando"":0,""inscritos"":1}]",1,False,
2026-2,TCC00324,GOVERNANÇA EM TECNOLOGIA DA INFORMAÇÃO,SI,,Z1,/graduacao/quadrodehorarios/turmas/100000464302,Sex 14:00-18:00,"[{""codigo_curso"":""83"",""curso"":""Sistemas de Informação"",""vagas_regular"":1,""vagas_vestibulando"":0,""vagas"":1,""inscritos_regular"":1,""inscritos_vestibulando"":0,""inscritos"":1}]",2,False,
2026-2,TCC00360,VISUALIZAÇÃO DE DADOS,SI,,Z1,/graduacao/quadrodehorarios/turmas/100000464114,Seg 14:00-16:00; Qua 14:00-16:00,"[{""codigo_curso"":""83"",""curso"":""Sistemas de Informação"",""vagas_regular"":1,""vagas_vestibulando"":0,""vagas"":1,""inscritos_regular"":1,""inscritos_vestibulando"":0,""inscritos"":1}]",2,False,
2026-2,TEC00209,PROPRIEDADE INDUSTRIAL,CC,,A1,/graduacao/quadrodehorarios/turmas/100000460255,Sex 14:00-18:00,"[{""codigo_curso"":""96"",""curso"":""Desenho Industrial"",""vagas_regular"":40,""vagas_vestibulando"":0,""vagas"":40,""inscritos_regular"":25,""inscritos_vestibulando"":0,""inscritos"":25},{""codigo_curso"":""40"",""curso"":""Engenharia Mecânica"",""vagas_regular"":8,""vagas_vestibulando"":0,""vagas"":8,""inscritos_regular"":4,""inscritos_vestibulando"":0,""inscritos"":4},{""codigo_curso"":""31"",""curso"":""Ciência da Computação"",""vagas_regular"":14,""vagas_vestibulando"":0,""vagas"":14,""inscritos_regular"":13,""inscritos_vestibulando"":0,""inscritos"":13},{""codigo_curso"":""37"",""curso"":""Engenharia Civil"",""vagas_regular"":6,""vagas_vestibulando"":0,""vagas"":6,""inscritos_regular"":1,""inscritos_vestibulando"":0,""inscritos"":1},{""codigo_curso"":""56"",""curso"":""Eng. de Recursos Hídricos e Meio Ambiente"",""vagas_regular"":10,""vagas_vestibulando"":0,""vagas"":10,""inscritos_regular"":1,""inscritos_vestibulando"":0,""inscritos"":1},{""codigo_curso"":""42"",""curso"":""Engenharia de Produção"",""vagas_regular"":15,""vagas_vestibulando"":0,""vagas"":15,""inscritos_regular"":12,""inscritos_vestibulando"":0,""inscritos"":12}]",2,False,
2026-2,TEC00209,PROPRIEDADE INDUSTRIAL,CC,,B1,/graduacao/quadrodehorarios/turmas/100000460278,Sex 08:00-12:00,"[{""codigo_curso"":""42"",""curso"":""Engenharia de Produção"",""vagas_regular"":12,""vagas_vestibulando"":0,""vagas"":12,""inscritos_regular"":5,""inscritos_vestibulando"":0,""inscritos"":5},{""codigo_curso"":""31"",""curso"":""Ciência da Computação"",""vagas_regular"":37,""vagas_vestibulando"":0,""vagas"":37,""inscritos_regular"":37,""inscritos_vestibulando"":0,""inscritos"":37},{""codigo_curso"":""37"",""curso"":""Engenharia Civil"",""vagas_regular"":6,""vagas_vestibulando"":0,""vagas"":6,""inscritos_regular"":0,""inscritos_vestibulando"":0,""inscritos"":0},{""codigo_curso"":""40"",""curso"":""Engenharia Mecânica"",""vagas_regular"":10,""vagas_vestibulando"":0,""vagas"":10,""inscritos_regular"":2,""inscritos_vestibulando"":0,""inscritos"":2},{""codigo_curso"":""56"",""curso"":""Eng. de Recursos Hídricos e Meio Ambiente"",""vagas_regular"":7,""vagas_vestibulando"":0,""vagas"":7,""inscritos_regular"":1,""inscritos_vestibulando"":0,""inscritos"":1},{""codigo_curso"":""96"",""curso"":""Desenho Industrial"",""vagas_regular"":25,""vagas_vestibulando"":0,""vagas"":25,""inscritos_regular"":7,""inscritos_vestibulando"":0,""inscritos"":7},{""codigo_curso"":""38"",""curso"":""Engenharia Elétrica"",""vagas_regular"":5,""vagas_vestibulando"":0,""vagas"":5,""inscritos_regular"":2,""inscritos_vestibulando"":0,""inscritos"":2}]",2,False,
2026-2,TEP00006,EMPREENDEDORISMO,SI,,A1,/graduacao/quadrodehorarios/turmas/100000456682,Seg 14:00-18:00,"[{""codigo_curso"":""54"",""curso"":""Estatística"",""vagas_regular"":5,""vagas_vestibulando"":0,""vagas"":5,""inscritos_regular"":5,""inscritos_vestibulando"":0,""inscritos"":5},{""codigo_curso"":""83"",""curso"":""Sistemas de Informação"",""vagas_regular"":5,""vagas_vestibulando"":0,""vagas"":5,""inscritos_regular"":5,""inscritos_vestibulando"":0,""inscritos"":5},{""codigo_curso"":""96"",""curso"":""Desenho Industrial"",""vagas_regular"":39,""vagas_vestibulando"":0,""vagas"":39,""inscritos_regular"":25,""inscritos_vestibulando"":0,""inscritos"":25},{""codigo_curso"":""43"",""curso"":""Engenharia Agrícola e Ambiental"",""vagas_regular"":1,""vagas_vestibulando"":0,""vagas"":1,""inscritos_regular"":1,""inscritos_vestibulando"":0,""inscritos"":1},{""codigo_curso"":""42"",""curso"":""Engenharia de Produção"",""vagas_regular"":1,""vagas_vestibulando"":0,""vagas"":1,""inscritos_regular"":1,""inscritos_vestibulando"":0,""inscritos"":1}]",2,False,
2026-2,TEP00006,EMPREENDEDORISMO,SI,,A2,/graduacao/quadrodehorarios/turmas/100000456707,Ter 14:00-18:00,"[{""codigo_curso"":""83"",""curso"":""Sistemas de Informação"",""vagas_regular"":5,""vagas_vestibulando"":0,""vagas"":5,""inscritos_regular"":4,""inscritos_vestibulando"":0,""inscritos"":4},{""codigo_curso"":""96"",""curso"":""Desenho Industrial"",""vagas_regular"":10,""vagas_vestibulando"":0,""vagas"":10,""inscritos_regular"":9,""inscritos_vestibulando"":0,""inscritos"":9},{""codigo_curso"":""42"",""curso"":""Engenharia de Produção"",""vagas_regular"":4,""vagas_vestibulando"":0,""vagas"":4,""inscritos_regular"":4,""inscritos_vestibulando"":0,""inscritos"":4},{""codigo_curso"":""97"",""curso"":""Disciplina Isolada"",""vagas_regular"":1,""vagas_vestibulando"":0,""vagas"":1,""inscritos_regular"":1,""inscritos_vestibulando"":0,""inscritos"":1}]",2,False,
2026-2,TEP00108,ADMINISTRAÇÃO APLICADA À ENGENHARIA,CC,,A1,/graduacao/quadrodehorarios/turmas/100000456670,Seg 09:00-13:00,"[{""codigo_curso"":""27"",""curso"":""Engenharia Química"",""vagas_regular"":13,""vagas_vestibulando"":0,""vagas"":13,""inscritos_regular"":13,""inscritos_vestibulando"":0,""inscritos"":13},{""codigo_curso"":""31"",""curso"":""Ciência da Computação"",""vagas_regular"":5,""vagas_vestibulando"":0,""vagas"":5,""inscritos_regular"":2,""inscritos_vestibulando"":0,""inscritos"":2},{""codigo_curso"":""38"",""curso"":""Engenharia Elétrica"",""vagas_regular"":5,""vagas_vestibulando"":0,""vagas"":5,""inscritos_regular"":4,""inscritos_vestibulando"":0,""inscritos"":4},{""codigo_curso"":""40"",""curso"":""Engenharia Mecânica"",""vagas_regular"":7,""vagas_vestibulando"":0,""vagas"":7,""inscritos_regular"":7,""inscritos_vestibulando"":0,""inscritos"":7},{""codigo_curso"":""51"",""curso"":""Engenharia de Petróleo"",""vagas_regular"":5,""vagas_vestibulando"":0,""vagas"":5,""inscritos_regular"":0,""inscritos_vestibulando"":0,""inscritos"":0},{""codigo_curso"":""96"",""curso"":""Desenho Industrial"",""vagas_regular"":7,""vagas_vestibulando"":0,""vagas"":7,""inscritos_regular"":7,""inscritos_vestibulando"":0,""inscritos"":7},{""codigo_curso"":""41"",""curso"":""Engenharia de Telecomunicações"",""vagas_regular"":4,""vagas_vestibulando"":0,""vagas"":4,""inscritos_regular"":1,""inscritos_vestibulando"":0,""inscritos"":1},{""codigo_curso"":""56"",""curso"":""Eng. de Recursos Hídricos e Meio Ambiente"",""vagas_regular"":1,""vagas_vestibulando"":0,""vagas"":1,""inscritos_regular"":0,""inscritos_vestibulando"":0,""inscritos"":0}]",3,False,
2026-2,TEP00108,ADMINISTRAÇÃO APLICADA À ENGENHARIA,CC;SI,,B1,/graduacao/quadrodehorarios/turmas/100000456641,Seg 14:00-18:00,"[{""codigo_curso"":""27"",""curso"":""Engenharia Química"",""vagas_regular"":10,""vagas_vestibulando"":0,""vagas"":10,""inscritos_regular"":5,""inscritos_vestibulando"":0,""inscritos"":5},{""codigo_curso"":""31"",""curso"":""Ciência da Computação"",""vagas_regular"":8,""vagas_vestibulando"":0,""vagas"":8,""inscritos_regular"":7,""inscritos_vestibulando"":0,""inscritos"":7},{""codigo_curso"":""38"",""curso"":""Engenharia Elétrica"",""vagas_regular"":6,""vagas_vestibulando"":0,""vagas"":6,""inscritos_regular"":6,""inscritos_vestibulando"":0,""inscritos"":6},{""codigo_curso"":""40"",""curso"":""Engenharia Mecânica"",""vagas_regular"":5,""vagas_vestibulando"":0,""vagas"":5,""inscritos_regular"":4,""inscritos_vestibulando"":0,""inscritos"":4},{""codigo_curso"":""51"",""curso"":""Engenharia de Petróleo"",""vagas_regular"":5,""vagas_vestibulando"":0,""vagas"":5,""inscritos_regular"":0,""inscritos_vestibulando"":0,""inscritos"":0},{""codigo_curso"":""83"",""curso"":""Sistemas de Informação"",""vagas_regular"":4,""vagas_vestibulando"":0,""vagas"":4,""inscritos_regular"":2,""inscritos_vestibulando"":0,""inscritos"":2},{""codigo_curso"":""96"",""curso"":""Desenho Industrial"",""vagas_regular"":7,""vagas_vestibulando"":0,""vagas"":7,""inscritos_regular"":7,""inscritos_vestibulando"":0,""inscritos"":7},{""codigo_curso"":""41"",""curso"":""Engenharia de Telecomunicações"",""vagas_regular"":2,""vagas_vestibulando"":0,""vagas"":2,""inscritos_regular"":2,""inscritos_vestibulando"":0,""inscritos"":2},{""codigo_curso"":""56"",""curso"":""Eng. de Recursos Hídricos e Meio Ambiente"",""vagas_regular"":1,""vagas_vestibulando"":0,""vagas"":1,""inscritos_regular"":1,""inscritos_vestibulando"":0,""inscritos"":1},{""codigo_curso"":""37"",""curso"":""Engenharia Civil"",""vagas_regular"":2,""vagas_vestibulando"":0,""vagas"":2,""inscritos_regular"":2,""inscritos_vestibulando"":0,""inscritos"":2}]",3,False,
2026-2,TEP00108,ADMINISTRAÇÃO APLICADA À ENGENHARIA,CC,,C1,/graduacao/quadrodehorarios/turmas/100000456650,Seg 18:00-22:00,"[{""codigo_curso"":""27"",""curso"":""Engenharia Química"",""vagas_regular"":10,""vagas_vestibulando"":0,""vagas"":10,""inscritos_regular"":10,""inscritos_vestibulando"":0,""inscritos"":10},{""codigo_curso"":""38"",""curso"":""Engenharia Elétrica"",""vagas_regular"":5,""vagas_vestibulando"":0,""vagas"":5,""inscritos_regular"":5,""inscritos_vestibulando"":0,""inscritos"":5},{""codigo_curso"":""40"",""curso"":""Engenharia Mecânica"",""vagas_regular"":5,""vagas_vestibulando"":0,""vagas"":5,""inscritos_regular"":4,""inscritos_vestibulando"":0,""inscritos"":4},{""codigo_curso"":""41"",""curso"":""Engenharia de Telecomunicações"",""vagas_regular"":7,""vagas_vestibulando"":0,""vagas"":7,""inscritos_regular"":3,""inscritos_vestibulando"":0,""inscritos"":3},{""codigo_curso"":""51"",""curso"":""Engenharia de Petróleo"",""vagas_regular"":7,""vagas_vestibulando"":0,""vagas"":7,""inscritos_regular"":7,""inscritos_vestibulando"":0,""inscritos"":7},{""codigo_curso"":""96"",""curso"":""Desenho Industrial"",""vagas_regular"":10,""vagas_vestibulando"":0,""vagas"":10,""inscritos_regular"":10,""inscritos_vestibulando"":0,""inscritos"":10},{""codigo_curso"":""31"",""curso"":""Ciência da Computação"",""vagas_regular"":5,""vagas_vestibulando"":0,""vagas"":5,""inscritos_regular"":5,""inscritos_vestibulando"":0,""inscritos"":5}]",3,False,
2026-2,TEP00109,ECONOMIA APLICADA À ENGENHARIA,CC,,T1,/graduacao/quadrodehorarios/turmas/100000456639,Qua 18:00-22:00,"[{""codigo_curso"":""38"",""curso"":""Engenharia Elétrica"",""vagas_regular"":13,""vagas_vestibulando"":0,""vagas"":13,""inscritos_regular"":13,""inscritos_vestibulando"":0,""inscritos"":13},{""codigo_curso"":""40"",""curso"":""Engenharia Mecânica"",""vagas_regular"":3,""vagas_vestibulando"":0,""vagas"":3,""inscritos_regular"":2,""inscritos_vestibulando"":0,""inscritos"":2},{""codigo_curso"":""41"",""curso"":""Engenharia de Telecomunicações"",""vagas_regular"":6,""vagas_vestibulando"":0,""vagas"":6,""inscritos_regular"":3,""inscritos_vestibulando"":0,""inscritos"":3},{""codigo_curso"":""42"",""curso"":""Engenharia de Produção"",""vagas_regular"":5,""vagas_vestibulando"":0,""vagas"":5,""inscritos_regular"":4,""inscritos_vestibulando"":0,""inscritos"":4},{""codigo_curso"":""96"",""curso"":""Desenho Industrial"",""vagas_regular"":14,""vagas_vestibulando"":0,""vagas"":14,""inscritos_regular"":14,""inscritos_vestibulando"":0,""inscritos"":14},{""codigo_curso"":""31"",""curso"":""Ciência da Computação"",""vagas_regular"":5,""vagas_vestibulando"":0,""vagas"":5,""inscritos_regular"":4,""inscritos_vestibulando"":0,""inscritos"":4},{""codigo_curso"":""37"",""curso"":""Engenharia Civil"",""vagas_regular"":5,""vagas_vestibulando"":0,""vagas"":5,""inscritos_regular"":5,""inscritos_vestibulando"":0,""inscritos"":5}]",1,False,
2026-2,TEP00110,ENGENHARIA ECONÔMICA,CC,,B1,/graduacao/quadrodehorarios/turmas/100000456658,Sex 07:00-09:00,"[{""codigo_curso"":""31"",""curso"":""Ciência da Computação"",""vagas_regular"":10,""vagas_vestibulando"":0,""vagas"":10,""inscritos_regular"":3,""inscritos_vestibulando"":0,""inscritos"":3},{""codigo_curso"":""40"",""curso"":""Engenharia Mecânica"",""vagas_regular"":5,""vagas_vestibulando"":0,""vagas"":5,""inscritos_regular"":1,""inscritos_vestibulando"":0,""inscritos"":1},{""codigo_curso"":""51"",""curso"":""Engenharia de Petróleo"",""vagas_regular"":3,""vagas_vestibulando"":0,""vagas"":3,""inscritos_regular"":0,""inscritos_vestibulando"":0,""inscritos"":0},{""codigo_curso"":""56"",""curso"":""Eng. de Recursos Hídricos e Meio Ambiente"",""vagas_regular"":1,""vagas_vestibulando"":0,""vagas"":1,""inscritos_regular"":0,""inscritos_vestibulando"":0,""inscritos"":0},{""codigo_curso"":""42"",""curso"":""Engenharia de Produção"",""vagas_regular"":1,""vagas_vestibulando"":0,""vagas"":1,""inscritos_regular"":1,""inscritos_vestibulando"":0,""inscritos"":1}]",4,False,
2026-2,TEP00110,ENGENHARIA ECONÔMICA,CC,,C1,/graduacao/quadrodehorarios/turmas/100000456666,Sex 09:00-11:00,"[{""codigo_curso"":""31"",""curso"":""Ciência da Computação"",""vagas_regular"":11,""vagas_vestibulando"":0,""vagas"":11,""inscritos_regular"":11,""inscritos_vestibulando"":0,""inscritos"":11},{""codigo_curso"":""40"",""curso"":""Engenharia Mecânica"",""vagas_regular"":5,""vagas_vestibulando"":0,""vagas"":5,""inscritos_regular"":0,""inscritos_vestibulando"":0,""inscritos"":0},{""codigo_curso"":""51"",""curso"":""Engenharia de Petróleo"",""vagas_regular"":3,""vagas_vestibulando"":0,""vagas"":3,""inscritos_regular"":2,""inscritos_vestibulando"":0,""inscritos"":2},{""codigo_curso"":""96"",""curso"":""Desenho Industrial"",""vagas_regular"":5,""vagas_vestibulando"":0,""vagas"":5,""inscritos_regular"":0,""inscritos_vestibulando"":0,""inscritos"":0},{""codigo_curso"":""42"",""curso"":""Engenharia de Produção"",""vagas_regular"":1,""vagas_vestibulando"":0,""vagas"":1,""inscritos_regular"":1,""inscritos_vestibulando"":0,""inscritos"":1}]",4,False,
2026-2,TEP00110,ENGENHARIA ECONÔMICA,CC,,D1,/graduacao/quadrodehorarios/turmas/100000456678,Sex 11:00-13:00,"[{""codigo_curso"":""31"",""curso"":""Ciência da Computação"",""vagas_regular"":12,""vagas_vestibulando"":0,""vagas"":12,""inscritos_regular"":9,""inscritos_vestibulando"":0,""inscritos"":9},{""codigo_curso"":""40"",""curso"":""Engenharia Mecânica"",""vagas_regular"":5,""vagas_vestibulando"":0,""vagas"":5,""inscritos_regular"":0,""inscritos_vestibulando"":0,""inscritos"":0},{""codigo_curso"":""51"",""curso"":""Engenharia de Petróleo"",""vagas_regular"":3,""vagas_vestibulando"":0,""vagas"":3,""inscritos_regular"":0,""inscritos_vestibulando"":0,""inscritos"":0},{""codigo_curso"":""42"",""curso"":""Engenharia de Produção"",""vagas_regular"":3,""vagas_vestibulando"":0,""vagas"":3,""inscritos_regular"":3,""inscritos_vestibulando"":0,""inscritos"":3}]",4,False,
2026-2,TEP00110,ENGENHARIA ECONÔMICA,CC,,E1,/graduacao/quadrodehorarios/turmas/100000456667,Sex 14:00-16:00,"[{""codigo_curso"":""31"",""curso"":""Ciência da Computação"",""vagas_regular"":14,""vagas_vestibulando"":0,""vagas"":14,""inscritos_regular"":11,""inscritos_vestibulando"":0,""inscritos"":11},{""codigo_curso"":""40"",""curso"":""Engenharia Mecânica"",""vagas_regular"":5,""vagas_vestibulando"":0,""vagas"":5,""inscritos_regular"":3,""inscritos_vestibulando"":0,""inscritos"":3},{""codigo_curso"":""96"",""curso"":""Desenho Industrial"",""vagas_regular"":5,""vagas_vestibulando"":0,""vagas"":5,""inscritos_regular"":1,""inscritos_vestibulando"":0,""inscritos"":1},{""codigo_curso"":""43"",""curso"":""Engenharia Agrícola e Ambiental"",""vagas_regular"":2,""vagas_vestibulando"":0,""vagas"":2,""inscritos_regular"":2,""inscritos_vestibulando"":0,""inscritos"":2},{""codigo_curso"":""27"",""curso"":""Engenharia Química"",""vagas_regular"":2,""vagas_vestibulando"":0,""vagas"":2,""inscritos_regular"":1,""inscritos_vestibulando"":0,""inscritos"":1}]",4,False,
2026-2,TEP00111,GERENCIAMENTO DE PROJETOS I,CC;SI,,A1,/graduacao/quadrodehorarios/turmas/100000456679,Ter 07:00-11:00,"[{""codigo_curso"":""54"",""curso"":""Estatística"",""vagas_regular"":5,""vagas_vestibulando"":0,""vagas"":5,""inscritos_regular"":5,""inscritos_vestibulando"":0,""inscritos"":5},{""codigo_curso"":""31"",""curso"":""Ciência da Computação"",""vagas_regular"":5,""vagas_vestibulando"":0,""vagas"":5,""inscritos_regular"":4,""inscritos_vestibulando"":0,""inscritos"":4},{""codigo_curso"":""42"",""curso"":""Engenharia de Produção"",""vagas_regular"":25,""vagas_vestibulando"":0,""vagas"":25,""inscritos_regular"":21,""inscritos_vestibulando"":0,""inscritos"":21},{""codigo_curso"":""83"",""curso"":""Sistemas de Informação"",""vagas_regular"":2,""vagas_vestibulando"":0,""vagas"":2,""inscritos_regular"":2,""inscritos_vestibulando"":0,""inscritos"":2},{""codigo_curso"":""96"",""curso"":""Desenho Industrial"",""vagas_regular"":6,""vagas_vestibulando"":0,""vagas"":6,""inscritos_regular"":1,""inscritos_vestibulando"":0,""inscritos"":1},{""codigo_curso"":""27"",""curso"":""Engenharia Química"",""vagas_regular"":4,""vagas_vestibulando"":0,""vagas"":4,""inscritos_regular"":1,""inscritos_vestibulando"":0,""inscritos"":1},{""codigo_curso"":""51"",""curso"":""Engenharia de Petróleo"",""vagas_regular"":4,""vagas_vestibulando"":0,""vagas"":4,""inscritos_regular"":0,""inscritos_vestibulando"":0,""inscritos"":0}]",2,False,
2026-2,TEP00111,GERENCIAMENTO DE PROJETOS I,CC,,B1,/graduacao/quadrodehorarios/turmas/100000456668,Qua 09:00-13:00,"[{""codigo_curso"":""42"",""curso"":""Engenharia de Produção"",""vagas_regular"":15,""vagas_vestibulando"":0,""vagas"":15,""inscritos_regular"":12,""inscritos_vestibulando"":0,""inscritos"":12},{""codigo_curso"":""96"",""curso"":""Desenho Industrial"",""vagas_regular"":5,""vagas_vestibulando"":0,""vagas"":5,""inscritos_regular"":0,""inscritos_vestibulando"":0,""inscritos"":0},{""codigo_curso"":""31"",""curso"":""Ciência da Computação"",""vagas_regular"":8,""vagas_vestibulando"":0,""vagas"":8,""inscritos_regular"":6,""inscritos_vestibulando"":0,""inscritos"":6},{""codigo_curso"":""40"",""curso"":""Engenharia Mecânica"",""vagas_regular"":1,""vagas_vestibulando"":0,""vagas"":1,""inscritos_regular"":0,""inscritos_vestibulando"":0,""inscritos"":0},{""codigo_curso"":""56"",""curso"":""Eng. de Recursos Hídricos e Meio Ambiente"",""vagas_regular"":5,""vagas_vestibulando"":0,""vagas"":5,""inscritos_regular"":1,""inscritos_vestibulando"":0,""inscritos"":1},{""codigo_curso"":""27"",""curso"":""Engenharia Química"",""vagas_regular"":5,""vagas_vestibulando"":0,""vagas"":5,""inscritos_regular"":3,""inscritos_vestibulando"":0,""inscritos"":3},{""codigo_curso"":""41"",""curso"":""Engenharia de Telecomunicações"",""vagas_regular"":1,""vagas_vestibulando"":0,""vagas"":1,""inscritos_regular"":1,""inscritos_vestibulando"":0,""inscritos"":1}]",2,False,
2026-2,TEP00124,CIÊNCIA E TECNOLOGIA,SI,,T1,/graduacao/quadrodehorarios/turmas/100000456659,Qui 14:00-18:00,"[{""codigo_curso"":""96"",""curso"":""Desenho Industrial"",""vagas_regular"":39,""vagas_vestibulando"":0,""vagas"":39,""inscritos_regular"":38,""inscritos_vestibulando"":0,""inscritos"":38},{""codigo_curso"":""83"",""curso"":""Sistemas de Informação"",""vagas_regular"":10,""vagas_vestibulando"":0,""vagas"":10,""inscritos_regular"":9,""inscritos_vestibulando"":0,""inscritos"":9},{""codigo_curso"":""42"",""curso"":""Engenharia de Produção"",""vagas_regular"":1,""vagas_vestibulando"":0,""vagas"":1,""inscritos_regular"":0,""inscritos_vestibulando"":0,""inscritos"":0}]",1,False,
2026-2,TET00319,INTRODUÇÃO AO KIT DE DESENVOLVIMENTO ARDUINO I,CC,,AA,/graduacao/quadrodehorarios/turmas/100000453129,Seg 18:00-20:00; Sex 09:00-11:00,"[{""codigo_curso"":""31"",""curso"":""Ciência da Computação"",""vagas_regular"":11,""vagas_vestibulando"":0,""vagas"":11,""inscritos_regular"":11,""inscritos_vestibulando"":0,""inscritos"":11},{""codigo_curso"":""41"",""curso"":""Engenharia de Telecomunicações"",""vagas_regular"":1,""vagas_vestibulando"":0,""vagas"":1,""inscritos_regular"":1,""inscritos_vestibulando"":0,""inscritos"":1}]",1,False,
2026-2,TET00347,CIRCUITOS DIGITAIS PARA CIÊNCIA DA COMPUTAÇÃO,CC,,A1,/graduacao/quadrodehorarios/turmas/100000453091,Seg 14:00-16:00; Qua 14:00-16:00,"[{""codigo_curso"":""31"",""curso"":""Ciência da Computação"",""vagas_regular"":27,""vagas_vestibulando"":3,""vagas"":30,""inscritos_regular"":25,""inscritos_vestibulando"":1,""inscritos"":26}]",3,False,
2026-2,TET00347,CIRCUITOS DIGITAIS PARA CIÊNCIA DA COMPUTAÇÃO,CC,,B1,/graduacao/quadrodehorarios/turmas/100000453092,Ter 14:00-16:00; Qui 14:00-16:00,"[{""codigo_curso"":""31"",""curso"":""Ciência da Computação"",""vagas_regular"":30,""vagas_vestibulando"":0,""vagas"":30,""inscritos_regular"":10,""inscritos_vestibulando"":0,""inscritos"":10}]",3,False,
2026-2,TET00347,CIRCUITOS DIGITAIS PARA CIÊNCIA DA COMPUTAÇÃO,CC,,C1,/graduacao/quadrodehorarios/turmas/100000457746,Ter 16:00-18:00; Qui 16:00-18:00,"[{""codigo_curso"":""31"",""curso"":""Ciência da Computação"",""vagas_regular"":30,""vagas_vestibulando"":0,""vagas"":30,""inscritos_regular"":21,""inscritos_vestibulando"":0,""inscritos"":21}]",3,False,
