turma_id,semestre,codigo,disciplina_pdf,turma_pdf,turma_web,turma_url,metodo_vinculo,docentes_web,horario_web,cursos_busca,codigos_cursos_com_vagas,vagas,inscritos,vagas_cc,inscritos_cc,vagas_si,inscritos_si,vagas_outros_cursos,inscritos_outros_cursos,compartilhada_vagas_cc_si,curriculos,grupos_curriculares,compartilhada_curriculos_cc_si,obrigatoria,vagas_por_curso_json,fonte
2026-1-CGI00004-A1,2026-1,CGI00004,SEMINÁRIOS EM SISTEMAS DE INFORMAÇÃO,A1,A1,/graduacao/quadrodehorarios/turmas/100000451007,turma_exata,,Sex 18:00-20:00,SI,31;83,71,64,2,1,69,63,0,0,True,SI,SI-P1,False,True,"[{""codigo_curso"":""83"",""curso"":""Sistemas de Informação"",""vagas_regular"":8,""vagas_vestibulando"":61,""vagas"":69,""inscritos_regular"":5,""inscritos_vestibulando"":58,""inscritos"":63},{""codigo_curso"":""31"",""curso"":""Ciência da Computação"",""vagas_regular"":2,""vagas_vestibulando"":0,""vagas"":2,""inscritos_regular"":1,""inscritos_vestibulando"":0,""inscritos"":1}]",webscrap/turmas_2026_raw.csv + dados/processados/turmas_2026.csv
2026-1-TCC00195-A1,2026-1,TCC00195,METAHEURÍSTICAS Pós: Inteligência Computacional,A1,A1,/graduacao/quadrodehorarios/turmas/100000447684,turma_e_encontros_exatos,,Ter 11:00-13:00; Qui 11:00-13:00,CC,31;83,15,6,10,5,5,1,0,0,True,CC,CC-OPT,False,False,"[{""codigo_curso"":""83"",""curso"":""Sistemas de Informação"",""vagas_regular"":5,""vagas_vestibulando"":0,""vagas"":5,""inscritos_regular"":1,""inscritos_vestibulando"":0,""inscritos"":1},{""codigo_curso"":""31"",""curso"":""Ciência da Computação"",""vagas_regular"":10,""vagas_vestibulando"":0,""vagas"":10,""inscritos_regular"":5,""inscritos_vestibulando"":0,""inscritos"":5}]",webscrap/turmas_2026_raw.csv + dados/processados/turmas_2026.csv
2026-1-TCC00205-A1,2026-1,TCC00205,LINGUAGENS DE PROGRAMAÇÃO EM LÓGICA Pós: Lógica,A1,A1,/graduacao/quadrodehorarios/turmas/100000447676,turma_e_encontros_exatos,,Qua 16:00-20:00,CC,31;83,20,9,10,8,10,1,0,0,True,CC,CC-OPT,False,False,"[{""codigo_curso"":""31"",""curso"":""Ciência da Computação"",""vagas_regular"":10,""vagas_vestibulando"":0,""vagas"":10,""inscritos_regular"":8,""inscritos_vestibulando"":0,""inscritos"":8},{""codigo_curso"":""83"",""curso"":""Sistemas de Informação"",""vagas_regular"":10,""vagas_vestibulando"":0,""vagas"":10,""inscritos_regular"":1,""inscritos_vestibulando"":0,""inscritos"":1}]",webscrap/turmas_2026_raw.csv + dados/processados/turmas_2026.csv
2026-1-TCC00222-A1,2026-1,TCC00222,COMPUTAÇÃO E SOCIEDADE PARA SI,A1,A1,/graduacao/quadrodehorarios/turmas/100000447046,turma_e_encontros_exatos,,Qui 18:00-22:00,SI,31;41;83,48,34,3,2,44,32,1,0,True,SI,SI-P8,False,True,"[{""codigo_curso"":""83"",""curso"":""Sistemas de Informação"",""vagas_regular"":39,""vagas_vestibulando"":5,""vagas"":44,""inscritos_regular"":32,""inscritos_vestibulando"":0,""inscritos"":32},{""codigo_curso"":""31"",""curso"":""Ciência da Computação"",""vagas_regular"":3,""vagas_vestibulando"":0,""vagas"":3,""inscritos_regular"":2,""inscritos_vestibulando"":0,""inscritos"":2},{""codigo_curso"":""41"",""curso"":""Engenharia de Telecomunicações"",""vagas_regular"":1,""vagas_vestibulando"":0,""vagas"":1,""inscritos_regular"":0,""inscritos_vestibulando"":0,""inscritos"":0}]",webscrap/turmas_2026_raw.csv + dados/processados/turmas_2026.csv
2026-1-TCC00225-A1,2026-1,TCC00225,ENGENHARIA DE SOFTWARE,A1,A1,/graduacao/quadrodehorarios/turmas/100000447051,turma_e_encontros_exatos,,Ter 18:00-20:00; Qui 18:00-20:00,SI,83,54,51,0,0,54,51,0,0,False,SI,SI-P5,False,True,"[{""codigo_curso"":""83"",""curso"":""Sistemas de Informação"",""vagas_regular"":52,""vagas_vestibulando"":2,""vagas"":54,""inscritos_regular"":51,""inscritos_vestibulando"":0,""inscritos"":51}]",webscrap/turmas_2026_raw.csv + dados/processados/turmas_2026.csv
2026-1-TCC00226-A1,2026-1,TCC00226,DESENVOLVIMENTO WEB,A1,A1,/graduacao/quadrodehorarios/turmas/100000447049,turma_e_encontros_exatos,,Seg 09:00-11:00; Qua 09:00-11:00,CC,31,60,56,60,56,0,0,0,0,False,CC,CC-P5,False,True,"[{""codigo_curso"":""31"",""curso"":""Ciência da Computação"",""vagas_regular"":60,""vagas_vestibulando"":0,""vagas"":60,""inscritos_regular"":56,""inscritos_vestibulando"":0,""inscritos"":56}]",webscrap/turmas_2026_raw.csv + dados/processados/turmas_2026.csv
2026-1-TCC00230-A1,2026-1,TCC00230,TÓPICOS ESPECIAIS EM SEGURANÇA DA INFORMAÇÃO Pós: Criptografia,A1,A1,/graduacao/quadrodehorarios/turmas/100000447675,turma_e_encontros_exatos,,Sex 09:00-13:00,CC;SI,31;41;83,59,47,52,43,5,2,2,2,True,CC;SI,CC-OPT;SI-OPT,True,False,"[{""codigo_curso"":""31"",""curso"":""Ciência da Computação"",""vagas_regular"":52,""vagas_vestibulando"":0,""vagas"":52,""inscritos_regular"":43,""inscritos_vestibulando"":0,""inscritos"":43},{""codigo_curso"":""83"",""curso"":""Sistemas de Informação"",""vagas_regular"":5,""vagas_vestibulando"":0,""vagas"":5,""inscritos_regular"":2,""inscritos_vestibulando"":0,""inscritos"":2},{""codigo_curso"":""41"",""curso"":""Engenharia de Telecomunicações"",""vagas_regular"":2,""vagas_vestibulando"":0,""vagas"":2,""inscritos_regular"":2,""inscritos_vestibulando"":0,""inscritos"":2}]",webscrap/turmas_2026_raw.csv + dados/processados/turmas_2026.csv
2026-1-TCC00241-A1,2026-1,TCC00241,TÓPICOS EM COMPUTAÇÃO I Pós: Visão Computacional,A1,A1,/graduacao/quadrodehorarios/turmas/100000447294,turma_e_encontros_exatos,,Ter 14:00-16:00; Qui 14:00-16:00,CC;SI,20;31;37;38;40;41;83;97,21,9,12,8,3,0,6,1,True,CC;SI,CC-OPT;SI-OPT,True,False,"[{""codigo_curso"":""31"",""curso"":""Ciência da Computação"",""vagas_regular"":12,""vagas_vestibulando"":0,""vagas"":12,""inscritos_regular"":8,""inscritos_vestibulando"":0,""inscritos"":8},{""codigo_curso"":""83"",""curso"":""Sistemas de Informação"",""vagas_regular"":3,""vagas_vestibulando"":0,""vagas"":3,""inscritos_regular"":0,""inscritos_vestibulando"":0,""inscritos"":0},{""codigo_curso"":""38"",""curso"":""Engenharia Elétrica"",""vagas_regular"":1,""vagas_vestibulando"":0,""vagas"":1,""inscritos_regular"":0,""inscritos_vestibulando"":0,""inscritos"":0},{""codigo_curso"":""41"",""curso"":""Engenharia de Telecomunicações"",""vagas_regular"":1,""vagas_vestibulando"":0,""vagas"":1,""inscritos_regular"":0,""inscritos_vestibulando"":0,""inscritos"":0},{""codigo_curso"":""40"",""curso"":""Engenharia Mecânica"",""vagas_regular"":1,""vagas_vestibulando"":0,""vagas"":1,""inscritos_regular"":0,""inscritos_vestibulando"":0,""inscritos"":0},{""codigo_curso"":""37"",""curso"":""Engenharia Civil"",""vagas_regular"":1,""vagas_vestibulando"":0,""vagas"":1,""inscritos_regular"":0,""inscritos_vestibulando"":0,""inscritos"":0},{""codigo_curso"":""20"",""curso"":""Matemática"",""vagas_regular"":1,""vagas_vestibulando"":0,""vagas"":1,""inscritos_regular"":0,""inscritos_vestibulando"":0,""inscritos"":0},{""codigo_curso"":""97"",""curso"":""Disciplina Isolada"",""vagas_regular"":1,""vagas_vestibulando"":0,""vagas"":1,""inscritos_regular"":1,""inscritos_vestibulando"":0,""inscritos"":1}]",webscrap/turmas_2026_raw.csv + dados/processados/turmas_2026.csv
2026-1-TCC00242-A1,2026-1,TCC00242,TÓPICOS EM COMPUTAÇÃO II,A1,A1,/graduacao/quadrodehorarios/turmas/100000448424,turma_e_encontros_exatos,,Ter 18:00-20:00; Qui 18:00-20:00,CC;SI,31;83,43,9,10,1,33,8,0,0,True,CC;SI,CC-OPT;SI-OPT,True,False,"[{""codigo_curso"":""83"",""curso"":""Sistemas de Informação"",""vagas_regular"":30,""vagas_vestibulando"":3,""vagas"":33,""inscritos_regular"":8,""inscritos_vestibulando"":0,""inscritos"":8},{""codigo_curso"":""31"",""curso"":""Ciência da Computação"",""vagas_regular"":10,""vagas_vestibulando"":0,""vagas"":10,""inscritos_regular"":1,""inscritos_vestibulando"":0,""inscritos"":1}]",webscrap/turmas_2026_raw.csv + dados/processados/turmas_2026.csv
2026-1-TCC00244-A1,2026-1,TCC00244,TÓPICOS EM BANCO DE DADOS I Pós: eScience,A1,A1,/graduacao/quadrodehorarios/turmas/100000447305,turma_e_encontros_exatos,,Ter 07:00-09:00; Qui 07:00-09:00,CC;SI,31;83,40,36,33,30,7,6,0,0,True,CC;SI,CC-OPT;SI-OPT,True,False,"[{""codigo_curso"":""31"",""curso"":""Ciência da Computação"",""vagas_regular"":33,""vagas_vestibulando"":0,""vagas"":33,""inscritos_regular"":30,""inscritos_vestibulando"":0,""inscritos"":30},{""codigo_curso"":""83"",""curso"":""Sistemas de Informação"",""vagas_regular"":7,""vagas_vestibulando"":0,""vagas"":7,""inscritos_regular"":6,""inscritos_vestibulando"":0,""inscritos"":6}]",webscrap/turmas_2026_raw.csv + dados/processados/turmas_2026.csv
2026-1-TCC00250-A1,2026-1,TCC00250,TÓPICOS EM ENGENHARIA DE SOFWARE I Pós: Game Analytics,A1,A1,/graduacao/quadrodehorarios/turmas/100000447308,turma_e_encontros_exatos,,Ter 11:00-13:00; Qui 11:00-13:00,CC;SI,31;41;83;97,39,27,27,22,10,3,2,2,True,CC;SI,CC-OPT;SI-OPT,True,False,"[{""codigo_curso"":""31"",""curso"":""Ciência da Computação"",""vagas_regular"":27,""vagas_vestibulando"":0,""vagas"":27,""inscritos_regular"":22,""inscritos_vestibulando"":0,""inscritos"":22},{""codigo_curso"":""83"",""curso"":""Sistemas de Informação"",""vagas_regular"":10,""vagas_vestibulando"":0,""vagas"":10,""inscritos_regular"":3,""inscritos_vestibulando"":0,""inscritos"":3},{""codigo_curso"":""97"",""curso"":""Disciplina Isolada"",""vagas_regular"":1,""vagas_vestibulando"":0,""vagas"":1,""inscritos_regular"":1,""inscritos_vestibulando"":0,""inscritos"":1},{""codigo_curso"":""41"",""curso"":""Engenharia de Telecomunicações"",""vagas_regular"":1,""vagas_vestibulando"":0,""vagas"":1,""inscritos_regular"":1,""inscritos_vestibulando"":0,""inscritos"":1}]",webscrap/turmas_2026_raw.csv + dados/processados/turmas_2026.csv
2026-1-TCC00251-A1,2026-1,TCC00251,TÓPICOS EM ENGENHARIA DE SOFWARE II Pós: Controle de Versão,A1,A1,/graduacao/quadrodehorarios/turmas/100000447674,turma_e_encontros_exatos,,Seg 07:00-09:00; Qua 07:00-09:00,CC;SI,31;83,10,3,5,2,5,1,0,0,True,CC;SI,CC-OPT;SI-OPT,True,False,"[{""codigo_curso"":""31"",""curso"":""Ciência da Computação"",""vagas_regular"":5,""vagas_vestibulando"":0,""vagas"":5,""inscritos_regular"":2,""inscritos_vestibulando"":0,""inscritos"":2},{""codigo_curso"":""83"",""curso"":""Sistemas de Informação"",""vagas_regular"":5,""vagas_vestibulando"":0,""vagas"":5,""inscritos_regular"":1,""inscritos_vestibulando"":0,""inscritos"":1}]",webscrap/turmas_2026_raw.csv + dados/processados/turmas_2026.csv
2026-1-TCC00253-A1,2026-1,TCC00253,TÓPICOS ESPECIAIS EM SISTEMAS DE PROGRAMAÇÃO I,A1,A1,/graduacao/quadrodehorarios/turmas/100000447809,turma_e_encontros_exatos,,Sex 18:00-22:00,CC;SI,31;83,46,43,13,12,33,31,0,0,True,CC;SI,CC-OPT;SI-OPT,True,False,"[{""codigo_curso"":""83"",""curso"":""Sistemas de Informação"",""vagas_regular"":33,""vagas_vestibulando"":0,""vagas"":33,""inscritos_regular"":31,""inscritos_vestibulando"":0,""inscritos"":31},{""codigo_curso"":""31"",""curso"":""Ciência da Computação"",""vagas_regular"":13,""vagas_vestibulando"":0,""vagas"":13,""inscritos_regular"":12,""inscritos_vestibulando"":0,""inscritos"":12}]",webscrap/turmas_2026_raw.csv + dados/processados/turmas_2026.csv
2026-1-TCC00259-A1,2026-1,TCC00259,TÓPICOS EM INTELIGÊNCIA ARTIFICIAL I Aprendizado Profundo,A1,A1,/graduacao/quadrodehorarios/turmas/100000447679,turma_e_encontros_exatos,,Ter 14:00-16:00; Qui 14:00-16:00,CC,31,30,11,30,11,0,0,0,0,False,CC;SI,CC-OPT;SI-OPT,True,False,"[{""codigo_curso"":""31"",""curso"":""Ciência da Computação"",""vagas_regular"":30,""vagas_vestibulando"":0,""vagas"":30,""inscritos_regular"":11,""inscritos_vestibulando"":0,""inscritos"":11}]",webscrap/turmas_2026_raw.csv + dados/processados/turmas_2026.csv
2026-1-TCC00260-A1,2026-1,TCC00260,TÓPICOS EM INTELIGÊNCIA ARTIFICIAL II Pós: Aprendizado de Máquina,A1,A1,/graduacao/quadrodehorarios/turmas/100000447681,turma_e_encontros_exatos,,Ter 09:00-11:00; Qui 09:00-11:00,CC;SI,31;83,24,20,21,19,3,1,0,0,True,CC;SI,CC-OPT;SI-OPT,True,False,"[{""codigo_curso"":""31"",""curso"":""Ciência da Computação"",""vagas_regular"":21,""vagas_vestibulando"":0,""vagas"":21,""inscritos_regular"":19,""inscritos_vestibulando"":0,""inscritos"":19},{""codigo_curso"":""83"",""curso"":""Sistemas de Informação"",""vagas_regular"":3,""vagas_vestibulando"":0,""vagas"":3,""inscritos_regular"":1,""inscritos_vestibulando"":0,""inscritos"":1}]",webscrap/turmas_2026_raw.csv + dados/processados/turmas_2026.csv
2026-1-TCC00271-A1,2026-1,TCC00271,TÓPICOS EM LINGUAGEM DE PROGRAMAÇÃO I,A1,A1,/graduacao/quadrodehorarios/turmas/100000447240,turma_e_encontros_exatos,,Seg 16:00-18:00; Qua 16:00-18:00,CC;SI,31;83,36,31,26,23,10,8,0,0,True,CC;SI,CC-OPT;SI-OPT,True,False,"[{""codigo_curso"":""31"",""curso"":""Ciência da Computação"",""vagas_regular"":26,""vagas_vestibulando"":0,""vagas"":26,""inscritos_regular"":23,""inscritos_vestibulando"":0,""inscritos"":23},{""codigo_curso"":""83"",""curso"":""Sistemas de Informação"",""vagas_regular"":10,""vagas_vestibulando"":0,""vagas"":10,""inscritos_regular"":8,""inscritos_vestibulando"":0,""inscritos"":8}]",webscrap/turmas_2026_raw.csv + dados/processados/turmas_2026.csv
2026-1-TCC00280-A1,2026-1,TCC00280,COMPUTAÇÃO E MEIO AMBIENTE,A1,A1,/graduacao/quadrodehorarios/turmas/100000447680,turma_e_encontros_exatos,,Seg 14:00-18:00,CC;SI,31;83,35,29,25,23,10,6,0,0,True,CC;SI,CC-OPT;SI-OPT,True,False,"[{""codigo_curso"":""31"",""curso"":""Ciência da Computação"",""vagas_regular"":25,""vagas_vestibulando"":0,""vagas"":25,""inscritos_regular"":23,""inscritos_vestibulando"":0,""inscritos"":23},{""codigo_curso"":""83"",""curso"":""Sistemas de Informação"",""vagas_regular"":10,""vagas_vestibulando"":0,""vagas"":10,""inscritos_regular"":6,""inscritos_vestibulando"":0,""inscritos"":6}]",webscrap/turmas_2026_raw.csv + dados/processados/turmas_2026.csv
2026-1-TCC00284-A1,2026-1,TCC00284,ALGORITMOS EM GRAFOS,A1,A1,/graduacao/quadrodehorarios/turmas/100000446962,turma_e_encontros_exatos,,Ter 07:00-09:00; Qui 07:00-09:00,CC,31,60,31,60,31,0,0,0,0,False,CC,CC-P6,False,True,"[{""codigo_curso"":""31"",""curso"":""Ciência da Computação"",""vagas_regular"":60,""vagas_vestibulando"":0,""vagas"":60,""inscritos_regular"":31,""inscritos_vestibulando"":0,""inscritos"":31}]",webscrap/turmas_2026_raw.csv + dados/processados/turmas_2026.csv
2026-1-TCC00285-A1,2026-1,TCC00285,ANÁLISE E PROJETO DE ALGORITMOS,A1,A1,/graduacao/quadrodehorarios/turmas/100000447035,turma_e_encontros_exatos,,Ter 11:00-13:00; Qui 11:00-13:00,CC,31,58,54,58,54,0,0,0,0,False,CC,CC-P5,False,True,"[{""codigo_curso"":""31"",""curso"":""Ciência da Computação"",""vagas_regular"":58,""vagas_vestibulando"":0,""vagas"":58,""inscritos_regular"":54,""inscritos_vestibulando"":0,""inscritos"":54}]",webscrap/turmas_2026_raw.csv + dados/processados/turmas_2026.csv
2026-1-TCC00285-B1,2026-1,TCC00285,ANÁLISE E PROJETO DE ALGORITMOS,B1,B1,/graduacao/quadrodehorarios/turmas/100000447036,turma_e_encontros_exatos,,Ter 11:00-13:00; Qui 11:00-13:00,CC,31,58,48,58,48,0,0,0,0,False,CC,CC-P5,False,True,"[{""codigo_curso"":""31"",""curso"":""Ciência da Computação"",""vagas_regular"":57,""vagas_vestibulando"":1,""vagas"":58,""inscritos_regular"":48,""inscritos_vestibulando"":0,""inscritos"":48}]",webscrap/turmas_2026_raw.csv + dados/processados/turmas_2026.csv
2026-1-TCC00286-A1,2026-1,TCC00286,ARQUITETURAS DE COMPUTADORES,A1,A1,/graduacao/quadrodehorarios/turmas/100000447037,turma_e_encontros_exatos,,Ter 09:00-11:00; Qui 09:00-11:00,CC,31,66,63,66,63,0,0,0,0,False,CC,CC-P3,False,True,"[{""codigo_curso"":""31"",""curso"":""Ciência da Computação"",""vagas_regular"":65,""vagas_vestibulando"":1,""vagas"":66,""inscritos_regular"":62,""inscritos_vestibulando"":1,""inscritos"":63}]",webscrap/turmas_2026_raw.csv + dados/processados/turmas_2026.csv
2026-1-TCC00287-A1,2026-1,TCC00287,BANCO DE DADOS I,A1,A1,/graduacao/quadrodehorarios/turmas/100000447042,turma_e_encontros_exatos,,Ter 07:00-09:00; Qui 07:00-09:00,CC,20;31;42,63,22,58,19,0,0,5,3,False,CC,CC-P4,False,True,"[{""codigo_curso"":""31"",""curso"":""Ciência da Computação"",""vagas_regular"":58,""vagas_vestibulando"":0,""vagas"":58,""inscritos_regular"":19,""inscritos_vestibulando"":0,""inscritos"":19},{""codigo_curso"":""20"",""curso"":""Matemática"",""vagas_regular"":3,""vagas_vestibulando"":0,""vagas"":3,""inscritos_regular"":1,""inscritos_vestibulando"":0,""inscritos"":1},{""codigo_curso"":""42"",""curso"":""Engenharia de Produção"",""vagas_regular"":2,""vagas_vestibulando"":0,""vagas"":2,""inscritos_regular"":2,""inscritos_vestibulando"":0,""inscritos"":2}]",webscrap/turmas_2026_raw.csv + dados/processados/turmas_2026.csv
2026-1-TCC00288-A1,2026-1,TCC00288,BANCO DE DADOS II,A1,A1,/graduacao/quadrodehorarios/turmas/100000447043,turma_e_encontros_exatos,,Seg 07:00-09:00; Qua 07:00-09:00,CC,20;31;83,84,78,76,72,6,6,2,0,True,CC,CC-P5,False,True,"[{""codigo_curso"":""31"",""curso"":""Ciência da Computação"",""vagas_regular"":76,""vagas_vestibulando"":0,""vagas"":76,""inscritos_regular"":72,""inscritos_vestibulando"":0,""inscritos"":72},{""codigo_curso"":""20"",""curso"":""Matemática"",""vagas_regular"":2,""vagas_vestibulando"":0,""vagas"":2,""inscritos_regular"":0,""inscritos_vestibulando"":0,""inscritos"":0},{""codigo_curso"":""83"",""curso"":""Sistemas de Informação"",""vagas_regular"":6,""vagas_vestibulando"":0,""vagas"":6,""inscritos_regular"":6,""inscritos_vestibulando"":0,""inscritos"":6}]",webscrap/turmas_2026_raw.csv + dados/processados/turmas_2026.csv
2026-1-TCC00289-A1,2026-1,TCC00289,COMPILADORES,A1,A1,/graduacao/quadrodehorarios/turmas/100000447044,turma_e_encontros_exatos,,Seg 09:00-11:00; Qua 09:00-11:00,CC;SI,31;83,61,54,60,54,1,0,0,0,True,CC,CC-P7,False,True,"[{""codigo_curso"":""31"",""curso"":""Ciência da Computação"",""vagas_regular"":60,""vagas_vestibulando"":0,""vagas"":60,""inscritos_regular"":54,""inscritos_vestibulando"":0,""inscritos"":54},{""codigo_curso"":""83"",""curso"":""Sistemas de Informação"",""vagas_regular"":1,""vagas_vestibulando"":0,""vagas"":1,""inscritos_regular"":0,""inscritos_vestibulando"":0,""inscritos"":0}]",webscrap/turmas_2026_raw.csv + dados/processados/turmas_2026.csv
2026-1-TCC00290-A1,2026-1,TCC00290,COMPUTAÇÃO E SOCIEDADE,A1,A1,/graduacao/quadrodehorarios/turmas/100000447045,turma_e_encontros_exatos,,Qui 11:00-13:00,CC,31,50,47,50,47,0,0,0,0,False,CC,CC-P8,False,True,"[{""codigo_curso"":""31"",""curso"":""Ciência da Computação"",""vagas_regular"":50,""vagas_vestibulando"":0,""vagas"":50,""inscritos_regular"":47,""inscritos_vestibulando"":0,""inscritos"":47}]",webscrap/turmas_2026_raw.csv + dados/processados/turmas_2026.csv
2026-1-TCC00291-A1,2026-1,TCC00291,COMPUTAÇÃO GRÁFICA,A1,A1,/graduacao/quadrodehorarios/turmas/100000447047,turma_e_encontros_exatos,,Seg 11:00-13:00; Qua 11:00-13:00,CC,20;31,51,40,50,39,0,0,1,1,False,CC,CC-P6,False,True,"[{""codigo_curso"":""31"",""curso"":""Ciência da Computação"",""vagas_regular"":50,""vagas_vestibulando"":0,""vagas"":50,""inscritos_regular"":39,""inscritos_vestibulando"":0,""inscritos"":39},{""codigo_curso"":""20"",""curso"":""Matemática"",""vagas_regular"":1,""vagas_vestibulando"":0,""vagas"":1,""inscritos_regular"":1,""inscritos_vestibulando"":0,""inscritos"":1}]",webscrap/turmas_2026_raw.csv + dados/processados/turmas_2026.csv
2026-1-TCC00292-A1,2026-1,TCC00292,ENGENHARIA DE SOFTWARE I,A1,A1,/graduacao/quadrodehorarios/turmas/100000447052,turma_e_encontros_exatos,,Seg 09:00-11:00; Qua 09:00-11:00,CC,31;83,66,37,60,32,6,5,0,0,True,CC,CC-P4,False,True,"[{""codigo_curso"":""31"",""curso"":""Ciência da Computação"",""vagas_regular"":60,""vagas_vestibulando"":0,""vagas"":60,""inscritos_regular"":32,""inscritos_vestibulando"":0,""inscritos"":32},{""codigo_curso"":""83"",""curso"":""Sistemas de Informação"",""vagas_regular"":6,""vagas_vestibulando"":0,""vagas"":6,""inscritos_regular"":5,""inscritos_vestibulando"":0,""inscritos"":5}]",webscrap/turmas_2026_raw.csv + dados/processados/turmas_2026.csv
2026-1-TCC00293-A1,2026-1,TCC00293,ENGENHARIA DE SOFTWARE II,A1,A1,/graduacao/quadrodehorarios/turmas/100000447053,turma_e_encontros_exatos,,Seg 09:00-11:00; Qua 09:00-11:00,CC,31,61,59,61,59,0,0,0,0,False,CC,CC-P6,False,True,"[{""codigo_curso"":""31"",""curso"":""Ciência da Computação"",""vagas_regular"":61,""vagas_vestibulando"":0,""vagas"":61,""inscritos_regular"":59,""inscritos_vestibulando"":0,""inscritos"":59}]",webscrap/turmas_2026_raw.csv + dados/processados/turmas_2026.csv
2026-1-TCC00296-A1,2026-1,TCC00296,FUNDAMENTOS DE ARQUITETURAS DE COMPUTADORES,A1,A1,/graduacao/quadrodehorarios/turmas/100000447059,turma_e_encontros_exatos,,Ter 14:00-16:00; Qui 14:00-16:00,CC,20;25;31,63,55,60,53,0,0,3,2,False,CC,CC-P1,False,True,"[{""codigo_curso"":""31"",""curso"":""Ciência da Computação"",""vagas_regular"":11,""vagas_vestibulando"":49,""vagas"":60,""inscritos_regular"":8,""inscritos_vestibulando"":45,""inscritos"":53},{""codigo_curso"":""25"",""curso"":""Física"",""vagas_regular"":1,""vagas_vestibulando"":0,""vagas"":1,""inscritos_regular"":1,""inscritos_vestibulando"":0,""inscritos"":1},{""codigo_curso"":""20"",""curso"":""Matemática"",""vagas_regular"":2,""vagas_vestibulando"":0,""vagas"":2,""inscritos_regular"":1,""inscritos_vestibulando"":0,""inscritos"":1}]",webscrap/turmas_2026_raw.csv + dados/processados/turmas_2026.csv
2026-1-TCC00296-B1,2026-1,TCC00296,FUNDAMENTOS DE ARQUITETURAS DE COMPUTADORES,B1,B1,/graduacao/quadrodehorarios/turmas/100000447060,turma_e_encontros_exatos,,Ter 07:00-09:00; Qui 07:00-09:00,CC,123;20;31;41,52,34,30,14,0,0,22,20,False,CC,CC-P1,False,True,"[{""codigo_curso"":""123"",""curso"":""Inteligência Artificial e Ciência de Dados"",""vagas_regular"":0,""vagas_vestibulando"":20,""vagas"":20,""inscritos_regular"":0,""inscritos_vestibulando"":18,""inscritos"":18},{""codigo_curso"":""31"",""curso"":""Ciência da Computação"",""vagas_regular"":20,""vagas_vestibulando"":10,""vagas"":30,""inscritos_regular"":13,""inscritos_vestibulando"":1,""inscritos"":14},{""codigo_curso"":""41"",""curso"":""Engenharia de Telecomunicações"",""vagas_regular"":0,""vagas_vestibulando"":1,""vagas"":1,""inscritos_regular"":0,""inscritos_vestibulando"":1,""inscritos"":1},{""codigo_curso"":""20"",""curso"":""Matemática"",""vagas_regular"":1,""vagas_vestibulando"":0,""vagas"":1,""inscritos_regular"":1,""inscritos_vestibulando"":0,""inscritos"":1}]",webscrap/turmas_2026_raw.csv + dados/processados/turmas_2026.csv
2026-1-TCC00297-A1,2026-1,TCC00297,INTELIGÊNCIA ARTIFICIAL,A1,A1,/graduacao/quadrodehorarios/turmas/100000447070,turma_e_encontros_exatos,,Ter 07:00-09:00; Qui 07:00-09:00,CC,20;31,68,64,66,63,0,0,2,1,False,CC,CC-P7,False,True,"[{""codigo_curso"":""31"",""curso"":""Ciência da Computação"",""vagas_regular"":66,""vagas_vestibulando"":0,""vagas"":66,""inscritos_regular"":63,""inscritos_vestibulando"":0,""inscritos"":63},{""codigo_curso"":""20"",""curso"":""Matemática"",""vagas_regular"":2,""vagas_vestibulando"":0,""vagas"":2,""inscritos_regular"":1,""inscritos_vestibulando"":0,""inscritos"":1}]",webscrap/turmas_2026_raw.csv + dados/processados/turmas_2026.csv
2026-1-TCC00298-A1,2026-1,TCC00298,INTERFACE HOMEM-MÁQUINA,A1,A1,/graduacao/quadrodehorarios/turmas/100000447071,turma_e_encontros_exatos,,Seg 11:00-13:00; Qua 11:00-13:00,CC,31;83,62,53,60,52,2,1,0,0,True,CC,CC-P7,False,True,"[{""codigo_curso"":""31"",""curso"":""Ciência da Computação"",""vagas_regular"":60,""vagas_vestibulando"":0,""vagas"":60,""inscritos_regular"":52,""inscritos_vestibulando"":0,""inscritos"":52},{""codigo_curso"":""83"",""curso"":""Sistemas de Informação"",""vagas_regular"":2,""vagas_vestibulando"":0,""vagas"":2,""inscritos_regular"":1,""inscritos_vestibulando"":0,""inscritos"":1}]",webscrap/turmas_2026_raw.csv + dados/processados/turmas_2026.csv
2026-1-TCC00301-AA,2026-1,TCC00301,LABORATÓRIO DE PROGRAMAÇÃO DE JOGOS,AA,AA,/graduacao/quadrodehorarios/turmas/100000447210,turma_e_encontros_exatos,,Ter 11:00-13:00,CC,31,35,33,35,33,0,0,0,0,False,CC;SI,CC-OPT;CC-P2;SI-OPT,True,True,"[{""codigo_curso"":""31"",""curso"":""Ciência da Computação"",""vagas_regular"":35,""vagas_vestibulando"":0,""vagas"":35,""inscritos_regular"":33,""inscritos_vestibulando"":0,""inscritos"":33}]",webscrap/turmas_2026_raw.csv + dados/processados/turmas_2026.csv
2026-1-TCC00301-BA,2026-1,TCC00301,LABORATÓRIO DE PROGRAMAÇÃO DE JOGOS,BA,BA,/graduacao/quadrodehorarios/turmas/100000447212,turma_e_encontros_exatos,,Qui 11:00-13:00,CC;SI,31;83,44,32,36,27,8,5,0,0,True,CC;SI,CC-OPT;CC-P2;SI-OPT,True,True,"[{""codigo_curso"":""31"",""curso"":""Ciência da Computação"",""vagas_regular"":35,""vagas_vestibulando"":1,""vagas"":36,""inscritos_regular"":26,""inscritos_vestibulando"":1,""inscritos"":27},{""codigo_curso"":""83"",""curso"":""Sistemas de Informação"",""vagas_regular"":8,""vagas_vestibulando"":0,""vagas"":8,""inscritos_regular"":5,""inscritos_vestibulando"":0,""inscritos"":5}]",webscrap/turmas_2026_raw.csv + dados/processados/turmas_2026.csv
2026-1-TCC00304-A1,2026-1,TCC00304,LINGUAGENS DE PROGRAMAÇÃO,A1,A1,/graduacao/quadrodehorarios/turmas/100000447074,turma_e_encontros_exatos,,Seg 11:00-13:00; Qua 11:00-13:00,CC,31,68,66,68,66,0,0,0,0,False,CC,CC-P4,False,True,"[{""codigo_curso"":""31"",""curso"":""Ciência da Computação"",""vagas_regular"":68,""vagas_vestibulando"":0,""vagas"":68,""inscritos_regular"":66,""inscritos_vestibulando"":0,""inscritos"":66}]",webscrap/turmas_2026_raw.csv + dados/processados/turmas_2026.csv
2026-1-TCC00305-A1,2026-1,TCC00305,LINGUAGENS FORMAIS E TEORIA DA COMPUTAÇÃO,A1,A1,/graduacao/quadrodehorarios/turmas/100000447075,turma_e_encontros_exatos,,Seg 07:00-09:00; Qua 07:00-09:00,CC,31,70,49,70,49,0,0,0,0,False,CC,CC-P6,False,True,"[{""codigo_curso"":""31"",""curso"":""Ciência da Computação"",""vagas_regular"":70,""vagas_vestibulando"":0,""vagas"":70,""inscritos_regular"":49,""inscritos_vestibulando"":0,""inscritos"":49}]",webscrap/turmas_2026_raw.csv + dados/processados/turmas_2026.csv
2026-1-TCC00306-A1,2026-1,TCC00306,MÉTODOS NUMÉRICOS,A1,A1,/graduacao/quadrodehorarios/turmas/100000447076,turma_e_encontros_exatos,,Ter 09:00-11:00; Qui 09:00-11:00,CC,20;31,46,34,41,30,0,0,5,4,False,CC,CC-P4,False,True,"[{""codigo_curso"":""31"",""curso"":""Ciência da Computação"",""vagas_regular"":41,""vagas_vestibulando"":0,""vagas"":41,""inscritos_regular"":30,""inscritos_vestibulando"":0,""inscritos"":30},{""codigo_curso"":""20"",""curso"":""Matemática"",""vagas_regular"":5,""vagas_vestibulando"":0,""vagas"":5,""inscritos_regular"":4,""inscritos_vestibulando"":0,""inscritos"":4}]",webscrap/turmas_2026_raw.csv + dados/processados/turmas_2026.csv
2026-1-TCC00307-B1A1,2026-1,TCC00307,PROGRAMAÇÃO CIENTÍFICA,B1A1,A1,/graduacao/quadrodehorarios/turmas/100000447080,turma_contida_e_encontros_contidos,,Ter 11:00-13:00; Qui 11:00-13:00,CC,20;31;50,59,53,52,47,0,0,7,6,False,CC,CC-P6,False,True,"[{""codigo_curso"":""31"",""curso"":""Ciência da Computação"",""vagas_regular"":52,""vagas_vestibulando"":0,""vagas"":52,""inscritos_regular"":47,""inscritos_vestibulando"":0,""inscritos"":47},{""codigo_curso"":""50"",""curso"":""Geofísica"",""vagas_regular"":6,""vagas_vestibulando"":0,""vagas"":6,""inscritos_regular"":5,""inscritos_vestibulando"":0,""inscritos"":5},{""codigo_curso"":""20"",""curso"":""Matemática"",""vagas_regular"":1,""vagas_vestibulando"":0,""vagas"":1,""inscritos_regular"":1,""inscritos_vestibulando"":0,""inscritos"":1}]",webscrap/turmas_2026_raw.csv + dados/processados/turmas_2026.csv
2026-1-TCC00308-A1,2026-1,TCC00308,PROGRAMAÇÃO DE COMPUTADORES I,A1,A1,/graduacao/quadrodehorarios/turmas/100000447085,turma_e_encontros_exatos,,Seg 16:00-18:00; Qua 16:00-18:00,CC,123;31,47,33,27,18,0,0,20,15,False,CC,CC-P1,False,True,"[{""codigo_curso"":""123"",""curso"":""Inteligência Artificial e Ciência de Dados"",""vagas_regular"":0,""vagas_vestibulando"":20,""vagas"":20,""inscritos_regular"":0,""inscritos_vestibulando"":15,""inscritos"":15},{""codigo_curso"":""31"",""curso"":""Ciência da Computação"",""vagas_regular"":11,""vagas_vestibulando"":16,""vagas"":27,""inscritos_regular"":3,""inscritos_vestibulando"":15,""inscritos"":18}]",webscrap/turmas_2026_raw.csv + dados/processados/turmas_2026.csv
2026-1-TCC00308-B1,2026-1,TCC00308,PROGRAMAÇÃO DE COMPUTADORES I,B1,B1,/graduacao/quadrodehorarios/turmas/100000447084,turma_e_encontros_exatos,,Seg 16:00-18:00; Qua 16:00-18:00,CC,31,49,40,49,40,0,0,0,0,False,CC,CC-P1,False,True,"[{""codigo_curso"":""31"",""curso"":""Ciência da Computação"",""vagas_regular"":18,""vagas_vestibulando"":31,""vagas"":49,""inscritos_regular"":9,""inscritos_vestibulando"":31,""inscritos"":40}]",webscrap/turmas_2026_raw.csv + dados/processados/turmas_2026.csv
2026-1-TCC00312-A1,2026-1,TCC00312,PROJETO DE SOFTWARE,A1,A1,/graduacao/quadrodehorarios/turmas/100000447095,turma_e_encontros_exatos,,Seg 11:00-13:00; Qua 11:00-13:00,CC,31,61,57,61,57,0,0,0,0,False,CC,CC-P5,False,True,"[{""codigo_curso"":""31"",""curso"":""Ciência da Computação"",""vagas_regular"":61,""vagas_vestibulando"":0,""vagas"":61,""inscritos_regular"":57,""inscritos_vestibulando"":0,""inscritos"":57}]",webscrap/turmas_2026_raw.csv + dados/processados/turmas_2026.csv
2026-1-TCC00313-A1,2026-1,TCC00313,REDES DE COMPUTADORES I,A1,A1,/graduacao/quadrodehorarios/turmas/100000447100,turma_e_encontros_exatos,,Ter 07:00-09:00; Qui 07:00-09:00,CC,31;83,62,59,61,59,1,0,0,0,True,CC,CC-P5,False,True,"[{""codigo_curso"":""31"",""curso"":""Ciência da Computação"",""vagas_regular"":61,""vagas_vestibulando"":0,""vagas"":61,""inscritos_regular"":59,""inscritos_vestibulando"":0,""inscritos"":59},{""codigo_curso"":""83"",""curso"":""Sistemas de Informação"",""vagas_regular"":1,""vagas_vestibulando"":0,""vagas"":1,""inscritos_regular"":0,""inscritos_vestibulando"":0,""inscritos"":0}]",webscrap/turmas_2026_raw.csv + dados/processados/turmas_2026.csv
2026-1-TCC00314-A1,2026-1,TCC00314,REDES DE COMPUTADORES II,A1,A1,/graduacao/quadrodehorarios/turmas/100000447101,turma_e_encontros_exatos,,Ter 09:00-11:00; Qui 09:00-11:00,CC,31;83,56,53,55,52,1,1,0,0,True,CC,CC-P6,False,True,"[{""codigo_curso"":""31"",""curso"":""Ciência da Computação"",""vagas_regular"":55,""vagas_vestibulando"":0,""vagas"":55,""inscritos_regular"":52,""inscritos_vestibulando"":0,""inscritos"":52},{""codigo_curso"":""83"",""curso"":""Sistemas de Informação"",""vagas_regular"":1,""vagas_vestibulando"":0,""vagas"":1,""inscritos_regular"":1,""inscritos_vestibulando"":0,""inscritos"":1}]",webscrap/turmas_2026_raw.csv + dados/processados/turmas_2026.csv
2026-1-TCC00315-A1,2026-1,TCC00315,SISTEMAS DISTRIBUÍDOS,A1,A1,/graduacao/quadrodehorarios/turmas/100000447105,turma_e_encontros_exatos,,Ter 11:00-13:00; Qui 11:00-13:00,CC,31,60,41,60,41,0,0,0,0,False,CC,CC-P7,False,True,"[{""codigo_curso"":""31"",""curso"":""Ciência da Computação"",""vagas_regular"":60,""vagas_vestibulando"":0,""vagas"":60,""inscritos_regular"":41,""inscritos_vestibulando"":0,""inscritos"":41}]",webscrap/turmas_2026_raw.csv + dados/processados/turmas_2026.csv
2026-1-TCC00316-A1,2026-1,TCC00316,SISTEMAS OPERACIONAIS,A1,A1,/graduacao/quadrodehorarios/turmas/100000447107,turma_e_encontros_exatos,,Ter 11:00-13:00; Qui 11:00-13:00,CC,31,60,44,60,44,0,0,0,0,False,CC,CC-P4,False,True,"[{""codigo_curso"":""31"",""curso"":""Ciência da Computação"",""vagas_regular"":60,""vagas_vestibulando"":0,""vagas"":60,""inscritos_regular"":44,""inscritos_vestibulando"":0,""inscritos"":44}]",webscrap/turmas_2026_raw.csv + dados/processados/turmas_2026.csv
2026-1-TCC00318-A1,2026-1,TCC00318,PESQUISA OPERACIONAL,A1,A1,/graduacao/quadrodehorarios/turmas/100000447078,turma_e_encontros_exatos,,Ter 09:00-11:00; Qui 09:00-11:00,CC,31,60,54,60,54,0,0,0,0,False,CC,CC-P7,False,True,"[{""codigo_curso"":""31"",""curso"":""Ciência da Computação"",""vagas_regular"":60,""vagas_vestibulando"":0,""vagas"":60,""inscritos_regular"":54,""inscritos_vestibulando"":0,""inscritos"":54}]",webscrap/turmas_2026_raw.csv + dados/processados/turmas_2026.csv
2026-1-TCC00324-A1,2026-1,TCC00324,GOVERNANÇA EM TECNOLOGIA DA INFORMAÇÃO,A1,A1,/graduacao/quadrodehorarios/turmas/100000447069,turma_e_encontros_exatos,,Seg 20:00-22:00; Qua 20:00-22:00,SI,41;60;83,54,33,0,0,51,31,3,2,False,SI,SI-P8,False,True,"[{""codigo_curso"":""83"",""curso"":""Sistemas de Informação"",""vagas_regular"":50,""vagas_vestibulando"":1,""vagas"":51,""inscritos_regular"":30,""inscritos_vestibulando"":1,""inscritos"":31},{""codigo_curso"":""60"",""curso"":""Ciência da Computação(Rio das Ostras)"",""vagas_regular"":2,""vagas_vestibulando"":0,""vagas"":2,""inscritos_regular"":1,""inscritos_vestibulando"":0,""inscritos"":1},{""codigo_curso"":""41"",""curso"":""Engenharia de Telecomunicações"",""vagas_regular"":1,""vagas_vestibulando"":0,""vagas"":1,""inscritos_regular"":1,""inscritos_vestibulando"":0,""inscritos"":1}]",webscrap/turmas_2026_raw.csv + dados/processados/turmas_2026.csv
2026-1-TCC00328-A1,2026-1,TCC00328,PROGRAMAÇÃO ORIENTADA A OBJETOS,A1,A1,/graduacao/quadrodehorarios/turmas/100000447092,turma_e_encontros_exatos,,Seg 11:00-13:00; Qua 11:00-13:00,CC,20;31;41;83,60,42,46,29,5,4,9,9,True,CC,CC-P3,False,True,"[{""codigo_curso"":""31"",""curso"":""Ciência da Computação"",""vagas_regular"":45,""vagas_vestibulando"":1,""vagas"":46,""inscritos_regular"":28,""inscritos_vestibulando"":1,""inscritos"":29},{""codigo_curso"":""83"",""curso"":""Sistemas de Informação"",""vagas_regular"":5,""vagas_vestibulando"":0,""vagas"":5,""inscritos_regular"":4,""inscritos_vestibulando"":0,""inscritos"":4},{""codigo_curso"":""41"",""curso"":""Engenharia de Telecomunicações"",""vagas_regular"":7,""vagas_vestibulando"":0,""vagas"":7,""inscritos_regular"":7,""inscritos_vestibulando"":0,""inscritos"":7},{""codigo_curso"":""20"",""curso"":""Matemática"",""vagas_regular"":2,""vagas_vestibulando"":0,""vagas"":2,""inscritos_regular"":2,""inscritos_vestibulando"":0,""inscritos"":2}]",webscrap/turmas_2026_raw.csv + dados/processados/turmas_2026.csv
2026-1-TCC00328-B1,2026-1,TCC00328,PROGRAMAÇÃO ORIENTADA A OBJETOS,B1,B1,/graduacao/quadrodehorarios/turmas/100000447090,turma_e_encontros_exatos,,Seg 16:00-18:00; Qua 16:00-18:00,CC,31;41;83,62,55,24,22,16,15,22,18,True,CC,CC-P3,False,True,"[{""codigo_curso"":""83"",""curso"":""Sistemas de Informação"",""vagas_regular"":16,""vagas_vestibulando"":0,""vagas"":16,""inscritos_regular"":15,""inscritos_vestibulando"":0,""inscritos"":15},{""codigo_curso"":""41"",""curso"":""Engenharia de Telecomunicações"",""vagas_regular"":22,""vagas_vestibulando"":0,""vagas"":22,""inscritos_regular"":18,""inscritos_vestibulando"":0,""inscritos"":18},{""codigo_curso"":""31"",""curso"":""Ciência da Computação"",""vagas_regular"":24,""vagas_vestibulando"":0,""vagas"":24,""inscritos_regular"":22,""inscritos_vestibulando"":0,""inscritos"":22}]",webscrap/turmas_2026_raw.csv + dados/processados/turmas_2026.csv
2026-1-TCC00328-C1,2026-1,TCC00328,PROGRAMAÇÃO ORIENTADA A OBJETOS,C1,C1,/graduacao/quadrodehorarios/turmas/100000447091,turma_e_encontros_exatos,,Seg 11:00-13:00; Qua 11:00-13:00,CC,20;31;41,50,18,15,3,0,0,35,15,False,CC,CC-P3,False,True,"[{""codigo_curso"":""20"",""curso"":""Matemática"",""vagas_regular"":2,""vagas_vestibulando"":0,""vagas"":2,""inscritos_regular"":0,""inscritos_vestibulando"":0,""inscritos"":0},{""codigo_curso"":""41"",""curso"":""Engenharia de Telecomunicações"",""vagas_regular"":33,""vagas_vestibulando"":0,""vagas"":33,""inscritos_regular"":15,""inscritos_vestibulando"":0,""inscritos"":15},{""codigo_curso"":""31"",""curso"":""Ciência da Computação"",""vagas_regular"":14,""vagas_vestibulando"":1,""vagas"":15,""inscritos_regular"":3,""inscritos_vestibulando"":0,""inscritos"":3}]",webscrap/turmas_2026_raw.csv + dados/processados/turmas_2026.csv
2026-1-TCC00330-A1,2026-1,TCC00330,MODELAGEM DE PROCESSOS DE NEGÓCIOS,A1,A1,/graduacao/quadrodehorarios/turmas/100000447077,turma_e_encontros_exatos,,Seg 18:00-20:00; Qua 18:00-20:00,SI,83,51,47,0,0,51,47,0,0,False,SI,SI-P7,False,True,"[{""codigo_curso"":""83"",""curso"":""Sistemas de Informação"",""vagas_regular"":51,""vagas_vestibulando"":0,""vagas"":51,""inscritos_regular"":47,""inscritos_vestibulando"":0,""inscritos"":47}]",webscrap/turmas_2026_raw.csv + dados/processados/turmas_2026.csv
2026-1-TCC00331-A1,2026-1,TCC00331,ESTRUTURAS DE DADOS PARA SI,A1,A1,/graduacao/quadrodehorarios/turmas/100000447057,turma_e_encontros_exatos,,Seg 18:00-20:00; Qua 18:00-20:00,SI,83,45,33,0,0,45,33,0,0,False,SI,SI-P3,False,True,"[{""codigo_curso"":""83"",""curso"":""Sistemas de Informação"",""vagas_regular"":40,""vagas_vestibulando"":5,""vagas"":45,""inscritos_regular"":33,""inscritos_vestibulando"":0,""inscritos"":33}]",webscrap/turmas_2026_raw.csv + dados/processados/turmas_2026.csv
2026-1-TCC00331-B1,2026-1,TCC00331,ESTRUTURAS DE DADOS PARA SI,B1,B1,/graduacao/quadrodehorarios/turmas/100000447056,turma_e_encontros_exatos,,Seg 18:00-20:00; Qua 18:00-20:00,SI,83,45,37,0,0,45,37,0,0,False,SI,SI-P3,False,True,"[{""codigo_curso"":""83"",""curso"":""Sistemas de Informação"",""vagas_regular"":45,""vagas_vestibulando"":0,""vagas"":45,""inscritos_regular"":37,""inscritos_vestibulando"":0,""inscritos"":37}]",webscrap/turmas_2026_raw.csv + dados/processados/turmas_2026.csv
2026-1-TCC00332-A1,2026-1,TCC00332,FUNDAMENTOS DE SISTEMAS DE INFORMAÇÃO,A1,A1,/graduacao/quadrodehorarios/turmas/100000447061,turma_e_encontros_exatos,,Ter 18:00-20:00; Qui 18:00-20:00,SI,31;41;83,43,37,1,0,41,36,1,1,True,SI,SI-P1,False,True,"[{""codigo_curso"":""83"",""curso"":""Sistemas de Informação"",""vagas_regular"":10,""vagas_vestibulando"":31,""vagas"":41,""inscritos_regular"":5,""inscritos_vestibulando"":31,""inscritos"":36},{""codigo_curso"":""31"",""curso"":""Ciência da Computação"",""vagas_regular"":1,""vagas_vestibulando"":0,""vagas"":1,""inscritos_regular"":0,""inscritos_vestibulando"":0,""inscritos"":0},{""codigo_curso"":""41"",""curso"":""Engenharia de Telecomunicações"",""vagas_regular"":1,""vagas_vestibulando"":0,""vagas"":1,""inscritos_regular"":1,""inscritos_vestibulando"":0,""inscritos"":1}]",webscrap/turmas_2026_raw.csv + dados/processados/turmas_2026.csv
2026-1-TCC00332-B1,2026-1,TCC00332,FUNDAMENTOS DE SISTEMAS DE INFORMAÇÃO,B1,B1,/graduacao/quadrodehorarios/turmas/100000447062,turma_e_encontros_exatos,,Ter 20:00-22:00; Qui 20:00-22:00,SI,83,40,31,0,0,40,31,0,0,False,SI,SI-P1,False,True,"[{""codigo_curso"":""83"",""curso"":""Sistemas de Informação"",""vagas_regular"":10,""vagas_vestibulando"":30,""vagas"":40,""inscritos_regular"":2,""inscritos_vestibulando"":29,""inscritos"":31}]",webscrap/turmas_2026_raw.csv + dados/processados/turmas_2026.csv
2026-1-TCC00334-A1,2026-1,TCC00334,PRINCÍPIOS DE BANCO DE DADOS,A1,A1,/graduacao/quadrodehorarios/turmas/100000447079,turma_e_encontros_exatos,,Seg 18:00-20:00; Qua 18:00-20:00,SI,14;31;83,63,61,1,1,61,59,1,1,True,SI,SI-P4,False,True,"[{""codigo_curso"":""83"",""curso"":""Sistemas de Informação"",""vagas_regular"":60,""vagas_vestibulando"":1,""vagas"":61,""inscritos_regular"":59,""inscritos_vestibulando"":0,""inscritos"":59},{""codigo_curso"":""14"",""curso"":""Arquivologia"",""vagas_regular"":1,""vagas_vestibulando"":0,""vagas"":1,""inscritos_regular"":1,""inscritos_vestibulando"":0,""inscritos"":1},{""codigo_curso"":""31"",""curso"":""Ciência da Computação"",""vagas_regular"":1,""vagas_vestibulando"":0,""vagas"":1,""inscritos_regular"":1,""inscritos_vestibulando"":0,""inscritos"":1}]",webscrap/turmas_2026_raw.csv + dados/processados/turmas_2026.csv
2026-1-TCC00335-A1,2026-1,TCC00335,PROJETO DE BANCO DE DADOS PARA SI,A1,A1,/graduacao/quadrodehorarios/turmas/100000447094,turma_e_encontros_exatos,,Ter 20:00-22:00; Qui 20:00-22:00,SI,31;83,58,47,5,1,53,46,0,0,True,SI,SI-P5,False,True,"[{""codigo_curso"":""83"",""curso"":""Sistemas de Informação"",""vagas_regular"":51,""vagas_vestibulando"":2,""vagas"":53,""inscritos_regular"":45,""inscritos_vestibulando"":1,""inscritos"":46},{""codigo_curso"":""31"",""curso"":""Ciência da Computação"",""vagas_regular"":5,""vagas_vestibulando"":0,""vagas"":5,""inscritos_regular"":1,""inscritos_vestibulando"":0,""inscritos"":1}]",webscrap/turmas_2026_raw.csv + dados/processados/turmas_2026.csv
2026-1-TCC00336-A1,2026-1,TCC00336,BANCOS DE DADOS NÃO CONVENCIONAIS,A1,A1,/graduacao/quadrodehorarios/turmas/100000447040,turma_e_encontros_exatos,,Seg 20:00-22:00; Qua 20:00-22:00,CC;SI,31;83,54,54,2,2,52,52,0,0,True,SI,SI-P6,False,True,"[{""codigo_curso"":""83"",""curso"":""Sistemas de Informação"",""vagas_regular"":52,""vagas_vestibulando"":0,""vagas"":52,""inscritos_regular"":52,""inscritos_vestibulando"":0,""inscritos"":52},{""codigo_curso"":""31"",""curso"":""Ciência da Computação"",""vagas_regular"":2,""vagas_vestibulando"":0,""vagas"":2,""inscritos_regular"":2,""inscritos_vestibulando"":0,""inscritos"":2}]",webscrap/turmas_2026_raw.csv + dados/processados/turmas_2026.csv
2026-1-TCC00336-Z1,2026-1,TCC00336,BANCOS DE DADOS NÃO CONVENCIONAIS,Z1,Z1,/graduacao/quadrodehorarios/turmas/100000447041,turma_e_encontros_exatos,,Ter 18:00-20:00; Qui 18:00-20:00,CC;SI,31;60;83;97,59,34,6,1,50,31,3,2,True,SI,SI-P6,False,True,"[{""codigo_curso"":""83"",""curso"":""Sistemas de Informação"",""vagas_regular"":50,""vagas_vestibulando"":0,""vagas"":50,""inscritos_regular"":31,""inscritos_vestibulando"":0,""inscritos"":31},{""codigo_curso"":""97"",""curso"":""Disciplina Isolada"",""vagas_regular"":1,""vagas_vestibulando"":0,""vagas"":1,""inscritos_regular"":1,""inscritos_vestibulando"":0,""inscritos"":1},{""codigo_curso"":""31"",""curso"":""Ciência da Computação"",""vagas_regular"":6,""vagas_vestibulando"":0,""vagas"":6,""inscritos_regular"":1,""inscritos_vestibulando"":0,""inscritos"":1},{""codigo_curso"":""60"",""curso"":""Ciência da Computação(Rio das Ostras)"",""vagas_regular"":2,""vagas_vestibulando"":0,""vagas"":2,""inscritos_regular"":1,""inscritos_vestibulando"":0,""inscritos"":1}]",webscrap/turmas_2026_raw.csv + dados/processados/turmas_2026.csv
2026-1-TCC00337-A1,2026-1,TCC00337,INTRODUÇÃO A INTERAÇÃO HUMANO-COMPUTADOR,A1,A1,/graduacao/quadrodehorarios/turmas/100000447072,turma_e_encontros_exatos,,Seg 18:00-20:00; Qua 18:00-20:00,SI,31;83,57,57,2,2,55,55,0,0,True,SI,SI-P5,False,True,"[{""codigo_curso"":""83"",""curso"":""Sistemas de Informação"",""vagas_regular"":55,""vagas_vestibulando"":0,""vagas"":55,""inscritos_regular"":55,""inscritos_vestibulando"":0,""inscritos"":55},{""codigo_curso"":""31"",""curso"":""Ciência da Computação"",""vagas_regular"":2,""vagas_vestibulando"":0,""vagas"":2,""inscritos_regular"":2,""inscritos_vestibulando"":0,""inscritos"":2}]",webscrap/turmas_2026_raw.csv + dados/processados/turmas_2026.csv
2026-1-TCC00338-A1,2026-1,TCC00338,PROJETO DE SOFTWARE,A1,A1,/graduacao/quadrodehorarios/turmas/100000447096,turma_e_encontros_exatos,,Ter 18:00-20:00; Qui 18:00-20:00,SI,31;83,52,48,1,1,51,47,0,0,True,SI,SI-P6,False,True,"[{""codigo_curso"":""83"",""curso"":""Sistemas de Informação"",""vagas_regular"":51,""vagas_vestibulando"":0,""vagas"":51,""inscritos_regular"":47,""inscritos_vestibulando"":0,""inscritos"":47},{""codigo_curso"":""31"",""curso"":""Ciência da Computação"",""vagas_regular"":1,""vagas_vestibulando"":0,""vagas"":1,""inscritos_regular"":1,""inscritos_vestibulando"":0,""inscritos"":1}]",webscrap/turmas_2026_raw.csv + dados/processados/turmas_2026.csv
2026-1-TCC00341-A1,2026-1,TCC00341,SEGURANÇA DA INFORMAÇÃO,A1,A1,/graduacao/quadrodehorarios/turmas/100000447102,turma_e_encontros_exatos,,Seg 20:00-22:00; Qua 20:00-22:00,SI,83,53,53,0,0,53,53,0,0,False,SI,SI-P7,False,True,"[{""codigo_curso"":""83"",""curso"":""Sistemas de Informação"",""vagas_regular"":53,""vagas_vestibulando"":0,""vagas"":53,""inscritos_regular"":53,""inscritos_vestibulando"":0,""inscritos"":53}]",webscrap/turmas_2026_raw.csv + dados/processados/turmas_2026.csv
2026-1-TCC00344-AA,2026-1,TCC00344,LABORATÓRIO DE PROGRAMAÇÃO PARALELA I,AA,AA,/graduacao/quadrodehorarios/turmas/100000447218,turma_e_encontros_exatos,,Seg 07:00-09:00; Qua 07:00-09:00,CC,31,60,48,60,48,0,0,0,0,False,CC,CC-P7,False,True,"[{""codigo_curso"":""31"",""curso"":""Ciência da Computação"",""vagas_regular"":60,""vagas_vestibulando"":0,""vagas"":60,""inscritos_regular"":48,""inscritos_vestibulando"":0,""inscritos"":48}]",webscrap/turmas_2026_raw.csv + dados/processados/turmas_2026.csv
2026-1-TCC00346-AA,2026-1,TCC00346,LABORATÓRIO DE RESOLUÇÃO DE PROBLEMAS,AA,AA,/graduacao/quadrodehorarios/turmas/100000447214,turma_e_encontros_exatos,,Ter 16:00-18:00,CC,31,35,34,35,34,0,0,0,0,False,CC,CC-P1,False,True,"[{""codigo_curso"":""31"",""curso"":""Ciência da Computação"",""vagas_regular"":5,""vagas_vestibulando"":30,""vagas"":35,""inscritos_regular"":4,""inscritos_vestibulando"":30,""inscritos"":34}]",webscrap/turmas_2026_raw.csv + dados/processados/turmas_2026.csv
2026-1-TCC00346-BA,2026-1,TCC00346,LABORATÓRIO DE RESOLUÇÃO DE PROBLEMAS,BA,BA,/graduacao/quadrodehorarios/turmas/100000447215,turma_e_encontros_exatos,,Qui 16:00-18:00,CC,31,35,25,35,25,0,0,0,0,False,CC,CC-P1,False,True,"[{""codigo_curso"":""31"",""curso"":""Ciência da Computação"",""vagas_regular"":15,""vagas_vestibulando"":20,""vagas"":35,""inscritos_regular"":9,""inscritos_vestibulando"":16,""inscritos"":25}]",webscrap/turmas_2026_raw.csv + dados/processados/turmas_2026.csv
2026-1-TCC00347-A1,2026-1,TCC00347,PROGRAMAÇÃO ESTRUTURADA,A1,A1,/graduacao/quadrodehorarios/turmas/100000447088,turma_e_encontros_exatos,,Ter 09:00-11:00; Qui 09:00-11:00,CC,31,45,43,45,43,0,0,0,0,False,CC,CC-P2,False,True,"[{""codigo_curso"":""31"",""curso"":""Ciência da Computação"",""vagas_regular"":43,""vagas_vestibulando"":2,""vagas"":45,""inscritos_regular"":42,""inscritos_vestibulando"":1,""inscritos"":43}]",webscrap/turmas_2026_raw.csv + dados/processados/turmas_2026.csv
2026-1-TCC00347-B1,2026-1,TCC00347,PROGRAMAÇÃO ESTRUTURADA,B1,B1,/graduacao/quadrodehorarios/turmas/100000447089,turma_e_encontros_exatos,,Ter 09:00-11:00; Qui 09:00-11:00,CC,31;37,47,46,45,44,0,0,2,2,False,CC,CC-P2,False,True,"[{""codigo_curso"":""31"",""curso"":""Ciência da Computação"",""vagas_regular"":43,""vagas_vestibulando"":2,""vagas"":45,""inscritos_regular"":43,""inscritos_vestibulando"":1,""inscritos"":44},{""codigo_curso"":""37"",""curso"":""Engenharia Civil"",""vagas_regular"":2,""vagas_vestibulando"":0,""vagas"":2,""inscritos_regular"":2,""inscritos_vestibulando"":0,""inscritos"":2}]",webscrap/turmas_2026_raw.csv + dados/processados/turmas_2026.csv
2026-1-TCC00347-X1,2026-1,TCC00347,PROGRAMAÇÃO ESTRUTURADA,X1,X1,/graduacao/quadrodehorarios/turmas/100000451291,turma_e_encontros_exatos,,Ter 09:00-11:00; Qui 09:00-11:00,CC,31;41;54,47,33,42,29,0,0,5,4,False,CC,CC-P2,False,True,"[{""codigo_curso"":""41"",""curso"":""Engenharia de Telecomunicações"",""vagas_regular"":0,""vagas_vestibulando"":1,""vagas"":1,""inscritos_regular"":0,""inscritos_vestibulando"":1,""inscritos"":1},{""codigo_curso"":""54"",""curso"":""Estatística"",""vagas_regular"":4,""vagas_vestibulando"":0,""vagas"":4,""inscritos_regular"":3,""inscritos_vestibulando"":0,""inscritos"":3},{""codigo_curso"":""31"",""curso"":""Ciência da Computação"",""vagas_regular"":42,""vagas_vestibulando"":0,""vagas"":42,""inscritos_regular"":29,""inscritos_vestibulando"":0,""inscritos"":29}]",webscrap/turmas_2026_raw.csv + dados/processados/turmas_2026.csv
2026-1-TCC00348-A1,2026-1,TCC00348,ESTRUTURAS DE DADOS E SEUS ALGORITMOS,A1,A1,/graduacao/quadrodehorarios/turmas/100000447054,turma_e_encontros_exatos,,Ter 11:00-13:00; Qui 11:00-13:00,CC,31,52,28,52,28,0,0,0,0,False,CC,CC-P3,False,True,"[{""codigo_curso"":""31"",""curso"":""Ciência da Computação"",""vagas_regular"":49,""vagas_vestibulando"":3,""vagas"":52,""inscritos_regular"":26,""inscritos_vestibulando"":2,""inscritos"":28}]",webscrap/turmas_2026_raw.csv + dados/processados/turmas_2026.csv
2026-1-TCC00348-B1,2026-1,TCC00348,ESTRUTURAS DE DADOS E SEUS ALGORITMOS,B1,B1,/graduacao/quadrodehorarios/turmas/100000447055,turma_e_encontros_exatos,,Ter 11:00-13:00; Qui 11:00-13:00,CC,31,41,40,41,40,0,0,0,0,False,CC,CC-P3,False,True,"[{""codigo_curso"":""31"",""curso"":""Ciência da Computação"",""vagas_regular"":41,""vagas_vestibulando"":0,""vagas"":41,""inscritos_regular"":40,""inscritos_vestibulando"":0,""inscritos"":40}]",webscrap/turmas_2026_raw.csv + dados/processados/turmas_2026.csv
2026-1-TCC00349-A1,2026-1,TCC00349,AVALIAÇÃO DE DESEMPENHO,A1,A1,/graduacao/quadrodehorarios/turmas/100000447039,turma_e_encontros_exatos,,Ter 09:00-11:00; Qui 09:00-11:00,CC,31,60,48,60,48,0,0,0,0,False,CC,CC-P5,False,True,"[{""codigo_curso"":""31"",""curso"":""Ciência da Computação"",""vagas_regular"":60,""vagas_vestibulando"":0,""vagas"":60,""inscritos_regular"":48,""inscritos_vestibulando"":0,""inscritos"":48}]",webscrap/turmas_2026_raw.csv + dados/processados/turmas_2026.csv
2026-1-TCC00354-A1,2026-1,TCC00354,FUNDAMENTOS MATEMÁTICOS PARA COMP.,A1,A1,/graduacao/quadrodehorarios/turmas/100000447067,turma_e_encontros_exatos,,Ter 18:00-20:00; Qui 18:00-20:00,SI,83,50,42,0,0,50,42,0,0,False,SI,SI-P1,False,True,"[{""codigo_curso"":""83"",""curso"":""Sistemas de Informação"",""vagas_regular"":20,""vagas_vestibulando"":30,""vagas"":50,""inscritos_regular"":15,""inscritos_vestibulando"":27,""inscritos"":42}]",webscrap/turmas_2026_raw.csv + dados/processados/turmas_2026.csv
2026-1-TCC00354-B1,2026-1,TCC00354,FUNDAMENTOS MATEMÁTICOS PARA COMP.,B1,B1,/graduacao/quadrodehorarios/turmas/100000447066,turma_e_encontros_exatos,,Ter 20:00-22:00; Qui 20:00-22:00,SI,41;83,46,35,0,0,45,34,1,1,False,SI,SI-P1,False,True,"[{""codigo_curso"":""83"",""curso"":""Sistemas de Informação"",""vagas_regular"":14,""vagas_vestibulando"":31,""vagas"":45,""inscritos_regular"":10,""inscritos_vestibulando"":24,""inscritos"":34},{""codigo_curso"":""41"",""curso"":""Engenharia de Telecomunicações"",""vagas_regular"":1,""vagas_vestibulando"":0,""vagas"":1,""inscritos_regular"":1,""inscritos_vestibulando"":0,""inscritos"":1}]",webscrap/turmas_2026_raw.csv + dados/processados/turmas_2026.csv
2026-1-TCC00355-EA,2026-1,TCC00355,LABORATÓRIO DE RESOLUÇÃO DE PROBLEMAS,EA,EA,/graduacao/quadrodehorarios/turmas/100000447231,turma_e_encontros_exatos,,Seg 20:00-22:00; Qua 20:00-22:00,SI,83,45,38,0,0,45,38,0,0,False,SI,SI-P1,False,True,"[{""codigo_curso"":""83"",""curso"":""Sistemas de Informação"",""vagas_regular"":16,""vagas_vestibulando"":29,""vagas"":45,""inscritos_regular"":12,""inscritos_vestibulando"":26,""inscritos"":38}]",webscrap/turmas_2026_raw.csv + dados/processados/turmas_2026.csv
2026-1-TCC00355-FA,2026-1,TCC00355,LABORATÓRIO DE RESOLUÇÃO DE PROBLEMAS,FA,FA,/graduacao/quadrodehorarios/turmas/100000447232,turma_e_encontros_exatos,,Seg 20:00-22:00; Qua 20:00-22:00,SI,41;83,45,35,0,0,44,34,1,1,False,SI,SI-P1,False,True,"[{""codigo_curso"":""83"",""curso"":""Sistemas de Informação"",""vagas_regular"":14,""vagas_vestibulando"":30,""vagas"":44,""inscritos_regular"":8,""inscritos_vestibulando"":26,""inscritos"":34},{""codigo_curso"":""41"",""curso"":""Engenharia de Telecomunicações"",""vagas_regular"":1,""vagas_vestibulando"":0,""vagas"":1,""inscritos_regular"":1,""inscritos_vestibulando"":0,""inscritos"":1}]",webscrap/turmas_2026_raw.csv + dados/processados/turmas_2026.csv
2026-1-TCC00356-A1,2026-1,TCC00356,PROGRAMAÇÃO DE COMPUTADORES II,A1,A1,/graduacao/quadrodehorarios/turmas/100000447086,turma_e_encontros_exatos,,Seg 18:00-20:00; Qua 18:00-20:00,SI,83,46,35,0,0,46,35,0,0,False,SI,SI-P2,False,True,"[{""codigo_curso"":""83"",""curso"":""Sistemas de Informação"",""vagas_regular"":40,""vagas_vestibulando"":6,""vagas"":46,""inscritos_regular"":30,""inscritos_vestibulando"":5,""inscritos"":35}]",webscrap/turmas_2026_raw.csv + dados/processados/turmas_2026.csv
2026-1-TCC00356-B1,2026-1,TCC00356,PROGRAMAÇÃO DE COMPUTADORES II,B1,B1,/graduacao/quadrodehorarios/turmas/100000447087,turma_e_encontros_exatos,,Seg 20:00-22:00; Qua 20:00-22:00,SI,83,46,34,0,0,46,34,0,0,False,SI,SI-P2,False,True,"[{""codigo_curso"":""83"",""curso"":""Sistemas de Informação"",""vagas_regular"":45,""vagas_vestibulando"":1,""vagas"":46,""inscritos_regular"":34,""inscritos_vestibulando"":0,""inscritos"":34}]",webscrap/turmas_2026_raw.csv + dados/processados/turmas_2026.csv
2026-1-TCC00357-A1,2026-1,TCC00357,PROGRAMAÇÃO ORIENTADA A OBJETOS I,A1,A1,/graduacao/quadrodehorarios/turmas/100000447093,turma_e_encontros_exatos,,Sex 18:00-22:00,SI,41;83,66,41,0,0,61,39,5,2,False,SI,SI-P4,False,True,"[{""codigo_curso"":""83"",""curso"":""Sistemas de Informação"",""vagas_regular"":60,""vagas_vestibulando"":1,""vagas"":61,""inscritos_regular"":39,""inscritos_vestibulando"":0,""inscritos"":39},{""codigo_curso"":""41"",""curso"":""Engenharia de Telecomunicações"",""vagas_regular"":5,""vagas_vestibulando"":0,""vagas"":5,""inscritos_regular"":2,""inscritos_vestibulando"":0,""inscritos"":2}]",webscrap/turmas_2026_raw.csv + dados/processados/turmas_2026.csv
2026-1-TCC00358-A1,2026-1,TCC00358,SISTEMAS COMPUTACIONAIS,A1,A1,/graduacao/quadrodehorarios/turmas/100000447103,turma_e_encontros_exatos,,Qui 18:00-22:00,SI,31;83,50,46,1,1,49,45,0,0,True,SI,SI-P3,False,True,"[{""codigo_curso"":""83"",""curso"":""Sistemas de Informação"",""vagas_regular"":47,""vagas_vestibulando"":2,""vagas"":49,""inscritos_regular"":45,""inscritos_vestibulando"":0,""inscritos"":45},{""codigo_curso"":""31"",""curso"":""Ciência da Computação"",""vagas_regular"":1,""vagas_vestibulando"":0,""vagas"":1,""inscritos_regular"":1,""inscritos_vestibulando"":0,""inscritos"":1}]",webscrap/turmas_2026_raw.csv + dados/processados/turmas_2026.csv
2026-1-TCC00358-B1,2026-1,TCC00358,SISTEMAS COMPUTACIONAIS,B1,B1,/graduacao/quadrodehorarios/turmas/100000447104,turma_e_encontros_exatos,,Qui 18:00-22:00,SI,83,50,39,0,0,50,39,0,0,False,SI,SI-P3,False,True,"[{""codigo_curso"":""83"",""curso"":""Sistemas de Informação"",""vagas_regular"":48,""vagas_vestibulando"":2,""vagas"":50,""inscritos_regular"":39,""inscritos_vestibulando"":0,""inscritos"":39}]",webscrap/turmas_2026_raw.csv + dados/processados/turmas_2026.csv
2026-1-TCC00359-A1,2026-1,TCC00359,REDES DE COMPUTADORES,A1,A1,/graduacao/quadrodehorarios/turmas/100000447099,turma_e_encontros_exatos,,Seg 20:00-22:00; Qua 20:00-22:00,SI,83,70,69,0,0,70,69,0,0,False,SI,SI-P4,False,True,"[{""codigo_curso"":""83"",""curso"":""Sistemas de Informação"",""vagas_regular"":70,""vagas_vestibulando"":0,""vagas"":70,""inscritos_regular"":69,""inscritos_vestibulando"":0,""inscritos"":69}]",webscrap/turmas_2026_raw.csv + dados/processados/turmas_2026.csv
2026-1-TCC00359-Z1,2026-1,TCC00359,REDES DE COMPUTADORES,Z1,Z1,/graduacao/quadrodehorarios/turmas/100000448455,turma_e_encontros_exatos,,Ter 14:00-16:00; Qui 14:00-16:00,SI,41;83,21,12,0,0,20,11,1,1,False,SI,SI-P4,False,True,"[{""codigo_curso"":""83"",""curso"":""Sistemas de Informação"",""vagas_regular"":20,""vagas_vestibulando"":0,""vagas"":20,""inscritos_regular"":11,""inscritos_vestibulando"":0,""inscritos"":11},{""codigo_curso"":""41"",""curso"":""Engenharia de Telecomunicações"",""vagas_regular"":1,""vagas_vestibulando"":0,""vagas"":1,""inscritos_regular"":1,""inscritos_vestibulando"":0,""inscritos"":1}]",webscrap/turmas_2026_raw.csv + dados/processados/turmas_2026.csv
2026-1-TCC00360-A1,2026-1,TCC00360,VISUALIZAÇÃO DE DADOS,A1,A1,/graduacao/quadrodehorarios/turmas/100000447108,turma_e_encontros_exatos,,Seg 18:00-20:00; Qua 18:00-20:00,SI,83,60,57,0,0,60,57,0,0,False,SI,SI-P6,False,True,"[{""codigo_curso"":""83"",""curso"":""Sistemas de Informação"",""vagas_regular"":60,""vagas_vestibulando"":0,""vagas"":60,""inscritos_regular"":57,""inscritos_vestibulando"":0,""inscritos"":57}]",webscrap/turmas_2026_raw.csv + dados/processados/turmas_2026.csv
2026-1-TCC00361-A1,2026-1,TCC00361,INTRODUÇÃO AO DESENVOLVIMENTO WEB,A1,A1,/graduacao/quadrodehorarios/turmas/100000447073,turma_e_encontros_exatos,,Ter 20:00-22:00; Qui 20:00-22:00,SI,83,41,41,0,0,41,41,0,0,False,SI,SI-P6,False,True,"[{""codigo_curso"":""83"",""curso"":""Sistemas de Informação"",""vagas_regular"":41,""vagas_vestibulando"":0,""vagas"":41,""inscritos_regular"":41,""inscritos_vestibulando"":0,""inscritos"":41}]",webscrap/turmas_2026_raw.csv + dados/processados/turmas_2026.csv
2026-1-TCC00362-A1,2026-1,TCC00362,SISTEMAS DISTRIBUÍDOS PARA SISTEMAS DE INFORMAÇÃO,A1,A1,/graduacao/quadrodehorarios/turmas/100000447106,turma_e_encontros_exatos,,Seg 20:00-22:00; Qua 20:00-22:00,SI,31;83,57,50,1,1,56,49,0,0,True,SI,SI-P5,False,True,"[{""codigo_curso"":""83"",""curso"":""Sistemas de Informação"",""vagas_regular"":55,""vagas_vestibulando"":1,""vagas"":56,""inscritos_regular"":49,""inscritos_vestibulando"":0,""inscritos"":49},{""codigo_curso"":""31"",""curso"":""Ciência da Computação"",""vagas_regular"":1,""vagas_vestibulando"":0,""vagas"":1,""inscritos_regular"":1,""inscritos_vestibulando"":0,""inscritos"":1}]",webscrap/turmas_2026_raw.csv + dados/processados/turmas_2026.csv
2026-1-TCC00363-A1,2026-1,TCC00363,GERÊNCIA DE PROJETOS E MANUT DE SOFTWARE,A1,A1,/graduacao/quadrodehorarios/turmas/100000447068,turma_e_encontros_exatos,,Ter 20:00-22:00; Qui 20:00-22:00,SI,83,54,50,0,0,54,50,0,0,False,SI,SI-P7,False,True,"[{""codigo_curso"":""83"",""curso"":""Sistemas de Informação"",""vagas_regular"":54,""vagas_vestibulando"":0,""vagas"":54,""inscritos_regular"":50,""inscritos_vestibulando"":0,""inscritos"":50}]",webscrap/turmas_2026_raw.csv + dados/processados/turmas_2026.csv
2026-1-TCC00365-A1,2026-1,TCC00365,QUALIDADE E TESTE DE SOFTWARE,A1,A1,/graduacao/quadrodehorarios/turmas/100000447098,turma_e_encontros_exatos,,Seg 18:00-20:00; Qua 18:00-20:00,SI,83,56,54,0,0,56,54,0,0,False,SI,SI-P8,False,True,"[{""codigo_curso"":""83"",""curso"":""Sistemas de Informação"",""vagas_regular"":56,""vagas_vestibulando"":0,""vagas"":56,""inscritos_regular"":54,""inscritos_vestibulando"":0,""inscritos"":54}]",webscrap/turmas_2026_raw.csv + dados/processados/turmas_2026.csv
2026-1-TCC00366-A1,2026-1,TCC00366,PROGRAMAÇÃO DE COMPUTADORES I,A1,A1,/graduacao/quadrodehorarios/turmas/100000447082,turma_e_encontros_exatos,,Seg 18:00-20:00; Qua 18:00-20:00,SI,20;83,46,27,0,0,45,26,1,1,False,SI,SI-P1,False,True,"[{""codigo_curso"":""83"",""curso"":""Sistemas de Informação"",""vagas_regular"":15,""vagas_vestibulando"":30,""vagas"":45,""inscritos_regular"":1,""inscritos_vestibulando"":25,""inscritos"":26},{""codigo_curso"":""20"",""curso"":""Matemática"",""vagas_regular"":1,""vagas_vestibulando"":0,""vagas"":1,""inscritos_regular"":1,""inscritos_vestibulando"":0,""inscritos"":1}]",webscrap/turmas_2026_raw.csv + dados/processados/turmas_2026.csv
2026-1-TCC00366-B1,2026-1,TCC00366,PROGRAMAÇÃO DE COMPUTADORES I,B1,B1,/graduacao/quadrodehorarios/turmas/100000447083,turma_e_encontros_exatos,,Seg 18:00-20:00; Qua 18:00-20:00,SI,83,45,36,0,0,45,36,0,0,False,SI,SI-P1,False,True,"[{""codigo_curso"":""83"",""curso"":""Sistemas de Informação"",""vagas_regular"":14,""vagas_vestibulando"":31,""vagas"":45,""inscritos_regular"":12,""inscritos_vestibulando"":24,""inscritos"":36}]",webscrap/turmas_2026_raw.csv + dados/processados/turmas_2026.csv
2026-1-TCC00368-A1,2026-1,TCC00368,PESQUISA OPERACIONAL PARA SISTEMAS DE INFORMAÇÃO,A1,A1,/graduacao/quadrodehorarios/turmas/100000447050,turma_e_encontros_exatos,,Sex 18:00-22:00,SI,31;83,61,58,2,2,59,56,0,0,True,,,False,False,"[{""codigo_curso"":""83"",""curso"":""Sistemas de Informação"",""vagas_regular"":59,""vagas_vestibulando"":0,""vagas"":59,""inscritos_regular"":56,""inscritos_vestibulando"":0,""inscritos"":56},{""codigo_curso"":""31"",""curso"":""Ciência da Computação"",""vagas_regular"":2,""vagas_vestibulando"":0,""vagas"":2,""inscritos_regular"":2,""inscritos_vestibulando"":0,""inscritos"":2}]",webscrap/turmas_2026_raw.csv + dados/processados/turmas_2026.csv
2026-1-TCC00371-A1,2026-1,TCC00371,ÉTICA EM INT. ARTIFICIAL E CIÊNCIA DE DADOS,A1,A1,/graduacao/quadrodehorarios/turmas/100000447058,turma_e_encontros_exatos,,Ter 09:00-11:00; Qui 09:00-11:00,CC,123;31;97,31,31,10,10,0,0,21,21,False,,,False,False,"[{""codigo_curso"":""31"",""curso"":""Ciência da Computação"",""vagas_regular"":10,""vagas_vestibulando"":0,""vagas"":10,""inscritos_regular"":10,""inscritos_vestibulando"":0,""inscritos"":10},{""codigo_curso"":""123"",""curso"":""Inteligência Artificial e Ciência de Dados"",""vagas_regular"":0,""vagas_vestibulando"":20,""vagas"":20,""inscritos_regular"":0,""inscritos_vestibulando"":20,""inscritos"":20},{""codigo_curso"":""97"",""curso"":""Disciplina Isolada"",""vagas_regular"":1,""vagas_vestibulando"":0,""vagas"":1,""inscritos_regular"":1,""inscritos_vestibulando"":0,""inscritos"":1}]",webscrap/turmas_2026_raw.csv + dados/processados/turmas_2026.csv
2026-2-TCC00194-SEM-TURMA,2026-2,TCC00194,BIOLOGIA COMPUTACIONAL (OPTATIVA),,A1,/graduacao/quadrodehorarios/turmas/100000462594,encontros_exatos,,Ter 16:00-18:00; Qui 16:00-18:00,CC,31,32,32,32,32,0,0,0,0,False,CC,CC-OPT,False,False,"[{""codigo_curso"":""31"",""curso"":""Ciência da Computação"",""vagas_regular"":32,""vagas_vestibulando"":0,""vagas"":32,""inscritos_regular"":32,""inscritos_vestibulando"":0,""inscritos"":32}]",webscrap/turmas_2026_raw.csv + dados/processados/turmas_2026.csv
2026-2-TCC00196-SEM-TURMA,2026-2,TCC00196,PROGRAMAÇÃO LINEAR INTEIRA - OTIMIZAÇÃO COMBINATÓRIA (GRAD. E PÓS),,A1,/graduacao/quadrodehorarios/turmas/100000462774,encontros_exatos,,Sex 14:00-18:00,CC,31,17,12,17,12,0,0,0,0,False,CC,CC-OPT,False,False,"[{""codigo_curso"":""31"",""curso"":""Ciência da Computação"",""vagas_regular"":17,""vagas_vestibulando"":0,""vagas"":17,""inscritos_regular"":12,""inscritos_vestibulando"":0,""inscritos"":12}]",webscrap/turmas_2026_raw.csv + dados/processados/turmas_2026.csv
2026-2-TCC00200-SEM-TURMA,2026-2,TCC00200,MINERAÇÃO DE DADOS (GRAD. E PÓS),,A1,/graduacao/quadrodehorarios/turmas/100000462775,encontros_exatos,,Seg 16:00-18:00; Qua 16:00-18:00,CC,31;83,15,10,9,6,6,4,0,0,True,CC,CC-OPT,False,False,"[{""codigo_curso"":""31"",""curso"":""Ciência da Computação"",""vagas_regular"":9,""vagas_vestibulando"":0,""vagas"":9,""inscritos_regular"":6,""inscritos_vestibulando"":0,""inscritos"":6},{""codigo_curso"":""83"",""curso"":""Sistemas de Informação"",""vagas_regular"":6,""vagas_vestibulando"":0,""vagas"":6,""inscritos_regular"":4,""inscritos_vestibulando"":0,""inscritos"":4}]",webscrap/turmas_2026_raw.csv + dados/processados/turmas_2026.csv
2026-2-TCC00203-SEM-TURMA,2026-2,TCC00203,ANÁLISE / PROCESSAMENTO DE IMAGENS (GRAD. E PÓS),,A1,/graduacao/quadrodehorarios/turmas/100000462780,encontros_exatos,,Seg 14:00-18:00,CC,31;83;97,19,12,13,11,5,0,1,1,True,CC,CC-OPT,False,False,"[{""codigo_curso"":""31"",""curso"":""Ciência da Computação"",""vagas_regular"":13,""vagas_vestibulando"":0,""vagas"":13,""inscritos_regular"":11,""inscritos_vestibulando"":0,""inscritos"":11},{""codigo_curso"":""83"",""curso"":""Sistemas de Informação"",""vagas_regular"":5,""vagas_vestibulando"":0,""vagas"":5,""inscritos_regular"":0,""inscritos_vestibulando"":0,""inscritos"":0},{""codigo_curso"":""97"",""curso"":""Disciplina Isolada"",""vagas_regular"":1,""vagas_vestibulando"":0,""vagas"":1,""inscritos_regular"":1,""inscritos_vestibulando"":0,""inscritos"":1}]",webscrap/turmas_2026_raw.csv + dados/processados/turmas_2026.csv
2026-2-TCC00222-A1,2026-2,TCC00222,COMPUTAÇÃO E SOCIEDADE PARA SI,A1,A1,/graduacao/quadrodehorarios/turmas/100000457762,turma_e_encontros_exatos,,Qui 18:00-22:00,SI,23;31;83,50,39,4,4,41,35,5,0,True,SI,SI-P8,False,True,"[{""codigo_curso"":""31"",""curso"":""Ciência da Computação"",""vagas_regular"":4,""vagas_vestibulando"":0,""vagas"":4,""inscritos_regular"":4,""inscritos_vestibulando"":0,""inscritos"":4},{""codigo_curso"":""23"",""curso"":""Administração"",""vagas_regular"":5,""vagas_vestibulando"":0,""vagas"":5,""inscritos_regular"":0,""inscritos_vestibulando"":0,""inscritos"":0},{""codigo_curso"":""83"",""curso"":""Sistemas de Informação"",""vagas_regular"":36,""vagas_vestibulando"":5,""vagas"":41,""inscritos_regular"":35,""inscritos_vestibulando"":0,""inscritos"":35}]",webscrap/turmas_2026_raw.csv + dados/processados/turmas_2026.csv
2026-2-TCC00225-A1,2026-2,TCC00225,ENGENHARIA DE SOFTWARE,A1,A1,/graduacao/quadrodehorarios/turmas/100000462001,turma_e_encontros_exatos,,Seg 18:00-20:00; Qua 18:00-20:00,SI,20;37;41;50;83,61,56,0,0,55,52,6,4,False,SI,SI-P5,False,True,"[{""codigo_curso"":""83"",""curso"":""Sistemas de Informação"",""vagas_regular"":53,""vagas_vestibulando"":2,""vagas"":55,""inscritos_regular"":52,""inscritos_vestibulando"":0,""inscritos"":52},{""codigo_curso"":""20"",""curso"":""Matemática"",""vagas_regular"":2,""vagas_vestibulando"":0,""vagas"":2,""inscritos_regular"":1,""inscritos_vestibulando"":0,""inscritos"":1},{""codigo_curso"":""41"",""curso"":""Engenharia de Telecomunicações"",""vagas_regular"":1,""vagas_vestibulando"":0,""vagas"":1,""inscritos_regular"":1,""inscritos_vestibulando"":0,""inscritos"":1},{""codigo_curso"":""37"",""curso"":""Engenharia Civil"",""vagas_regular"":1,""vagas_vestibulando"":0,""vagas"":1,""inscritos_regular"":1,""inscritos_vestibulando"":0,""inscritos"":1},{""codigo_curso"":""50"",""curso"":""Geofísica"",""vagas_regular"":2,""vagas_vestibulando"":0,""vagas"":2,""inscritos_regular"":1,""inscritos_vestibulando"":0,""inscritos"":1}]",webscrap/turmas_2026_raw.csv + dados/processados/turmas_2026.csv
2026-2-TCC00226-A1,2026-2,TCC00226,DESENVOLVIMENTO WEB,A1,A1,/graduacao/quadrodehorarios/turmas/100000457764,turma_e_encontros_exatos,,Seg 09:00-11:00; Qua 09:00-11:00,CC,31;41;97,62,62,60,60,0,0,2,2,False,CC,CC-P5,False,True,"[{""codigo_curso"":""41"",""curso"":""Engenharia de Telecomunicações"",""vagas_regular"":1,""vagas_vestibulando"":0,""vagas"":1,""inscritos_regular"":1,""inscritos_vestibulando"":0,""inscritos"":1},{""codigo_curso"":""97"",""curso"":""Disciplina Isolada"",""vagas_regular"":1,""vagas_vestibulando"":0,""vagas"":1,""inscritos_regular"":1,""inscritos_vestibulando"":0,""inscritos"":1},{""codigo_curso"":""31"",""curso"":""Ciência da Computação"",""vagas_regular"":60,""vagas_vestibulando"":0,""vagas"":60,""inscritos_regular"":60,""inscritos_vestibulando"":0,""inscritos"":60}]",webscrap/turmas_2026_raw.csv + dados/processados/turmas_2026.csv
2026-2-TCC00234-SEM-TURMA,2026-2,TCC00234,TÓPICOS EM ARQUITETURAS DE COMPUTADORES I (GRAD. E PÓS),,A1,/graduacao/quadrodehorarios/turmas/100000457760,encontros_exatos,,Seg 09:00-11:00; Qua 09:00-11:00,CC,31,10,10,10,10,0,0,0,0,False,CC;SI,CC-OPT;SI-OPT,True,False,"[{""codigo_curso"":""31"",""curso"":""Ciência da Computação"",""vagas_regular"":10,""vagas_vestibulando"":0,""vagas"":10,""inscritos_regular"":10,""inscritos_vestibulando"":0,""inscritos"":10}]",webscrap/turmas_2026_raw.csv + dados/processados/turmas_2026.csv
2026-2-TCC00237-A1,2026-2,TCC00237,TÓPICOS EM AUTOMAÇÃO I - ROBÓTICA E VEÍCULOS AUTÔNOMOS (GRAD. E PÓS),A1,A1,/graduacao/quadrodehorarios/turmas/100000462596,turma_e_encontros_exatos,,Seg 18:00-20:00; Qua 18:00-20:00,CC;SI,31;83,43,27,10,7,33,20,0,0,True,CC;SI,CC-OPT;SI-OPT,True,False,"[{""codigo_curso"":""83"",""curso"":""Sistemas de Informação"",""vagas_regular"":30,""vagas_vestibulando"":3,""vagas"":33,""inscritos_regular"":20,""inscritos_vestibulando"":0,""inscritos"":20},{""codigo_curso"":""31"",""curso"":""Ciência da Computação"",""vagas_regular"":10,""vagas_vestibulando"":0,""vagas"":10,""inscritos_regular"":7,""inscritos_vestibulando"":0,""inscritos"":7}]",webscrap/turmas_2026_raw.csv + dados/processados/turmas_2026.csv
2026-2-TCC00241-A1,2026-2,TCC00241,TÓPICOS EM COMPUTAÇÃO I - GRAFOS E SUAS APLICAÇÕES,A1,A1,/graduacao/quadrodehorarios/turmas/100000462767,turma_e_encontros_exatos,,Ter 18:00-20:00; Qui 18:00-20:00,CC;SI,31;41;83,39,35,6,6,32,28,1,1,True,CC;SI,CC-OPT;SI-OPT,True,False,"[{""codigo_curso"":""83"",""curso"":""Sistemas de Informação"",""vagas_regular"":29,""vagas_vestibulando"":3,""vagas"":32,""inscritos_regular"":28,""inscritos_vestibulando"":0,""inscritos"":28},{""codigo_curso"":""41"",""curso"":""Engenharia de Telecomunicações"",""vagas_regular"":1,""vagas_vestibulando"":0,""vagas"":1,""inscritos_regular"":1,""inscritos_vestibulando"":0,""inscritos"":1},{""codigo_curso"":""31"",""curso"":""Ciência da Computação"",""vagas_regular"":6,""vagas_vestibulando"":0,""vagas"":6,""inscritos_regular"":6,""inscritos_vestibulando"":0,""inscritos"":6}]",webscrap/turmas_2026_raw.csv + dados/processados/turmas_2026.csv
2026-2-TCC00242-SEM-TURMA,2026-2,TCC00242,TÓPICOS EM COMPUTAÇÃO II - ÁLGEBRA LINEAR COMPUTACIONAL (GRAD. E PÓS),,A1,/graduacao/quadrodehorarios/turmas/100000462772,encontros_exatos,,Seg 11:00-13:00; Qua 11:00-13:00,CC,20;31,21,16,20,15,0,0,1,1,False,CC;SI,CC-OPT;SI-OPT,True,False,"[{""codigo_curso"":""20"",""curso"":""Matemática"",""vagas_regular"":1,""vagas_vestibulando"":0,""vagas"":1,""inscritos_regular"":1,""inscritos_vestibulando"":0,""inscritos"":1},{""codigo_curso"":""31"",""curso"":""Ciência da Computação"",""vagas_regular"":20,""vagas_vestibulando"":0,""vagas"":20,""inscritos_regular"":15,""inscritos_vestibulando"":0,""inscritos"":15}]",webscrap/turmas_2026_raw.csv + dados/processados/turmas_2026.csv
2026-2-TCC00243-SEM-TURMA,2026-2,TCC00243,TÓPICOS EM COMPUTAÇÃO III - ALGORITMOS E COMPLEXIDADE DE PROBLEMAS (GRAD. E PÓS),,A1,/graduacao/quadrodehorarios/turmas/100000462773,encontros_exatos,,Ter 09:00-11:00; Qui 09:00-11:00,CC;SI,20;31;83,18,7,10,7,5,0,3,0,True,CC;SI,CC-OPT;SI-OPT,True,False,"[{""codigo_curso"":""31"",""curso"":""Ciência da Computação"",""vagas_regular"":10,""vagas_vestibulando"":0,""vagas"":10,""inscritos_regular"":7,""inscritos_vestibulando"":0,""inscritos"":7},{""codigo_curso"":""83"",""curso"":""Sistemas de Informação"",""vagas_regular"":5,""vagas_vestibulando"":0,""vagas"":5,""inscritos_regular"":0,""inscritos_vestibulando"":0,""inscritos"":0},{""codigo_curso"":""20"",""curso"":""Matemática"",""vagas_regular"":3,""vagas_vestibulando"":0,""vagas"":3,""inscritos_regular"":0,""inscritos_vestibulando"":0,""inscritos"":0}]",webscrap/turmas_2026_raw.csv + dados/processados/turmas_2026.csv
2026-2-TCC00245-SEM-TURMA,2026-2,TCC00245,TÓPICOS EM BANCO DE DADOS II - RASTREABILIDADE E GOVERNANÇA DE DADOS (GRAD. E PÓS),,A1,/graduacao/quadrodehorarios/turmas/100000462771,encontros_exatos,,Seg 18:00-20:00; Sex 20:00-22:00,CC;SI,31;83,19,16,15,13,4,3,0,0,True,CC;SI,CC-OPT;SI-OPT,True,False,"[{""codigo_curso"":""31"",""curso"":""Ciência da Computação"",""vagas_regular"":15,""vagas_vestibulando"":0,""vagas"":15,""inscritos_regular"":13,""inscritos_vestibulando"":0,""inscritos"":13},{""codigo_curso"":""83"",""curso"":""Sistemas de Informação"",""vagas_regular"":4,""vagas_vestibulando"":0,""vagas"":4,""inscritos_regular"":3,""inscritos_vestibulando"":0,""inscritos"":3}]",webscrap/turmas_2026_raw.csv + dados/processados/turmas_2026.csv
2026-2-TCC00252-SEM-TURMA,2026-2,TCC00252,TÓPICOS EM ENG DE SOFTWARE III - IA GENERATIVA (GRAD. E PÓS),,A1,/graduacao/quadrodehorarios/turmas/100000462770,encontros_exatos,,Seg 16:00-18:00; Qua 16:00-18:00,CC;SI,31;83,16,15,13,13,3,2,0,0,True,CC;SI,CC-OPT;SI-OPT,True,False,"[{""codigo_curso"":""31"",""curso"":""Ciência da Computação"",""vagas_regular"":13,""vagas_vestibulando"":0,""vagas"":13,""inscritos_regular"":13,""inscritos_vestibulando"":0,""inscritos"":13},{""codigo_curso"":""83"",""curso"":""Sistemas de Informação"",""vagas_regular"":3,""vagas_vestibulando"":0,""vagas"":3,""inscritos_regular"":2,""inscritos_vestibulando"":0,""inscritos"":2}]",webscrap/turmas_2026_raw.csv + dados/processados/turmas_2026.csv
2026-2-TCC00259-SEM-TURMA,2026-2,TCC00259,TÓPICOS EM IA I - APRENDIZADO PROFUNDO (GRAD. E PÓS),,A1,/graduacao/quadrodehorarios/turmas/100000462769,encontros_exatos,,Seg 16:00-18:00; Qua 16:00-18:00,CC,31,40,17,40,17,0,0,0,0,False,CC;SI,CC-OPT;SI-OPT,True,False,"[{""codigo_curso"":""31"",""curso"":""Ciência da Computação"",""vagas_regular"":40,""vagas_vestibulando"":0,""vagas"":40,""inscritos_regular"":17,""inscritos_vestibulando"":0,""inscritos"":17}]",webscrap/turmas_2026_raw.csv + dados/processados/turmas_2026.csv
2026-2-TCC00265-SEM-TURMA,2026-2,TCC00265,TÓPICOS EM INTERFACE HOMEM MÁQUINA (GRAD. E PÓS),,A1,/graduacao/quadrodehorarios/turmas/100000462768,encontros_exatos,,Seg 16:00-18:00; Qua 16:00-18:00,CC;SI,31;83,10,5,5,3,5,2,0,0,True,CC;SI,CC-OPT;SI-OPT,True,False,"[{""codigo_curso"":""31"",""curso"":""Ciência da Computação"",""vagas_regular"":5,""vagas_vestibulando"":0,""vagas"":5,""inscritos_regular"":3,""inscritos_vestibulando"":0,""inscritos"":3},{""codigo_curso"":""83"",""curso"":""Sistemas de Informação"",""vagas_regular"":5,""vagas_vestibulando"":0,""vagas"":5,""inscritos_regular"":2,""inscritos_vestibulando"":0,""inscritos"":2}]",webscrap/turmas_2026_raw.csv + dados/processados/turmas_2026.csv
2026-2-TCC00271-SEM-TURMA,2026-2,TCC00271,TÓPICOSS EM LINGUAGEM DE PROGRAMAÇÃO I - LÓGICA NEBULOSA (GRAD. E PÓS),,A1,/graduacao/quadrodehorarios/turmas/100000462779,encontros_exatos,,Seg 16:00-18:00; Qua 16:00-18:00,CC;SI,31;83,30,30,20,20,10,10,0,0,True,CC;SI,CC-OPT;SI-OPT,True,False,"[{""codigo_curso"":""31"",""curso"":""Ciência da Computação"",""vagas_regular"":20,""vagas_vestibulando"":0,""vagas"":20,""inscritos_regular"":20,""inscritos_vestibulando"":0,""inscritos"":20},{""codigo_curso"":""83"",""curso"":""Sistemas de Informação"",""vagas_regular"":10,""vagas_vestibulando"":0,""vagas"":10,""inscritos_regular"":10,""inscritos_vestibulando"":0,""inscritos"":10}]",webscrap/turmas_2026_raw.csv + dados/processados/turmas_2026.csv
2026-2-TCC00284-A1,2026-2,TCC00284,ALGORITMOS EM GRAFOS,A1,A1,/graduacao/quadrodehorarios/turmas/100000457653,turma_e_encontros_exatos,,Ter 09:00-11:00; Qui 09:00-11:00,CC,31,60,60,60,60,0,0,0,0,False,CC,CC-P6,False,True,"[{""codigo_curso"":""31"",""curso"":""Ciência da Computação"",""vagas_regular"":60,""vagas_vestibulando"":0,""vagas"":60,""inscritos_regular"":60,""inscritos_vestibulando"":0,""inscritos"":60}]",webscrap/turmas_2026_raw.csv + dados/processados/turmas_2026.csv
2026-2-TCC00285-A1,2026-2,TCC00285,ANÁLISE E PROJETO DE ALGORITMOS,A1,A1,/graduacao/quadrodehorarios/turmas/100000457654,turma_e_encontros_exatos,,Ter 11:00-13:00; Qui 11:00-13:00,CC,31,50,50,50,50,0,0,0,0,False,CC,CC-P5,False,True,"[{""codigo_curso"":""31"",""curso"":""Ciência da Computação"",""vagas_regular"":50,""vagas_vestibulando"":0,""vagas"":50,""inscritos_regular"":50,""inscritos_vestibulando"":0,""inscritos"":50}]",webscrap/turmas_2026_raw.csv + dados/processados/turmas_2026.csv
2026-2-TCC00285-X1,2026-2,TCC00285,ANÁLISE E PROJETO DE ALGORITMOS,X1,X1,/graduacao/quadrodehorarios/turmas/100000464007,turma_e_encontros_exatos,,Ter 11:00-13:00; Qui 11:00-13:00,CC,31,45,25,45,25,0,0,0,0,False,CC,CC-P5,False,True,"[{""codigo_curso"":""31"",""curso"":""Ciência da Computação"",""vagas_regular"":45,""vagas_vestibulando"":0,""vagas"":45,""inscritos_regular"":25,""inscritos_vestibulando"":0,""inscritos"":25}]",webscrap/turmas_2026_raw.csv + dados/processados/turmas_2026.csv
2026-2-TCC00286-A1,2026-2,TCC00286,ARQUITETURAS DE COMPUTADORES,A1,A1,/graduacao/quadrodehorarios/turmas/100000457655,turma_e_encontros_exatos,,Ter 09:00-11:00; Qui 09:00-11:00,CC,31,50,50,50,50,0,0,0,0,False,CC,CC-P3,False,True,"[{""codigo_curso"":""31"",""curso"":""Ciência da Computação"",""vagas_regular"":50,""vagas_vestibulando"":0,""vagas"":50,""inscritos_regular"":50,""inscritos_vestibulando"":0,""inscritos"":50}]",webscrap/turmas_2026_raw.csv + dados/processados/turmas_2026.csv
2026-2-TCC00286-B1,2026-2,TCC00286,ARQUITETURAS DE COMPUTADORES,B1,B1,/graduacao/quadrodehorarios/turmas/100000457656,turma_e_encontros_exatos,,Ter 09:00-11:00; Qui 09:00-11:00,CC,31;37;60,50,47,48,45,0,0,2,2,False,CC,CC-P3,False,True,"[{""codigo_curso"":""31"",""curso"":""Ciência da Computação"",""vagas_regular"":46,""vagas_vestibulando"":2,""vagas"":48,""inscritos_regular"":43,""inscritos_vestibulando"":2,""inscritos"":45},{""codigo_curso"":""37"",""curso"":""Engenharia Civil"",""vagas_regular"":1,""vagas_vestibulando"":0,""vagas"":1,""inscritos_regular"":1,""inscritos_vestibulando"":0,""inscritos"":1},{""codigo_curso"":""60"",""curso"":""Ciência da Computação(Rio das Ostras)"",""vagas_regular"":1,""vagas_vestibulando"":0,""vagas"":1,""inscritos_regular"":1,""inscritos_vestibulando"":0,""inscritos"":1}]",webscrap/turmas_2026_raw.csv + dados/processados/turmas_2026.csv
2026-2-TCC00287-A1,2026-2,TCC00287,BANCO DE DADOS I,A1,A1,/graduacao/quadrodehorarios/turmas/100000457659,turma_e_encontros_exatos,,Ter 07:00-09:00; Qui 07:00-09:00,CC,20;27;31;41;42;54,60,57,52,52,0,0,8,5,False,CC,CC-P4,False,True,"[{""codigo_curso"":""41"",""curso"":""Engenharia de Telecomunicações"",""vagas_regular"":2,""vagas_vestibulando"":0,""vagas"":2,""inscritos_regular"":2,""inscritos_vestibulando"":0,""inscritos"":2},{""codigo_curso"":""42"",""curso"":""Engenharia de Produção"",""vagas_regular"":2,""vagas_vestibulando"":0,""vagas"":2,""inscritos_regular"":1,""inscritos_vestibulando"":0,""inscritos"":1},{""codigo_curso"":""27"",""curso"":""Engenharia Química"",""vagas_regular"":1,""vagas_vestibulando"":0,""vagas"":1,""inscritos_regular"":0,""inscritos_vestibulando"":0,""inscritos"":0},{""codigo_curso"":""54"",""curso"":""Estatística"",""vagas_regular"":1,""vagas_vestibulando"":0,""vagas"":1,""inscritos_regular"":1,""inscritos_vestibulando"":0,""inscritos"":1},{""codigo_curso"":""20"",""curso"":""Matemática"",""vagas_regular"":2,""vagas_vestibulando"":0,""vagas"":2,""inscritos_regular"":1,""inscritos_vestibulando"":0,""inscritos"":1},{""codigo_curso"":""31"",""curso"":""Ciência da Computação"",""vagas_regular"":52,""vagas_vestibulando"":0,""vagas"":52,""inscritos_regular"":52,""inscritos_vestibulando"":0,""inscritos"":52}]",webscrap/turmas_2026_raw.csv + dados/processados/turmas_2026.csv
2026-2-TCC00288-A1,2026-2,TCC00288,BANCO DE DADOS II,A1,A1,/graduacao/quadrodehorarios/turmas/100000457660,turma_e_encontros_exatos,,Seg 07:00-09:00; Qua 07:00-09:00,CC,31;97,61,61,60,60,0,0,1,1,False,CC,CC-P5,False,True,"[{""codigo_curso"":""31"",""curso"":""Ciência da Computação"",""vagas_regular"":60,""vagas_vestibulando"":0,""vagas"":60,""inscritos_regular"":60,""inscritos_vestibulando"":0,""inscritos"":60},{""codigo_curso"":""97"",""curso"":""Disciplina Isolada"",""vagas_regular"":1,""vagas_vestibulando"":0,""vagas"":1,""inscritos_regular"":1,""inscritos_vestibulando"":0,""inscritos"":1}]",webscrap/turmas_2026_raw.csv + dados/processados/turmas_2026.csv
2026-2-TCC00289-A1,2026-2,TCC00289,COMPILADORES,A1,A1,/graduacao/quadrodehorarios/turmas/100000457661,turma_e_encontros_exatos,,Seg 09:00-11:00; Qua 09:00-11:00,CC,27;31,60,53,59,53,0,0,1,0,False,CC,CC-P7,False,True,"[{""codigo_curso"":""31"",""curso"":""Ciência da Computação"",""vagas_regular"":59,""vagas_vestibulando"":0,""vagas"":59,""inscritos_regular"":53,""inscritos_vestibulando"":0,""inscritos"":53},{""codigo_curso"":""27"",""curso"":""Engenharia Química"",""vagas_regular"":1,""vagas_vestibulando"":0,""vagas"":1,""inscritos_regular"":0,""inscritos_vestibulando"":0,""inscritos"":0}]",webscrap/turmas_2026_raw.csv + dados/processados/turmas_2026.csv
2026-2-TCC00290-A1,2026-2,TCC00290,COMPUTAÇÃO E SOCIEDADE,A1,A1,/graduacao/quadrodehorarios/turmas/100000457761,turma_e_encontros_exatos,,Qui 11:00-13:00,CC,31,55,54,55,54,0,0,0,0,False,CC,CC-P8,False,True,"[{""codigo_curso"":""31"",""curso"":""Ciência da Computação"",""vagas_regular"":55,""vagas_vestibulando"":0,""vagas"":55,""inscritos_regular"":54,""inscritos_vestibulando"":0,""inscritos"":54}]",webscrap/turmas_2026_raw.csv + dados/processados/turmas_2026.csv
2026-2-TCC00291-A1,2026-2,TCC00291,COMPUTAÇÃO GRÁFICA,A1,A1,/graduacao/quadrodehorarios/turmas/100000457763,turma_e_encontros_exatos,,Seg 11:00-13:00; Qua 11:00-13:00,CC,20;31;83,62,61,60,60,1,0,1,1,True,CC,CC-P6,False,True,"[{""codigo_curso"":""31"",""curso"":""Ciência da Computação"",""vagas_regular"":60,""vagas_vestibulando"":0,""vagas"":60,""inscritos_regular"":60,""inscritos_vestibulando"":0,""inscritos"":60},{""codigo_curso"":""83"",""curso"":""Sistemas de Informação"",""vagas_regular"":1,""vagas_vestibulando"":0,""vagas"":1,""inscritos_regular"":0,""inscritos_vestibulando"":0,""inscritos"":0},{""codigo_curso"":""20"",""curso"":""Matemática"",""vagas_regular"":1,""vagas_vestibulando"":0,""vagas"":1,""inscritos_regular"":1,""inscritos_vestibulando"":0,""inscritos"":1}]",webscrap/turmas_2026_raw.csv + dados/processados/turmas_2026.csv
2026-2-TCC00292-A1,2026-2,TCC00292,ENGENHARIA DE SOFTWARE I,A1,A1,/graduacao/quadrodehorarios/turmas/100000462002,turma_e_encontros_exatos,,Seg 09:00-11:00; Qua 09:00-11:00,CC,31,60,60,60,60,0,0,0,0,False,CC,CC-P4,False,True,"[{""codigo_curso"":""31"",""curso"":""Ciência da Computação"",""vagas_regular"":60,""vagas_vestibulando"":0,""vagas"":60,""inscritos_regular"":60,""inscritos_vestibulando"":0,""inscritos"":60}]",webscrap/turmas_2026_raw.csv + dados/processados/turmas_2026.csv
2026-2-TCC00293-A1,2026-2,TCC00293,ENGENHARIA DE SOFTWARE II,A1,A1,/graduacao/quadrodehorarios/turmas/100000462003,turma_e_encontros_exatos,,Seg 07:00-09:00; Qua 07:00-09:00,CC,31;83,60,60,55,55,5,5,0,0,True,CC,CC-P6,False,True,"[{""codigo_curso"":""31"",""curso"":""Ciência da Computação"",""vagas_regular"":55,""vagas_vestibulando"":0,""vagas"":55,""inscritos_regular"":55,""inscritos_vestibulando"":0,""inscritos"":55},{""codigo_curso"":""83"",""curso"":""Sistemas de Informação"",""vagas_regular"":5,""vagas_vestibulando"":0,""vagas"":5,""inscritos_regular"":5,""inscritos_vestibulando"":0,""inscritos"":5}]",webscrap/turmas_2026_raw.csv + dados/processados/turmas_2026.csv
2026-2-TCC00296-A1,2026-2,TCC00296,FUNDAMENTOS DE ARQUITETURAS DE COMPUTADORES,A1,A1,/graduacao/quadrodehorarios/turmas/100000462015,turma_e_encontros_exatos,,Ter 07:00-09:00; Qui 07:00-09:00,CC,123;25;31;41,52,38,21,15,0,0,31,23,False,CC,CC-P1,False,True,"[{""codigo_curso"":""31"",""curso"":""Ciência da Computação"",""vagas_regular"":21,""vagas_vestibulando"":0,""vagas"":21,""inscritos_regular"":15,""inscritos_vestibulando"":0,""inscritos"":15},{""codigo_curso"":""123"",""curso"":""Inteligência Artificial e Ciência de Dados"",""vagas_regular"":8,""vagas_vestibulando"":20,""vagas"":28,""inscritos_regular"":5,""inscritos_vestibulando"":17,""inscritos"":22},{""codigo_curso"":""41"",""curso"":""Engenharia de Telecomunicações"",""vagas_regular"":2,""vagas_vestibulando"":0,""vagas"":2,""inscritos_regular"":1,""inscritos_vestibulando"":0,""inscritos"":1},{""codigo_curso"":""25"",""curso"":""Física"",""vagas_regular"":1,""vagas_vestibulando"":0,""vagas"":1,""inscritos_regular"":0,""inscritos_vestibulando"":0,""inscritos"":0}]",webscrap/turmas_2026_raw.csv + dados/processados/turmas_2026.csv
2026-2-TCC00296-B1,2026-2,TCC00296,FUNDAMENTOS DE ARQUITETURAS DE COMPUTADORES,B1,B1,/graduacao/quadrodehorarios/turmas/100000462020,turma_e_encontros_exatos,,Ter 14:00-16:00; Qui 14:00-16:00,CC,123;25;31;40;41,57,56,53,52,0,0,4,4,False,CC,CC-P1,False,True,"[{""codigo_curso"":""40"",""curso"":""Engenharia Mecânica"",""vagas_regular"":1,""vagas_vestibulando"":0,""vagas"":1,""inscritos_regular"":1,""inscritos_vestibulando"":0,""inscritos"":1},{""codigo_curso"":""31"",""curso"":""Ciência da Computação"",""vagas_regular"":8,""vagas_vestibulando"":45,""vagas"":53,""inscritos_regular"":7,""inscritos_vestibulando"":45,""inscritos"":52},{""codigo_curso"":""41"",""curso"":""Engenharia de Telecomunicações"",""vagas_regular"":1,""vagas_vestibulando"":0,""vagas"":1,""inscritos_regular"":1,""inscritos_vestibulando"":0,""inscritos"":1},{""codigo_curso"":""123"",""curso"":""Inteligência Artificial e Ciência de Dados"",""vagas_regular"":0,""vagas_vestibulando"":1,""vagas"":1,""inscritos_regular"":0,""inscritos_vestibulando"":1,""inscritos"":1},{""codigo_curso"":""25"",""curso"":""Física"",""vagas_regular"":1,""vagas_vestibulando"":0,""vagas"":1,""inscritos_regular"":1,""inscritos_vestibulando"":0,""inscritos"":1}]",webscrap/turmas_2026_raw.csv + dados/processados/turmas_2026.csv
2026-2-TCC00297-A1,2026-2,TCC00297,INTELIGÊNCIA ARTIFICIAL,A1,A1,/graduacao/quadrodehorarios/turmas/100000462039,turma_e_encontros_exatos,,Ter 11:00-13:00; Qui 11:00-13:00,CC,31;37,61,28,60,27,0,0,1,1,False,CC,CC-P7,False,True,"[{""codigo_curso"":""31"",""curso"":""Ciência da Computação"",""vagas_regular"":60,""vagas_vestibulando"":0,""vagas"":60,""inscritos_regular"":27,""inscritos_vestibulando"":0,""inscritos"":27},{""codigo_curso"":""37"",""curso"":""Engenharia Civil"",""vagas_regular"":1,""vagas_vestibulando"":0,""vagas"":1,""inscritos_regular"":1,""inscritos_vestibulando"":0,""inscritos"":1}]",webscrap/turmas_2026_raw.csv + dados/processados/turmas_2026.csv
2026-2-TCC00298-A1,2026-2,TCC00298,INTERFACE HOMEM MAQUINA,A1,A1,/graduacao/quadrodehorarios/turmas/100000462040,turma_e_encontros_exatos,,Seg 11:00-13:00; Qua 11:00-13:00,CC,31,60,50,60,50,0,0,0,0,False,CC,CC-P7,False,True,"[{""codigo_curso"":""31"",""curso"":""Ciência da Computação"",""vagas_regular"":60,""vagas_vestibulando"":0,""vagas"":60,""inscritos_regular"":50,""inscritos_vestibulando"":0,""inscritos"":50}]",webscrap/turmas_2026_raw.csv + dados/processados/turmas_2026.csv
2026-2-TCC00301-A-A/B-A,2026-2,TCC00301,LAB. DE PROGRAMAÇÃO DE JOGOS,A-A/B-A,AA,/graduacao/quadrodehorarios/turmas/100000462109,turma_contida_e_encontros_contidos,,Ter 11:00-13:00,CC,31,35,35,35,35,0,0,0,0,False,CC;SI,CC-OPT;CC-P2;SI-OPT,True,True,"[{""codigo_curso"":""31"",""curso"":""Ciência da Computação"",""vagas_regular"":35,""vagas_vestibulando"":0,""vagas"":35,""inscritos_regular"":35,""inscritos_vestibulando"":0,""inscritos"":35}]",webscrap/turmas_2026_raw.csv + dados/processados/turmas_2026.csv
2026-2-TCC00301-A-A/B-A,2026-2,TCC00301,LAB. DE PROGRAMAÇÃO DE JOGOS,A-A/B-A,BA,/graduacao/quadrodehorarios/turmas/100000462110,turma_contida_e_encontros_contidos,,Qui 11:00-13:00,CC;SI,31;83,35,27,34,26,1,1,0,0,True,CC;SI,CC-OPT;CC-P2;SI-OPT,True,True,"[{""codigo_curso"":""31"",""curso"":""Ciência da Computação"",""vagas_regular"":32,""vagas_vestibulando"":2,""vagas"":34,""inscritos_regular"":24,""inscritos_vestibulando"":2,""inscritos"":26},{""codigo_curso"":""83"",""curso"":""Sistemas de Informação"",""vagas_regular"":1,""vagas_vestibulando"":0,""vagas"":1,""inscritos_regular"":1,""inscritos_vestibulando"":0,""inscritos"":1}]",webscrap/turmas_2026_raw.csv + dados/processados/turmas_2026.csv
2026-2-TCC00304-A1,2026-2,TCC00304,LINGUAGENS DE PROGRAMAÇÃO,A1,A1,/graduacao/quadrodehorarios/turmas/100000462043,turma_e_encontros_exatos,,Seg 11:00-13:00; Qua 11:00-13:00,CC,31;97,62,61,61,60,0,0,1,1,False,CC,CC-P4,False,True,"[{""codigo_curso"":""97"",""curso"":""Disciplina Isolada"",""vagas_regular"":1,""vagas_vestibulando"":0,""vagas"":1,""inscritos_regular"":1,""inscritos_vestibulando"":0,""inscritos"":1},{""codigo_curso"":""31"",""curso"":""Ciência da Computação"",""vagas_regular"":61,""vagas_vestibulando"":0,""vagas"":61,""inscritos_regular"":60,""inscritos_vestibulando"":0,""inscritos"":60}]",webscrap/turmas_2026_raw.csv + dados/processados/turmas_2026.csv
2026-2-TCC00305-A1,2026-2,TCC00305,LINGUAGENS FORMAIS E TEORIA DA COMPUTAÇÃO,A1,A1,/graduacao/quadrodehorarios/turmas/100000462044,turma_e_encontros_exatos,,Seg 09:00-11:00; Qua 09:00-11:00,CC,31,60,59,60,59,0,0,0,0,False,CC,CC-P6,False,True,"[{""codigo_curso"":""31"",""curso"":""Ciência da Computação"",""vagas_regular"":60,""vagas_vestibulando"":0,""vagas"":60,""inscritos_regular"":59,""inscritos_vestibulando"":0,""inscritos"":59}]",webscrap/turmas_2026_raw.csv + dados/processados/turmas_2026.csv
2026-2-TCC00305-X1,2026-2,TCC00305,LINGUAGENS FORMAIS E TEORIA DA COMPUTAÇÃO,X1,X1,/graduacao/quadrodehorarios/turmas/100000464005,turma_e_encontros_exatos,,Seg 09:00-11:00; Qua 09:00-11:00,CC,31,60,60,60,60,0,0,0,0,False,CC,CC-P6,False,True,"[{""codigo_curso"":""31"",""curso"":""Ciência da Computação"",""vagas_regular"":60,""vagas_vestibulando"":0,""vagas"":60,""inscritos_regular"":60,""inscritos_vestibulando"":0,""inscritos"":60}]",webscrap/turmas_2026_raw.csv + dados/processados/turmas_2026.csv
2026-2-TCC00306-A1,2026-2,TCC00306,METODOS NUMERICOS,A1,A1,/graduacao/quadrodehorarios/turmas/100000462045,turma_e_encontros_exatos,,Ter 09:00-11:00; Qui 09:00-11:00,CC,31,61,60,61,60,0,0,0,0,False,CC,CC-P4,False,True,"[{""codigo_curso"":""31"",""curso"":""Ciência da Computação"",""vagas_regular"":61,""vagas_vestibulando"":0,""vagas"":61,""inscritos_regular"":60,""inscritos_vestibulando"":0,""inscritos"":60}]",webscrap/turmas_2026_raw.csv + dados/processados/turmas_2026.csv
2026-2-TCC00307-A1,2026-2,TCC00307,PROGRAMAÇÃO CIENTÍFICA,A1,A1,/graduacao/quadrodehorarios/turmas/100000462049,turma_e_encontros_exatos,,Ter 07:00-09:00; Qui 07:00-09:00,CC,31;50,65,65,61,61,0,0,4,4,False,CC,CC-P6,False,True,"[{""codigo_curso"":""31"",""curso"":""Ciência da Computação"",""vagas_regular"":61,""vagas_vestibulando"":0,""vagas"":61,""inscritos_regular"":61,""inscritos_vestibulando"":0,""inscritos"":61},{""codigo_curso"":""50"",""curso"":""Geofísica"",""vagas_regular"":4,""vagas_vestibulando"":0,""vagas"":4,""inscritos_regular"":4,""inscritos_vestibulando"":0,""inscritos"":4}]",webscrap/turmas_2026_raw.csv + dados/processados/turmas_2026.csv
2026-2-TCC00308-A1,2026-2,TCC00308,PROGRAMAÇÃO DE COMPUTADORES I,A1,A1,/graduacao/quadrodehorarios/turmas/100000462055,turma_e_encontros_exatos,,Seg 16:00-18:00; Qua 16:00-18:00,CC,123;31,49,42,25,21,0,0,24,21,False,CC,CC-P1,False,True,"[{""codigo_curso"":""123"",""curso"":""Inteligência Artificial e Ciência de Dados"",""vagas_regular"":5,""vagas_vestibulando"":19,""vagas"":24,""inscritos_regular"":3,""inscritos_vestibulando"":18,""inscritos"":21},{""codigo_curso"":""31"",""curso"":""Ciência da Computação"",""vagas_regular"":10,""vagas_vestibulando"":15,""vagas"":25,""inscritos_regular"":6,""inscritos_vestibulando"":15,""inscritos"":21}]",webscrap/turmas_2026_raw.csv + dados/processados/turmas_2026.csv
2026-2-TCC00308-B1,2026-2,TCC00308,PROGRAMAÇÃO DE COMPUTADORES I,B1,B1,/graduacao/quadrodehorarios/turmas/100000462054,turma_e_encontros_exatos,,Seg 16:00-18:00; Qua 16:00-18:00,CC,123;31,49,38,45,34,0,0,4,4,False,CC,CC-P1,False,True,"[{""codigo_curso"":""31"",""curso"":""Ciência da Computação"",""vagas_regular"":10,""vagas_vestibulando"":35,""vagas"":45,""inscritos_regular"":1,""inscritos_vestibulando"":33,""inscritos"":34},{""codigo_curso"":""123"",""curso"":""Inteligência Artificial e Ciência de Dados"",""vagas_regular"":4,""vagas_vestibulando"":0,""vagas"":4,""inscritos_regular"":4,""inscritos_vestibulando"":0,""inscritos"":4}]",webscrap/turmas_2026_raw.csv + dados/processados/turmas_2026.csv
2026-2-TCC00312-A1,2026-2,TCC00312,PROJETO DE SOFTWARE,A1,A1,/graduacao/quadrodehorarios/turmas/100000462074,turma_e_encontros_exatos,,Seg 11:00-13:00; Qua 11:00-13:00,CC,31,61,61,61,61,0,0,0,0,False,CC,CC-P5,False,True,"[{""codigo_curso"":""31"",""curso"":""Ciência da Computação"",""vagas_regular"":61,""vagas_vestibulando"":0,""vagas"":61,""inscritos_regular"":61,""inscritos_vestibulando"":0,""inscritos"":61}]",webscrap/turmas_2026_raw.csv + dados/processados/turmas_2026.csv
2026-2-TCC00313-A1,2026-2,TCC00313,REDES DE COMPUTADORES I,A1,A1,/graduacao/quadrodehorarios/turmas/100000462084,turma_e_encontros_exatos,,Ter 09:00-11:00; Qui 09:00-11:00,CC,31;83,62,43,60,41,2,2,0,0,True,CC,CC-P5,False,True,"[{""codigo_curso"":""31"",""curso"":""Ciência da Computação"",""vagas_regular"":60,""vagas_vestibulando"":0,""vagas"":60,""inscritos_regular"":41,""inscritos_vestibulando"":0,""inscritos"":41},{""codigo_curso"":""83"",""curso"":""Sistemas de Informação"",""vagas_regular"":2,""vagas_vestibulando"":0,""vagas"":2,""inscritos_regular"":2,""inscritos_vestibulando"":0,""inscritos"":2}]",webscrap/turmas_2026_raw.csv + dados/processados/turmas_2026.csv
2026-2-TCC00314-A1,2026-2,TCC00314,REDES DE COMPUTADORES II,A1,A1,/graduacao/quadrodehorarios/turmas/100000462085,turma_e_encontros_exatos,,Ter 11:00-13:00; Qui 11:00-13:00,CC,31,60,49,60,49,0,0,0,0,False,CC,CC-P6,False,True,"[{""codigo_curso"":""31"",""curso"":""Ciência da Computação"",""vagas_regular"":60,""vagas_vestibulando"":0,""vagas"":60,""inscritos_regular"":49,""inscritos_vestibulando"":0,""inscritos"":49}]",webscrap/turmas_2026_raw.csv + dados/processados/turmas_2026.csv
2026-2-TCC00315-A1,2026-2,TCC00315,SISTEMAS DISTRIBUÍDOS,A1,A1,/graduacao/quadrodehorarios/turmas/100000462095,turma_e_encontros_exatos,,Ter 09:00-11:00; Qui 09:00-11:00,CC;SI,31;83,60,53,58,52,2,1,0,0,True,CC,CC-P7,False,True,"[{""codigo_curso"":""31"",""curso"":""Ciência da Computação"",""vagas_regular"":58,""vagas_vestibulando"":0,""vagas"":58,""inscritos_regular"":52,""inscritos_vestibulando"":0,""inscritos"":52},{""codigo_curso"":""83"",""curso"":""Sistemas de Informação"",""vagas_regular"":2,""vagas_vestibulando"":0,""vagas"":2,""inscritos_regular"":1,""inscritos_vestibulando"":0,""inscritos"":1}]",webscrap/turmas_2026_raw.csv + dados/processados/turmas_2026.csv
2026-2-TCC00316-A1,2026-2,TCC00316,SISTEMAS OPERACIONAIS,A1,A1,/graduacao/quadrodehorarios/turmas/100000462101,turma_e_encontros_exatos,,Ter 11:00-13:00; Qui 11:00-13:00,CC,31,60,59,60,59,0,0,0,0,False,CC,CC-P4,False,True,"[{""codigo_curso"":""31"",""curso"":""Ciência da Computação"",""vagas_regular"":60,""vagas_vestibulando"":0,""vagas"":60,""inscritos_regular"":59,""inscritos_vestibulando"":0,""inscritos"":59}]",webscrap/turmas_2026_raw.csv + dados/processados/turmas_2026.csv
2026-2-TCC00318-A1,2026-2,TCC00318,PESQUISA OPERACIONAL,A1,A1,/graduacao/quadrodehorarios/turmas/100000462047,turma_e_encontros_exatos,,Ter 07:00-09:00; Qui 07:00-09:00,CC,31,60,60,60,60,0,0,0,0,False,CC,CC-P7,False,True,"[{""codigo_curso"":""31"",""curso"":""Ciência da Computação"",""vagas_regular"":60,""vagas_vestibulando"":0,""vagas"":60,""inscritos_regular"":60,""inscritos_vestibulando"":0,""inscritos"":60}]",webscrap/turmas_2026_raw.csv + dados/processados/turmas_2026.csv
2026-2-TCC00324-A1,2026-2,TCC00324,GOVERNANÇA EM TECNOLOGIA DA INFORMAÇÃO,A1,A1,/graduacao/quadrodehorarios/turmas/100000462038,turma_e_encontros_exatos,,Sex 18:00-22:00,SI,23;41;83,60,55,0,0,55,53,5,2,False,SI,SI-P8,False,True,"[{""codigo_curso"":""41"",""curso"":""Engenharia de Telecomunicações"",""vagas_regular"":2,""vagas_vestibulando"":0,""vagas"":2,""inscritos_regular"":2,""inscritos_vestibulando"":0,""inscritos"":2},{""codigo_curso"":""23"",""curso"":""Administração"",""vagas_regular"":3,""vagas_vestibulando"":0,""vagas"":3,""inscritos_regular"":0,""inscritos_vestibulando"":0,""inscritos"":0},{""codigo_curso"":""83"",""curso"":""Sistemas de Informação"",""vagas_regular"":55,""vagas_vestibulando"":0,""vagas"":55,""inscritos_regular"":53,""inscritos_vestibulando"":0,""inscritos"":53}]",webscrap/turmas_2026_raw.csv + dados/processados/turmas_2026.csv
2026-2-TCC00328-A1,2026-2,TCC00328,PROG. ORIENTADA A OBJETOS,A1,A1,/graduacao/quadrodehorarios/turmas/100000462060,turma_e_encontros_exatos,,Seg 11:00-13:00; Qua 11:00-13:00,CC,31;83,47,34,45,34,2,0,0,0,True,CC,CC-P3,False,True,"[{""codigo_curso"":""31"",""curso"":""Ciência da Computação"",""vagas_regular"":44,""vagas_vestibulando"":1,""vagas"":45,""inscritos_regular"":33,""inscritos_vestibulando"":1,""inscritos"":34},{""codigo_curso"":""83"",""curso"":""Sistemas de Informação"",""vagas_regular"":2,""vagas_vestibulando"":0,""vagas"":2,""inscritos_regular"":0,""inscritos_vestibulando"":0,""inscritos"":0}]",webscrap/turmas_2026_raw.csv + dados/processados/turmas_2026.csv
2026-2-TCC00328-B1,2026-2,TCC00328,PROG. ORIENTADA A OBJETOS,B1,B1,/graduacao/quadrodehorarios/turmas/100000463834,turma_e_encontros_exatos,,Seg 11:00-13:00; Qua 11:00-13:00,CC,31;83,47,34,45,32,2,2,0,0,True,CC,CC-P3,False,True,"[{""codigo_curso"":""83"",""curso"":""Sistemas de Informação"",""vagas_regular"":2,""vagas_vestibulando"":0,""vagas"":2,""inscritos_regular"":2,""inscritos_vestibulando"":0,""inscritos"":2},{""codigo_curso"":""31"",""curso"":""Ciência da Computação"",""vagas_regular"":44,""vagas_vestibulando"":1,""vagas"":45,""inscritos_regular"":31,""inscritos_vestibulando"":1,""inscritos"":32}]",webscrap/turmas_2026_raw.csv + dados/processados/turmas_2026.csv
2026-2-TCC00330-A1,2026-2,TCC00330,MODELAGEM DE PROCESSO DE NEGÓCIOS,A1,A1,/graduacao/quadrodehorarios/turmas/100000462046,turma_e_encontros_exatos,,Sex 18:00-22:00,CC;SI,31;83,64,59,3,3,61,56,0,0,True,SI,SI-P7,False,True,"[{""codigo_curso"":""83"",""curso"":""Sistemas de Informação"",""vagas_regular"":60,""vagas_vestibulando"":1,""vagas"":61,""inscritos_regular"":56,""inscritos_vestibulando"":0,""inscritos"":56},{""codigo_curso"":""31"",""curso"":""Ciência da Computação"",""vagas_regular"":3,""vagas_vestibulando"":0,""vagas"":3,""inscritos_regular"":3,""inscritos_vestibulando"":0,""inscritos"":3}]",webscrap/turmas_2026_raw.csv + dados/processados/turmas_2026.csv
2026-2-TCC00331-A1,2026-2,TCC00331,ESTRUTURAS DE DADOS PARA SI,A1,A1,/graduacao/quadrodehorarios/turmas/100000462010,turma_e_encontros_exatos,,Seg 18:00-20:00; Qua 18:00-20:00,SI,83,45,38,0,0,45,38,0,0,False,SI,SI-P3,False,True,"[{""codigo_curso"":""83"",""curso"":""Sistemas de Informação"",""vagas_regular"":40,""vagas_vestibulando"":5,""vagas"":45,""inscritos_regular"":37,""inscritos_vestibulando"":1,""inscritos"":38}]",webscrap/turmas_2026_raw.csv + dados/processados/turmas_2026.csv
2026-2-TCC00331-B1,2026-2,TCC00331,ESTRUTURAS DE DADOS PARA SI,B1,B1,/graduacao/quadrodehorarios/turmas/100000462008,turma_e_encontros_exatos,,Seg 18:00-20:00; Qua 18:00-20:00,SI,83,45,38,0,0,45,38,0,0,False,SI,SI-P3,False,True,"[{""codigo_curso"":""83"",""curso"":""Sistemas de Informação"",""vagas_regular"":45,""vagas_vestibulando"":0,""vagas"":45,""inscritos_regular"":38,""inscritos_vestibulando"":0,""inscritos"":38}]",webscrap/turmas_2026_raw.csv + dados/processados/turmas_2026.csv
2026-2-TCC00332-A1,2026-2,TCC00332,FUNDAMENTOS DE SISTEMAS DE INFORMAÇÃO,A1,A1,/graduacao/quadrodehorarios/turmas/100000462025,turma_e_encontros_exatos,,Ter 20:00-22:00; Qui 20:00-22:00,SI,15;23;41;83,44,37,0,0,35,32,9,5,False,SI,SI-P1,False,True,"[{""codigo_curso"":""83"",""curso"":""Sistemas de Informação"",""vagas_regular"":5,""vagas_vestibulando"":30,""vagas"":35,""inscritos_regular"":2,""inscritos_vestibulando"":30,""inscritos"":32},{""codigo_curso"":""41"",""curso"":""Engenharia de Telecomunicações"",""vagas_regular"":5,""vagas_vestibulando"":0,""vagas"":5,""inscritos_regular"":5,""inscritos_vestibulando"":0,""inscritos"":5},{""codigo_curso"":""23"",""curso"":""Administração"",""vagas_regular"":3,""vagas_vestibulando"":0,""vagas"":3,""inscritos_regular"":0,""inscritos_vestibulando"":0,""inscritos"":0},{""codigo_curso"":""15"",""curso"":""Farmácia"",""vagas_regular"":1,""vagas_vestibulando"":0,""vagas"":1,""inscritos_regular"":0,""inscritos_vestibulando"":0,""inscritos"":0}]",webscrap/turmas_2026_raw.csv + dados/processados/turmas_2026.csv
2026-2-TCC00332-B1,2026-2,TCC00332,FUNDAMENTOS DE SISTEMAS DE INFORMAÇÃO,B1,B1,/graduacao/quadrodehorarios/turmas/100000462023,turma_e_encontros_exatos,,Ter 18:00-20:00; Qui 18:00-20:00,SI,41;83,42,32,0,0,37,30,5,2,False,SI,SI-P1,False,True,"[{""codigo_curso"":""83"",""curso"":""Sistemas de Informação"",""vagas_regular"":6,""vagas_vestibulando"":31,""vagas"":37,""inscritos_regular"":2,""inscritos_vestibulando"":28,""inscritos"":30},{""codigo_curso"":""41"",""curso"":""Engenharia de Telecomunicações"",""vagas_regular"":5,""vagas_vestibulando"":0,""vagas"":5,""inscritos_regular"":2,""inscritos_vestibulando"":0,""inscritos"":2}]",webscrap/turmas_2026_raw.csv + dados/processados/turmas_2026.csv
2026-2-TCC00334-A1,2026-2,TCC00334,PRINCIPIO DE BANCO DE DADOS,A1,A1,/graduacao/quadrodehorarios/turmas/100000462048,turma_e_encontros_exatos,,Qua 18:00-20:00; Sex 18:00-20:00,SI,42;83,62,59,0,0,56,54,6,5,False,SI,SI-P4,False,True,"[{""codigo_curso"":""42"",""curso"":""Engenharia de Produção"",""vagas_regular"":6,""vagas_vestibulando"":0,""vagas"":6,""inscritos_regular"":5,""inscritos_vestibulando"":0,""inscritos"":5},{""codigo_curso"":""83"",""curso"":""Sistemas de Informação"",""vagas_regular"":55,""vagas_vestibulando"":1,""vagas"":56,""inscritos_regular"":54,""inscritos_vestibulando"":0,""inscritos"":54}]",webscrap/turmas_2026_raw.csv + dados/processados/turmas_2026.csv
2026-2-TCC00335-A1,2026-2,TCC00335,PROJETO DE BANCO DE DADOS,A1,A1,/graduacao/quadrodehorarios/turmas/100000462068,turma_e_encontros_exatos,,Seg 20:00-22:00; Qua 20:00-22:00,SI,83,55,50,0,0,55,50,0,0,False,SI,SI-P5,False,True,"[{""codigo_curso"":""83"",""curso"":""Sistemas de Informação"",""vagas_regular"":55,""vagas_vestibulando"":0,""vagas"":55,""inscritos_regular"":50,""inscritos_vestibulando"":0,""inscritos"":50}]",webscrap/turmas_2026_raw.csv + dados/processados/turmas_2026.csv
2026-2-TCC00336-A1,2026-2,TCC00336,BANCO DE DADOS NÃO CONVENCIONAIS,A1,A1,/graduacao/quadrodehorarios/turmas/100000457658,turma_e_encontros_exatos,,Seg 20:00-22:00; Qua 20:00-22:00,SI,83,52,51,0,0,52,51,0,0,False,SI,SI-P6,False,True,"[{""codigo_curso"":""83"",""curso"":""Sistemas de Informação"",""vagas_regular"":51,""vagas_vestibulando"":1,""vagas"":52,""inscritos_regular"":51,""inscritos_vestibulando"":0,""inscritos"":51}]",webscrap/turmas_2026_raw.csv + dados/processados/turmas_2026.csv
2026-2-TCC00337-A1,2026-2,TCC00337,INTRODUÇÃO A INTERAÇÃO HUMANO-COMPUTADOR,A1,A1,/graduacao/quadrodehorarios/turmas/100000462041,turma_e_encontros_exatos,,Qui 18:00-22:00,SI,23;31;83,62,58,2,2,57,56,3,0,True,SI,SI-P5,False,True,"[{""codigo_curso"":""23"",""curso"":""Administração"",""vagas_regular"":3,""vagas_vestibulando"":0,""vagas"":3,""inscritos_regular"":0,""inscritos_vestibulando"":0,""inscritos"":0},{""codigo_curso"":""83"",""curso"":""Sistemas de Informação"",""vagas_regular"":56,""vagas_vestibulando"":1,""vagas"":57,""inscritos_regular"":56,""inscritos_vestibulando"":0,""inscritos"":56},{""codigo_curso"":""31"",""curso"":""Ciência da Computação"",""vagas_regular"":2,""vagas_vestibulando"":0,""vagas"":2,""inscritos_regular"":2,""inscritos_vestibulando"":0,""inscritos"":2}]",webscrap/turmas_2026_raw.csv + dados/processados/turmas_2026.csv
2026-2-TCC00338-A1,2026-2,TCC00338,PROJETO DE SOFTWARE,A1,A1,/graduacao/quadrodehorarios/turmas/100000462075,turma_e_encontros_exatos,,Ter 20:00-22:00; Qui 20:00-22:00,SI,83,61,48,0,0,61,48,0,0,False,SI,SI-P6,False,True,"[{""codigo_curso"":""83"",""curso"":""Sistemas de Informação"",""vagas_regular"":60,""vagas_vestibulando"":1,""vagas"":61,""inscritos_regular"":48,""inscritos_vestibulando"":0,""inscritos"":48}]",webscrap/turmas_2026_raw.csv + dados/processados/turmas_2026.csv
2026-2-TCC00341-A1,2026-2,TCC00341,SEGURANÇA DA INFORMAÇÃO,A1,A1,/graduacao/quadrodehorarios/turmas/100000462086,turma_e_encontros_exatos,,Seg 20:00-22:00; Qua 20:00-22:00,SI,83,65,61,0,0,65,61,0,0,False,SI,SI-P7,False,True,"[{""codigo_curso"":""83"",""curso"":""Sistemas de Informação"",""vagas_regular"":64,""vagas_vestibulando"":1,""vagas"":65,""inscritos_regular"":61,""inscritos_vestibulando"":0,""inscritos"":61}]",webscrap/turmas_2026_raw.csv + dados/processados/turmas_2026.csv
2026-2-TCC00344-A1,2026-2,TCC00344,LAB. DE PROGRAMAÇÃO PARALELA,A1,AA,/graduacao/quadrodehorarios/turmas/100000462111,encontros_exatos,,Seg 07:00-09:00; Qua 07:00-09:00,CC,31,60,55,60,55,0,0,0,0,False,CC,CC-P7,False,True,"[{""codigo_curso"":""31"",""curso"":""Ciência da Computação"",""vagas_regular"":60,""vagas_vestibulando"":0,""vagas"":60,""inscritos_regular"":55,""inscritos_vestibulando"":0,""inscritos"":55}]",webscrap/turmas_2026_raw.csv + dados/processados/turmas_2026.csv
2026-2-TCC00346-A-A/C-A,2026-2,TCC00346,LAB. DE RESOLUÇÃO DE PROBLEMAS,A-A/C-A,AA,/graduacao/quadrodehorarios/turmas/100000462112,turma_contida_e_encontros_contidos,,Ter 16:00-18:00,CC,31;41,36,35,35,34,0,0,1,1,False,CC,CC-P1,False,True,"[{""codigo_curso"":""31"",""curso"":""Ciência da Computação"",""vagas_regular"":5,""vagas_vestibulando"":30,""vagas"":35,""inscritos_regular"":5,""inscritos_vestibulando"":29,""inscritos"":34},{""codigo_curso"":""41"",""curso"":""Engenharia de Telecomunicações"",""vagas_regular"":1,""vagas_vestibulando"":0,""vagas"":1,""inscritos_regular"":1,""inscritos_vestibulando"":0,""inscritos"":1}]",webscrap/turmas_2026_raw.csv + dados/processados/turmas_2026.csv
2026-2-TCC00346-A-A/C-A,2026-2,TCC00346,LAB. DE RESOLUÇÃO DE PROBLEMAS,A-A/C-A,BA,/graduacao/quadrodehorarios/turmas/100000462113,encontros_contidos,,Qui 16:00-18:00,CC,31,35,31,35,31,0,0,0,0,False,CC,CC-P1,False,True,"[{""codigo_curso"":""31"",""curso"":""Ciência da Computação"",""vagas_regular"":12,""vagas_vestibulando"":23,""vagas"":35,""inscritos_regular"":12,""inscritos_vestibulando"":19,""inscritos"":31}]",webscrap/turmas_2026_raw.csv + dados/processados/turmas_2026.csv
2026-2-TCC00347-A1,2026-2,TCC00347,PROGRAMAÇÃO ESTRUTURADA,A1,A1,/graduacao/quadrodehorarios/turmas/100000462059,turma_e_encontros_exatos,,Ter 09:00-11:00; Qui 09:00-11:00,CC,31,50,50,50,50,0,0,0,0,False,CC,CC-P2,False,True,"[{""codigo_curso"":""31"",""curso"":""Ciência da Computação"",""vagas_regular"":50,""vagas_vestibulando"":0,""vagas"":50,""inscritos_regular"":50,""inscritos_vestibulando"":0,""inscritos"":50}]",webscrap/turmas_2026_raw.csv + dados/processados/turmas_2026.csv
2026-2-TCC00347-B1,2026-2,TCC00347,PROGRAMAÇÃO ESTRUTURADA,B1,B1,/graduacao/quadrodehorarios/turmas/100000462058,turma_e_encontros_exatos,,Ter 14:00-16:00; Qui 14:00-16:00,CC,123;25;31;37;40;54,50,46,34,33,0,0,16,13,False,CC,CC-P2,False,True,"[{""codigo_curso"":""123"",""curso"":""Inteligência Artificial e Ciência de Dados"",""vagas_regular"":9,""vagas_vestibulando"":0,""vagas"":9,""inscritos_regular"":9,""inscritos_vestibulando"":0,""inscritos"":9},{""codigo_curso"":""31"",""curso"":""Ciência da Computação"",""vagas_regular"":33,""vagas_vestibulando"":1,""vagas"":34,""inscritos_regular"":32,""inscritos_vestibulando"":1,""inscritos"":33},{""codigo_curso"":""37"",""curso"":""Engenharia Civil"",""vagas_regular"":1,""vagas_vestibulando"":0,""vagas"":1,""inscritos_regular"":1,""inscritos_vestibulando"":0,""inscritos"":1},{""codigo_curso"":""54"",""curso"":""Estatística"",""vagas_regular"":3,""vagas_vestibulando"":0,""vagas"":3,""inscritos_regular"":0,""inscritos_vestibulando"":0,""inscritos"":0},{""codigo_curso"":""40"",""curso"":""Engenharia Mecânica"",""vagas_regular"":2,""vagas_vestibulando"":0,""vagas"":2,""inscritos_regular"":2,""inscritos_vestibulando"":0,""inscritos"":2},{""codigo_curso"":""25"",""curso"":""Física"",""vagas_regular"":1,""vagas_vestibulando"":0,""vagas"":1,""inscritos_regular"":1,""inscritos_vestibulando"":0,""inscritos"":1}]",webscrap/turmas_2026_raw.csv + dados/processados/turmas_2026.csv
2026-2-TCC00348-A1,2026-2,TCC00348,ESTRUTURAS DE DADOS E SEUS ALGORITMOS,A1,A1,/graduacao/quadrodehorarios/turmas/100000462005,turma_e_encontros_exatos,,Ter 11:00-13:00; Qui 11:00-13:00,CC,31;83;97,54,50,50,49,1,1,3,0,True,CC,CC-P3,False,True,"[{""codigo_curso"":""31"",""curso"":""Ciência da Computação"",""vagas_regular"":49,""vagas_vestibulando"":1,""vagas"":50,""inscritos_regular"":48,""inscritos_vestibulando"":1,""inscritos"":49},{""codigo_curso"":""83"",""curso"":""Sistemas de Informação"",""vagas_regular"":1,""vagas_vestibulando"":0,""vagas"":1,""inscritos_regular"":1,""inscritos_vestibulando"":0,""inscritos"":1},{""codigo_curso"":""97"",""curso"":""Disciplina Isolada"",""vagas_regular"":3,""vagas_vestibulando"":0,""vagas"":3,""inscritos_regular"":0,""inscritos_vestibulando"":0,""inscritos"":0}]",webscrap/turmas_2026_raw.csv + dados/processados/turmas_2026.csv
2026-2-TCC00348-B1,2026-2,TCC00348,ESTRUTURAS DE DADOS E SEUS ALGORITMOS,B1,B1,/graduacao/quadrodehorarios/turmas/100000462006,turma_e_encontros_exatos,,Ter 11:00-13:00; Qui 11:00-13:00,CC,31,50,50,50,50,0,0,0,0,False,CC,CC-P3,False,True,"[{""codigo_curso"":""31"",""curso"":""Ciência da Computação"",""vagas_regular"":50,""vagas_vestibulando"":0,""vagas"":50,""inscritos_regular"":50,""inscritos_vestibulando"":0,""inscritos"":50}]",webscrap/turmas_2026_raw.csv + dados/processados/turmas_2026.csv
2026-2-TCC00349-A1,2026-2,TCC00349,AVALIAÇÃO DE DESEMPENHO,A1,A1,/graduacao/quadrodehorarios/turmas/100000457657,turma_e_encontros_exatos,,Ter 07:00-09:00; Qui 07:00-09:00,CC,31,60,35,60,35,0,0,0,0,False,CC,CC-P5,False,True,"[{""codigo_curso"":""31"",""curso"":""Ciência da Computação"",""vagas_regular"":60,""vagas_vestibulando"":0,""vagas"":60,""inscritos_regular"":35,""inscritos_vestibulando"":0,""inscritos"":35}]",webscrap/turmas_2026_raw.csv + dados/processados/turmas_2026.csv
2026-2-TCC00354-A1,2026-2,TCC00354,FUNDAMENTOS MATEMÁTICOS PARA COMP.,A1,A1,/graduacao/quadrodehorarios/turmas/100000462029,turma_e_encontros_exatos,,Ter 18:00-20:00; Qui 18:00-20:00,SI,15;83,45,42,0,0,44,41,1,1,False,SI,SI-P1,False,True,"[{""codigo_curso"":""83"",""curso"":""Sistemas de Informação"",""vagas_regular"":14,""vagas_vestibulando"":30,""vagas"":44,""inscritos_regular"":14,""inscritos_vestibulando"":27,""inscritos"":41},{""codigo_curso"":""15"",""curso"":""Farmácia"",""vagas_regular"":1,""vagas_vestibulando"":0,""vagas"":1,""inscritos_regular"":1,""inscritos_vestibulando"":0,""inscritos"":1}]",webscrap/turmas_2026_raw.csv + dados/processados/turmas_2026.csv
2026-2-TCC00354-B1,2026-2,TCC00354,FUNDAMENTOS MATEMÁTICOS PARA COMP.,B1,B1,/graduacao/quadrodehorarios/turmas/100000462031,turma_e_encontros_exatos,,Ter 20:00-22:00; Qui 20:00-22:00,SI,83,45,43,0,0,45,43,0,0,False,SI,SI-P1,False,True,"[{""codigo_curso"":""83"",""curso"":""Sistemas de Informação"",""vagas_regular"":14,""vagas_vestibulando"":31,""vagas"":45,""inscritos_regular"":14,""inscritos_vestibulando"":29,""inscritos"":43}]",webscrap/turmas_2026_raw.csv + dados/processados/turmas_2026.csv
2026-2-TCC00355-E-A,2026-2,TCC00355,LABORATÓRIO DE RESOLUÇÃO DE PROBLEMAS,E-A,EA,/graduacao/quadrodehorarios/turmas/100000462105,turma_e_encontros_exatos,,Seg 20:00-22:00; Qua 20:00-22:00,SI,15;18;83,47,42,0,0,45,40,2,2,False,SI,SI-P1,False,True,"[{""codigo_curso"":""83"",""curso"":""Sistemas de Informação"",""vagas_regular"":15,""vagas_vestibulando"":30,""vagas"":45,""inscritos_regular"":13,""inscritos_vestibulando"":27,""inscritos"":40},{""codigo_curso"":""18"",""curso"":""Medicina Veterinária"",""vagas_regular"":1,""vagas_vestibulando"":0,""vagas"":1,""inscritos_regular"":1,""inscritos_vestibulando"":0,""inscritos"":1},{""codigo_curso"":""15"",""curso"":""Farmácia"",""vagas_regular"":1,""vagas_vestibulando"":0,""vagas"":1,""inscritos_regular"":1,""inscritos_vestibulando"":0,""inscritos"":1}]",webscrap/turmas_2026_raw.csv + dados/processados/turmas_2026.csv
2026-2-TCC00355-F-A,2026-2,TCC00355,LABORATÓRIO DE RESOLUÇÃO DE PROBLEMAS,F-A,FA,/graduacao/quadrodehorarios/turmas/100000462107,turma_e_encontros_exatos,,Seg 20:00-22:00; Qua 20:00-22:00,SI,83,45,39,0,0,45,39,0,0,False,SI,SI-P1,False,True,"[{""codigo_curso"":""83"",""curso"":""Sistemas de Informação"",""vagas_regular"":14,""vagas_vestibulando"":31,""vagas"":45,""inscritos_regular"":12,""inscritos_vestibulando"":27,""inscritos"":39}]",webscrap/turmas_2026_raw.csv + dados/processados/turmas_2026.csv
2026-2-TCC00356-A1,2026-2,TCC00356,PROGRAMAÇÃO DE COMPUTADORES II,A1,A1,/graduacao/quadrodehorarios/turmas/100000462056,turma_e_encontros_exatos,,Seg 20:00-22:00; Qua 20:00-22:00,SI,20;83,47,30,0,0,46,29,1,1,False,SI,SI-P2,False,True,"[{""codigo_curso"":""83"",""curso"":""Sistemas de Informação"",""vagas_regular"":45,""vagas_vestibulando"":1,""vagas"":46,""inscritos_regular"":28,""inscritos_vestibulando"":1,""inscritos"":29},{""codigo_curso"":""20"",""curso"":""Matemática"",""vagas_regular"":1,""vagas_vestibulando"":0,""vagas"":1,""inscritos_regular"":1,""inscritos_vestibulando"":0,""inscritos"":1}]",webscrap/turmas_2026_raw.csv + dados/processados/turmas_2026.csv
2026-2-TCC00356-B1,2026-2,TCC00356,PROGRAMAÇÃO DE COMPUTADORES II,B1,B1,/graduacao/quadrodehorarios/turmas/100000462057,turma_e_encontros_exatos,,Seg 18:00-20:00; Qua 18:00-20:00,SI,27;83,45,34,0,0,44,33,1,1,False,SI,SI-P2,False,True,"[{""codigo_curso"":""83"",""curso"":""Sistemas de Informação"",""vagas_regular"":39,""vagas_vestibulando"":5,""vagas"":44,""inscritos_regular"":32,""inscritos_vestibulando"":1,""inscritos"":33},{""codigo_curso"":""27"",""curso"":""Engenharia Química"",""vagas_regular"":1,""vagas_vestibulando"":0,""vagas"":1,""inscritos_regular"":1,""inscritos_vestibulando"":0,""inscritos"":1}]",webscrap/turmas_2026_raw.csv + dados/processados/turmas_2026.csv
2026-2-TCC00357-A1,2026-2,TCC00357,PROG. ORIENTADA A OBJETOS I,A1,A1,/graduacao/quadrodehorarios/turmas/100000462063,turma_e_encontros_exatos,,Seg 18:00-22:00,SI,83,66,62,0,0,66,62,0,0,False,SI,SI-P4,False,True,"[{""codigo_curso"":""83"",""curso"":""Sistemas de Informação"",""vagas_regular"":65,""vagas_vestibulando"":1,""vagas"":66,""inscritos_regular"":61,""inscritos_vestibulando"":1,""inscritos"":62}]",webscrap/turmas_2026_raw.csv + dados/processados/turmas_2026.csv
2026-2-TCC00358-A1,2026-2,TCC00358,SISTEMAS COMPUTACIONAIS,A1,A1,/graduacao/quadrodehorarios/turmas/100000462087,turma_e_encontros_exatos,,Qui 18:00-22:00,SI,83,40,37,0,0,40,37,0,0,False,SI,SI-P3,False,True,"[{""codigo_curso"":""83"",""curso"":""Sistemas de Informação"",""vagas_regular"":38,""vagas_vestibulando"":2,""vagas"":40,""inscritos_regular"":37,""inscritos_vestibulando"":0,""inscritos"":37}]",webscrap/turmas_2026_raw.csv + dados/processados/turmas_2026.csv
2026-2-TCC00358-B1,2026-2,TCC00358,SISTEMAS COMPUTACIONAIS,B1,B1,/graduacao/quadrodehorarios/turmas/100000462094,turma_e_encontros_exatos,,Qui 18:00-22:00,SI,41;83,40,29,0,0,39,28,1,1,False,SI,SI-P3,False,True,"[{""codigo_curso"":""83"",""curso"":""Sistemas de Informação"",""vagas_regular"":37,""vagas_vestibulando"":2,""vagas"":39,""inscritos_regular"":28,""inscritos_vestibulando"":0,""inscritos"":28},{""codigo_curso"":""41"",""curso"":""Engenharia de Telecomunicações"",""vagas_regular"":1,""vagas_vestibulando"":0,""vagas"":1,""inscritos_regular"":1,""inscritos_vestibulando"":0,""inscritos"":1}]",webscrap/turmas_2026_raw.csv + dados/processados/turmas_2026.csv
2026-2-TCC00359-A1,2026-2,TCC00359,REDES DE COMPUTADORES,A1,A1,/graduacao/quadrodehorarios/turmas/100000462077,turma_e_encontros_exatos,,Qua 20:00-22:00; Sex 20:00-22:00,SI,83,75,71,0,0,75,71,0,0,False,SI,SI-P4,False,True,"[{""codigo_curso"":""83"",""curso"":""Sistemas de Informação"",""vagas_regular"":74,""vagas_vestibulando"":1,""vagas"":75,""inscritos_regular"":71,""inscritos_vestibulando"":0,""inscritos"":71}]",webscrap/turmas_2026_raw.csv + dados/processados/turmas_2026.csv
2026-2-TCC00360-A1,2026-2,TCC00360,VISUALIZAÇÃO DE DADOS,A1,A1,/graduacao/quadrodehorarios/turmas/100000462103,turma_e_encontros_exatos,,Seg 18:00-20:00; Qua 18:00-20:00,SI,83,60,55,0,0,60,55,0,0,False,SI,SI-P6,False,True,"[{""codigo_curso"":""83"",""curso"":""Sistemas de Informação"",""vagas_regular"":58,""vagas_vestibulando"":2,""vagas"":60,""inscritos_regular"":54,""inscritos_vestibulando"":1,""inscritos"":55}]",webscrap/turmas_2026_raw.csv + dados/processados/turmas_2026.csv
2026-2-TCC00361-A1,2026-2,TCC00361,INTRODUÇÃO AO DESENVOLVIMENTO WEB,A1,A1,/graduacao/quadrodehorarios/turmas/100000462042,turma_e_encontros_exatos,,Sex 18:00-22:00,SI,31;83,87,76,2,2,85,74,0,0,True,SI,SI-P6,False,True,"[{""codigo_curso"":""31"",""curso"":""Ciência da Computação"",""vagas_regular"":2,""vagas_vestibulando"":0,""vagas"":2,""inscritos_regular"":2,""inscritos_vestibulando"":0,""inscritos"":2},{""codigo_curso"":""83"",""curso"":""Sistemas de Informação"",""vagas_regular"":84,""vagas_vestibulando"":1,""vagas"":85,""inscritos_regular"":74,""inscritos_vestibulando"":0,""inscritos"":74}]",webscrap/turmas_2026_raw.csv + dados/processados/turmas_2026.csv
2026-2-TCC00362-A1,2026-2,TCC00362,SISTEMAS DISTRIBUÍDOS PARA SI,A1,A1,/graduacao/quadrodehorarios/turmas/100000462099,turma_e_encontros_exatos,,Ter 18:00-22:00,SI,83;97,63,61,0,0,62,60,1,1,False,SI,SI-P5,False,True,"[{""codigo_curso"":""97"",""curso"":""Disciplina Isolada"",""vagas_regular"":1,""vagas_vestibulando"":0,""vagas"":1,""inscritos_regular"":1,""inscritos_vestibulando"":0,""inscritos"":1},{""codigo_curso"":""83"",""curso"":""Sistemas de Informação"",""vagas_regular"":61,""vagas_vestibulando"":1,""vagas"":62,""inscritos_regular"":60,""inscritos_vestibulando"":0,""inscritos"":60}]",webscrap/turmas_2026_raw.csv + dados/processados/turmas_2026.csv
2026-2-TCC00363-A1,2026-2,TCC00363,GERÊNCIA DE PROJETOS E MANUT DE SOFTWARE,A1,A1,/graduacao/quadrodehorarios/turmas/100000462036,turma_e_encontros_exatos,,Ter 18:00-20:00; Qui 18:00-20:00,SI,83,61,60,0,0,61,60,0,0,False,SI,SI-P7,False,True,"[{""codigo_curso"":""83"",""curso"":""Sistemas de Informação"",""vagas_regular"":60,""vagas_vestibulando"":1,""vagas"":61,""inscritos_regular"":60,""inscritos_vestibulando"":0,""inscritos"":60}]",webscrap/turmas_2026_raw.csv + dados/processados/turmas_2026.csv
2026-2-TCC00365-A1,2026-2,TCC00365,QUALIDADE E TESTE DE SOFTWARE,A1,A1,/graduacao/quadrodehorarios/turmas/100000462076,turma_e_encontros_exatos,,Seg 18:00-20:00; Qua 18:00-20:00,SI,83,54,52,0,0,54,52,0,0,False,SI,SI-P8,False,True,"[{""codigo_curso"":""83"",""curso"":""Sistemas de Informação"",""vagas_regular"":54,""vagas_vestibulando"":0,""vagas"":54,""inscritos_regular"":52,""inscritos_vestibulando"":0,""inscritos"":52}]",webscrap/turmas_2026_raw.csv + dados/processados/turmas_2026.csv
2026-2-TCC00366-A1,2026-2,TCC00366,PROGRAMAÇÃO DE COMPUTADORES I,A1,A1,/graduacao/quadrodehorarios/turmas/100000462052,turma_e_encontros_exatos,,Seg 18:00-20:00; Qua 18:00-20:00,SI,23;83,44,31,0,0,41,31,3,0,False,SI,SI-P1,False,True,"[{""codigo_curso"":""23"",""curso"":""Administração"",""vagas_regular"":3,""vagas_vestibulando"":0,""vagas"":3,""inscritos_regular"":0,""inscritos_vestibulando"":0,""inscritos"":0},{""codigo_curso"":""83"",""curso"":""Sistemas de Informação"",""vagas_regular"":11,""vagas_vestibulando"":30,""vagas"":41,""inscritos_regular"":4,""inscritos_vestibulando"":27,""inscritos"":31}]",webscrap/turmas_2026_raw.csv + dados/processados/turmas_2026.csv
2026-2-TCC00366-B1,2026-2,TCC00366,PROGRAMAÇÃO DE COMPUTADORES I,B1,B1,/graduacao/quadrodehorarios/turmas/100000462053,turma_e_encontros_exatos,,Seg 18:00-20:00; Qua 18:00-20:00,SI,102;15;18;83,48,39,0,0,45,36,3,3,False,SI,SI-P1,False,True,"[{""codigo_curso"":""83"",""curso"":""Sistemas de Informação"",""vagas_regular"":14,""vagas_vestibulando"":31,""vagas"":45,""inscritos_regular"":10,""inscritos_vestibulando"":26,""inscritos"":36},{""codigo_curso"":""18"",""curso"":""Medicina Veterinária"",""vagas_regular"":1,""vagas_vestibulando"":0,""vagas"":1,""inscritos_regular"":1,""inscritos_vestibulando"":0,""inscritos"":1},{""codigo_curso"":""102"",""curso"":""Segurança Pública"",""vagas_regular"":1,""vagas_vestibulando"":0,""vagas"":1,""inscritos_regular"":1,""inscritos_vestibulando"":0,""inscritos"":1},{""codigo_curso"":""15"",""curso"":""Farmácia"",""vagas_regular"":1,""vagas_vestibulando"":0,""vagas"":1,""inscritos_regular"":1,""inscritos_vestibulando"":0,""inscritos"":1}]",webscrap/turmas_2026_raw.csv + dados/processados/turmas_2026.csv
2026-2-TCC00368-A1,2026-2,TCC00368,P.O. PARA S.I. (WEB AVANC.),A1,A1,/graduacao/quadrodehorarios/turmas/100000457765,turma_e_encontros_exatos,,Ter 20:00-22:00; Qui 20:00-22:00,SI,83,61,58,0,0,61,58,0,0,False,,,False,False,"[{""codigo_curso"":""83"",""curso"":""Sistemas de Informação"",""vagas_regular"":60,""vagas_vestibulando"":1,""vagas"":61,""inscritos_regular"":58,""inscritos_vestibulando"":0,""inscritos"":58}]",webscrap/turmas_2026_raw.csv + dados/processados/turmas_2026.csv
2026-2-TCC00371-A1,2026-2,TCC00371,ÉTICA EM INT. ARTIFICIAL E CIÊNCIA DE DADOS,A1,A1,/graduacao/quadrodehorarios/turmas/100000462014,turma_e_encontros_exatos,,Ter 09:00-11:00; Qui 09:00-11:00,CC,123;31;83;97,52,32,10,5,15,9,27,18,True,,,False,False,"[{""codigo_curso"":""123"",""curso"":""Inteligência Artificial e Ciência de Dados"",""vagas_regular"":5,""vagas_vestibulando"":20,""vagas"":25,""inscritos_regular"":1,""inscritos_vestibulando"":17,""inscritos"":18},{""codigo_curso"":""31"",""curso"":""Ciência da Computação"",""vagas_regular"":10,""vagas_vestibulando"":0,""vagas"":10,""inscritos_regular"":5,""inscritos_vestibulando"":0,""inscritos"":5},{""codigo_curso"":""83"",""curso"":""Sistemas de Informação"",""vagas_regular"":15,""vagas_vestibulando"":0,""vagas"":15,""inscritos_regular"":9,""inscritos_vestibulando"":0,""inscritos"":9},{""codigo_curso"":""97"",""curso"":""Disciplina Isolada"",""vagas_regular"":2,""vagas_vestibulando"":0,""vagas"":2,""inscritos_regular"":0,""inscritos_vestibulando"":0,""inscritos"":0}]",webscrap/turmas_2026_raw.csv + dados/processados/turmas_2026.csv
