semestre,codigo,disciplina,turma,turma_url,docentes,horario,padrao_dias,cursos_busca,compartilhada_busca_cc_si,codigos_cursos_com_vagas,compartilhada_vagas_cc_si,vagas,inscritos,vagas_cc,inscritos_cc,vagas_si,inscritos_si,vagas_outros_cursos,inscritos_outros_cursos,vagas_por_curso_json,fonte
2026-1,CGI00002,PROJETO DE APLICAÇÃO I,D1,/graduacao/quadrodehorarios/turmas/100000452657,,Sab 14:00-18:00,Sab,SI,False,83,False,3,3,0,0,3,3,0,0,"[{""codigo_curso"":""83"",""curso"":""Sistemas de Informação"",""vagas_regular"":3,""vagas_vestibulando"":0,""vagas"":3,""inscritos_regular"":3,""inscritos_vestibulando"":0,""inscritos"":3}]",Quadro de Horários UFF — páginas públicas de listagem e detalhe
2026-1,CGI00002,PROJETO DE APLICAÇÃO I,F1,/graduacao/quadrodehorarios/turmas/100000452662,,Sab 14:00-18:00,Sab,SI,False,83,False,8,8,0,0,8,8,0,0,"[{""codigo_curso"":""83"",""curso"":""Sistemas de Informação"",""vagas_regular"":8,""vagas_vestibulando"":0,""vagas"":8,""inscritos_regular"":8,""inscritos_vestibulando"":0,""inscritos"":8}]",Quadro de Horários UFF — páginas públicas de listagem e detalhe
2026-1,CGI00002,PROJETO DE APLICAÇÃO I,G1,/graduacao/quadrodehorarios/turmas/100000452666,,Sab 14:00-18:00,Sab,SI,False,83,False,3,3,0,0,3,3,0,0,"[{""codigo_curso"":""83"",""curso"":""Sistemas de Informação"",""vagas_regular"":3,""vagas_vestibulando"":0,""vagas"":3,""inscritos_regular"":3,""inscritos_vestibulando"":0,""inscritos"":3}]",Quadro de Horários UFF — páginas públicas de listagem e detalhe
2026-1,CGI00002,PROJETO DE APLICAÇÃO I,M1,/graduacao/quadrodehorarios/turmas/100000452663,,Sab 14:00-18:00,Sab,SI,False,83,False,1,1,0,0,1,1,0,0,"[{""codigo_curso"":""83"",""curso"":""Sistemas de Informação"",""vagas_regular"":1,""vagas_vestibulando"":0,""vagas"":1,""inscritos_regular"":1,""inscritos_vestibulando"":0,""inscritos"":1}]",Quadro de Horários UFF — páginas públicas de listagem e detalhe
2026-1,CGI00002,PROJETO DE APLICAÇÃO I,M2,/graduacao/quadrodehorarios/turmas/100000452664,,Sab 14:00-18:00,Sab,SI,False,83,False,2,2,0,0,2,2,0,0,"[{""codigo_curso"":""83"",""curso"":""Sistemas de Informação"",""vagas_regular"":2,""vagas_vestibulando"":0,""vagas"":2,""inscritos_regular"":2,""inscritos_vestibulando"":0,""inscritos"":2}]",Quadro de Horários UFF — páginas públicas de listagem e detalhe
2026-1,CGI00002,PROJETO DE APLICAÇÃO I,M3,/graduacao/quadrodehorarios/turmas/100000452665,,Sab 14:00-18:00,Sab,SI,False,83,False,2,2,0,0,2,2,0,0,"[{""codigo_curso"":""83"",""curso"":""Sistemas de Informação"",""vagas_regular"":2,""vagas_vestibulando"":0,""vagas"":2,""inscritos_regular"":2,""inscritos_vestibulando"":0,""inscritos"":2}]",Quadro de Horários UFF — páginas públicas de listagem e detalhe
2026-1,CGI00002,PROJETO DE APLICAÇÃO I,R1,/graduacao/quadrodehorarios/turmas/100000452656,,Sab 14:00-18:00,Sab,SI,False,83,False,2,2,0,0,2,2,0,0,"[{""codigo_curso"":""83"",""curso"":""Sistemas de Informação"",""vagas_regular"":2,""vagas_vestibulando"":0,""vagas"":2,""inscritos_regular"":2,""inscritos_vestibulando"":0,""inscritos"":2}]",Quadro de Horários UFF — páginas públicas de listagem e detalhe
2026-1,CGI00002,PROJETO DE APLICAÇÃO I,R2,/graduacao/quadrodehorarios/turmas/100000452658,,Sab 14:00-18:00,Sab,SI,False,83,False,7,7,0,0,7,7,0,0,"[{""codigo_curso"":""83"",""curso"":""Sistemas de Informação"",""vagas_regular"":7,""vagas_vestibulando"":0,""vagas"":7,""inscritos_regular"":7,""inscritos_vestibulando"":0,""inscritos"":7}]",Quadro de Horários UFF — páginas públicas de listagem e detalhe
2026-1,CGI00002,PROJETO DE APLICAÇÃO I,R3,/graduacao/quadrodehorarios/turmas/100000452659,,Sab 14:00-18:00,Sab,SI,False,83,False,5,5,0,0,5,5,0,0,"[{""codigo_curso"":""83"",""curso"":""Sistemas de Informação"",""vagas_regular"":5,""vagas_vestibulando"":0,""vagas"":5,""inscritos_regular"":5,""inscritos_vestibulando"":0,""inscritos"":5}]",Quadro de Horários UFF — páginas públicas de listagem e detalhe
2026-1,CGI00002,PROJETO DE APLICAÇÃO I,R4,/graduacao/quadrodehorarios/turmas/100000452660,,Sab 14:00-18:00,Sab,SI,False,83,False,3,3,0,0,3,3,0,0,"[{""codigo_curso"":""83"",""curso"":""Sistemas de Informação"",""vagas_regular"":3,""vagas_vestibulando"":0,""vagas"":3,""inscritos_regular"":3,""inscritos_vestibulando"":0,""inscritos"":3}]",Quadro de Horários UFF — páginas públicas de listagem e detalhe
2026-1,CGI00002,PROJETO DE APLICAÇÃO I,V1,/graduacao/quadrodehorarios/turmas/100000452661,,Sab 14:00-18:00,Sab,SI,False,83,False,1,1,0,0,1,1,0,0,"[{""codigo_curso"":""83"",""curso"":""Sistemas de Informação"",""vagas_regular"":1,""vagas_vestibulando"":0,""vagas"":1,""inscritos_regular"":1,""inscritos_vestibulando"":0,""inscritos"":1}]",Quadro de Horários UFF — páginas públicas de listagem e detalhe
2026-1,CGI00003,PROJETO DE APLICAÇÃO II,A1,/graduacao/quadrodehorarios/turmas/100000451019,,Sab 08:00-12:00,Sab,SI,False,83,False,85,70,0,0,85,70,0,0,"[{""codigo_curso"":""83"",""curso"":""Sistemas de Informação"",""vagas_regular"":85,""vagas_vestibulando"":0,""vagas"":85,""inscritos_regular"":70,""inscritos_vestibulando"":0,""inscritos"":70}]",Quadro de Horários UFF — páginas públicas de listagem e detalhe
2026-1,CGI00004,SEMINÁRIOS EM SISTEMAS DE INFORMAÇÃO,A1,/graduacao/quadrodehorarios/turmas/100000451007,,Sex 18:00-20:00,Sex,SI,False,31;83,True,71,64,2,1,69,63,0,0,"[{""codigo_curso"":""83"",""curso"":""Sistemas de Informação"",""vagas_regular"":8,""vagas_vestibulando"":61,""vagas"":69,""inscritos_regular"":5,""inscritos_vestibulando"":58,""inscritos"":63},{""codigo_curso"":""31"",""curso"":""Ciência da Computação"",""vagas_regular"":2,""vagas_vestibulando"":0,""vagas"":2,""inscritos_regular"":1,""inscritos_vestibulando"":0,""inscritos"":1}]",Quadro de Horários UFF — páginas públicas de listagem e detalhe
2026-1,CGI00005,ATIVIDADES COMPLEMENTARES II,A1,/graduacao/quadrodehorarios/turmas/100000450154,,Sab 12:00-14:00,Sab,SI,False,83,False,75,63,0,0,75,63,0,0,"[{""codigo_curso"":""83"",""curso"":""Sistemas de Informação"",""vagas_regular"":75,""vagas_vestibulando"":0,""vagas"":75,""inscritos_regular"":63,""inscritos_vestibulando"":0,""inscritos"":63}]",Quadro de Horários UFF — páginas públicas de listagem e detalhe
2026-1,GAN00140,ÁLGEBRA LINEAR,B1,/graduacao/quadrodehorarios/turmas/100000450688,,Seg 09:00-11:00; Qua 09:00-11:00,Seg-Qua,CC,False,31,False,60,52,60,52,0,0,0,0,"[{""codigo_curso"":""31"",""curso"":""Ciência da Computação"",""vagas_regular"":58,""vagas_vestibulando"":2,""vagas"":60,""inscritos_regular"":51,""inscritos_vestibulando"":1,""inscritos"":52}]",Quadro de Horários UFF — páginas públicas de listagem e detalhe
2026-1,GAN00140,ÁLGEBRA LINEAR,K1,/graduacao/quadrodehorarios/turmas/100000450696,,Seg 16:00-18:00; Qua 16:00-18:00,Seg-Qua,CC;SI,True,27;31;37;38;40;41;42;43;50;51;56;83,True,60,57,30,28,2,2,28,27,"[{""codigo_curso"":""83"",""curso"":""Sistemas de Informação"",""vagas_regular"":2,""vagas_vestibulando"":0,""vagas"":2,""inscritos_regular"":2,""inscritos_vestibulando"":0,""inscritos"":2},{""codigo_curso"":""43"",""curso"":""Engenharia Agrícola e Ambiental"",""vagas_regular"":2,""vagas_vestibulando"":0,""vagas"":2,""inscritos_regular"":2,""inscritos_vestibulando"":0,""inscritos"":2},{""codigo_curso"":""38"",""curso"":""Engenharia Elétrica"",""vagas_regular"":1,""vagas_vestibulando"":0,""vagas"":1,""inscritos_regular"":1,""inscritos_vestibulando"":0,""inscritos"":1},{""codigo_curso"":""31"",""curso"":""Ciência da Computação"",""vagas_regular"":30,""vagas_vestibulando"":0,""vagas"":30,""inscritos_regular"":28,""inscritos_vestibulando"":0,""inscritos"":28},{""codigo_curso"":""41"",""curso"":""Engenharia de Telecomunicações"",""vagas_regular"":1,""vagas_vestibulando"":0,""vagas"":1,""inscritos_regular"":1,""inscritos_vestibulando"":0,""inscritos"":1},{""codigo_curso"":""42"",""curso"":""Engenharia de Produção"",""vagas_regular"":2,""vagas_vestibulando"":0,""vagas"":2,""inscritos_regular"":2,""inscritos_vestibulando"":0,""inscritos"":2},{""codigo_curso"":""37"",""curso"":""Engenharia Civil"",""vagas_regular"":2,""vagas_vestibulando"":0,""vagas"":2,""inscritos_regular"":2,""inscritos_vestibulando"":0,""inscritos"":2},{""codigo_curso"":""56"",""curso"":""Eng. de Recursos Hídricos e Meio Ambiente"",""vagas_regular"":1,""vagas_vestibulando"":0,""vagas"":1,""inscritos_regular"":0,""inscritos_vestibulando"":0,""inscritos"":0},{""codigo_curso"":""27"",""curso"":""Engenharia Química"",""vagas_regular"":11,""vagas_vestibulando"":0,""vagas"":11,""inscritos_regular"":11,""inscritos_vestibulando"":0,""inscritos"":11},{""codigo_curso"":""51"",""curso"":""Engenharia de Petróleo"",""vagas_regular"":2,""vagas_vestibulando"":0,""vagas"":2,""inscritos_regular"":2,""inscritos_vestibulando"":0,""inscritos"":2},{""codigo_curso"":""50"",""curso"":""Geofísica"",""vagas_regular"":3,""vagas_vestibulando"":0,""vagas"":3,""inscritos_regular"":3,""inscritos_vestibulando"":0,""inscritos"":3},{""codigo_curso"":""40"",""curso"":""Engenharia Mecânica"",""vagas_regular"":3,""vagas_vestibulando"":0,""vagas"":3,""inscritos_regular"":3,""inscritos_vestibulando"":0,""inscritos"":3}]",Quadro de Horários UFF — páginas públicas de listagem e detalhe
2026-1,GAN00144,COMPLEMENTOS DE MATEMÁTICA APLICADA,C1,/graduacao/quadrodehorarios/turmas/100000450702,,Seg 16:00-18:00; Qua 16:00-18:00,Seg-Qua,SI,False,22;23;48;83;95,False,60,28,0,0,15,12,45,16,"[{""codigo_curso"":""23"",""curso"":""Administração"",""vagas_regular"":28,""vagas_vestibulando"":0,""vagas"":28,""inscritos_regular"":7,""inscritos_vestibulando"":0,""inscritos"":7},{""codigo_curso"":""22"",""curso"":""Ciências Contábeis"",""vagas_regular"":11,""vagas_vestibulando"":0,""vagas"":11,""inscritos_regular"":7,""inscritos_vestibulando"":0,""inscritos"":7},{""codigo_curso"":""83"",""curso"":""Sistemas de Informação"",""vagas_regular"":15,""vagas_vestibulando"":0,""vagas"":15,""inscritos_regular"":12,""inscritos_vestibulando"":0,""inscritos"":12},{""codigo_curso"":""95"",""curso"":""Ciência Ambiental"",""vagas_regular"":4,""vagas_vestibulando"":0,""vagas"":4,""inscritos_regular"":0,""inscritos_vestibulando"":0,""inscritos"":0},{""codigo_curso"":""48"",""curso"":""Biomedicina"",""vagas_regular"":2,""vagas_vestibulando"":0,""vagas"":2,""inscritos_regular"":2,""inscritos_vestibulando"":0,""inscritos"":2}]",Quadro de Horários UFF — páginas públicas de listagem e detalhe
2026-1,GAN00144,COMPLEMENTOS DE MATEMÁTICA APLICADA,D1,/graduacao/quadrodehorarios/turmas/100000450703,,Seg 16:00-18:00; Qua 16:00-18:00,Seg-Qua,SI,False,117;22;23;83,False,60,39,0,0,7,0,53,39,"[{""codigo_curso"":""83"",""curso"":""Sistemas de Informação"",""vagas_regular"":7,""vagas_vestibulando"":0,""vagas"":7,""inscritos_regular"":0,""inscritos_vestibulando"":0,""inscritos"":0},{""codigo_curso"":""22"",""curso"":""Ciências Contábeis"",""vagas_regular"":4,""vagas_vestibulando"":44,""vagas"":48,""inscritos_regular"":1,""inscritos_vestibulando"":37,""inscritos"":38},{""codigo_curso"":""23"",""curso"":""Administração"",""vagas_regular"":4,""vagas_vestibulando"":0,""vagas"":4,""inscritos_regular"":0,""inscritos_vestibulando"":0,""inscritos"":0},{""codigo_curso"":""117"",""curso"":""Administração Pública"",""vagas_regular"":1,""vagas_vestibulando"":0,""vagas"":1,""inscritos_regular"":1,""inscritos_vestibulando"":0,""inscritos"":1}]",Quadro de Horários UFF — páginas públicas de listagem e detalhe
2026-1,GAN00144,COMPLEMENTOS DE MATEMÁTICA APLICADA,F1,/graduacao/quadrodehorarios/turmas/100000450705,,Seg 18:00-20:00; Qua 18:00-20:00,Seg-Qua,SI,False,48;83;95,False,60,34,0,0,57,32,3,2,"[{""codigo_curso"":""95"",""curso"":""Ciência Ambiental"",""vagas_regular"":1,""vagas_vestibulando"":0,""vagas"":1,""inscritos_regular"":1,""inscritos_vestibulando"":0,""inscritos"":1},{""codigo_curso"":""48"",""curso"":""Biomedicina"",""vagas_regular"":2,""vagas_vestibulando"":0,""vagas"":2,""inscritos_regular"":1,""inscritos_vestibulando"":0,""inscritos"":1},{""codigo_curso"":""83"",""curso"":""Sistemas de Informação"",""vagas_regular"":52,""vagas_vestibulando"":5,""vagas"":57,""inscritos_regular"":31,""inscritos_vestibulando"":1,""inscritos"":32}]",Quadro de Horários UFF — páginas públicas de listagem e detalhe
2026-1,GAN00144,COMPLEMENTOS DE MATEMÁTICA APLICADA,G1,/graduacao/quadrodehorarios/turmas/100000450706,,Seg 20:00-22:00; Qua 20:00-22:00,Seg-Qua,SI,False,23;83;95,False,60,52,0,0,17,15,43,37,"[{""codigo_curso"":""95"",""curso"":""Ciência Ambiental"",""vagas_regular"":0,""vagas_vestibulando"":1,""vagas"":1,""inscritos_regular"":0,""inscritos_vestibulando"":0,""inscritos"":0},{""codigo_curso"":""83"",""curso"":""Sistemas de Informação"",""vagas_regular"":17,""vagas_vestibulando"":0,""vagas"":17,""inscritos_regular"":15,""inscritos_vestibulando"":0,""inscritos"":15},{""codigo_curso"":""23"",""curso"":""Administração"",""vagas_regular"":42,""vagas_vestibulando"":0,""vagas"":42,""inscritos_regular"":37,""inscritos_vestibulando"":0,""inscritos"":37}]",Quadro de Horários UFF — páginas públicas de listagem e detalhe
2026-1,GAN00166,LÓGICA PARA A CIÊNCIA DA COMPUTAÇÃO,A1,/graduacao/quadrodehorarios/turmas/100000450726,,Seg 14:00-16:00; Qua 14:00-16:00,Seg-Qua,CC,False,31;54,False,60,50,55,47,0,0,5,3,"[{""codigo_curso"":""54"",""curso"":""Estatística"",""vagas_regular"":5,""vagas_vestibulando"":0,""vagas"":5,""inscritos_regular"":3,""inscritos_vestibulando"":0,""inscritos"":3},{""codigo_curso"":""31"",""curso"":""Ciência da Computação"",""vagas_regular"":53,""vagas_vestibulando"":2,""vagas"":55,""inscritos_regular"":45,""inscritos_vestibulando"":2,""inscritos"":47}]",Quadro de Horários UFF — páginas públicas de listagem e detalhe
2026-1,GAN00166,LÓGICA PARA A CIÊNCIA DA COMPUTAÇÃO,B1,/graduacao/quadrodehorarios/turmas/100000450728,,Ter 14:00-16:00; Qui 14:00-16:00,Ter-Qui,CC,False,31;54,False,60,55,55,51,0,0,5,4,"[{""codigo_curso"":""54"",""curso"":""Estatística"",""vagas_regular"":5,""vagas_vestibulando"":0,""vagas"":5,""inscritos_regular"":4,""inscritos_vestibulando"":0,""inscritos"":4},{""codigo_curso"":""31"",""curso"":""Ciência da Computação"",""vagas_regular"":55,""vagas_vestibulando"":0,""vagas"":55,""inscritos_regular"":51,""inscritos_vestibulando"":0,""inscritos"":51}]",Quadro de Horários UFF — páginas públicas de listagem e detalhe
2026-1,GAN00167,MATEMÁTICA DISCRETA,A1,/graduacao/quadrodehorarios/turmas/100000450729,,Seg 14:00-16:00; Qua 14:00-16:00,Seg-Qua,CC,False,123;31;37;38;41;97,False,43,35,18,14,0,0,25,21,"[{""codigo_curso"":""38"",""curso"":""Engenharia Elétrica"",""vagas_regular"":2,""vagas_vestibulando"":0,""vagas"":2,""inscritos_regular"":1,""inscritos_vestibulando"":0,""inscritos"":1},{""codigo_curso"":""123"",""curso"":""Inteligência Artificial e Ciência de Dados"",""vagas_regular"":0,""vagas_vestibulando"":20,""vagas"":20,""inscritos_regular"":0,""inscritos_vestibulando"":17,""inscritos"":17},{""codigo_curso"":""31"",""curso"":""Ciência da Computação"",""vagas_regular"":18,""vagas_vestibulando"":0,""vagas"":18,""inscritos_regular"":14,""inscritos_vestibulando"":0,""inscritos"":14},{""codigo_curso"":""41"",""curso"":""Engenharia de Telecomunicações"",""vagas_regular"":0,""vagas_vestibulando"":1,""vagas"":1,""inscritos_regular"":0,""inscritos_vestibulando"":1,""inscritos"":1},{""codigo_curso"":""37"",""curso"":""Engenharia Civil"",""vagas_regular"":1,""vagas_vestibulando"":0,""vagas"":1,""inscritos_regular"":1,""inscritos_vestibulando"":0,""inscritos"":1},{""codigo_curso"":""97"",""curso"":""Disciplina Isolada"",""vagas_regular"":1,""vagas_vestibulando"":0,""vagas"":1,""inscritos_regular"":1,""inscritos_vestibulando"":0,""inscritos"":1}]",Quadro de Horários UFF — páginas públicas de listagem e detalhe
2026-1,GAN00167,MATEMÁTICA DISCRETA,B1,/graduacao/quadrodehorarios/turmas/100000450730,,Seg 14:00-16:00; Qua 14:00-16:00,Seg-Qua,CC,False,31,False,50,47,50,47,0,0,0,0,"[{""codigo_curso"":""31"",""curso"":""Ciência da Computação"",""vagas_regular"":4,""vagas_vestibulando"":46,""vagas"":50,""inscritos_regular"":2,""inscritos_vestibulando"":45,""inscritos"":47}]",Quadro de Horários UFF — páginas públicas de listagem e detalhe
2026-1,GAN00167,MATEMÁTICA DISCRETA,C1,/graduacao/quadrodehorarios/turmas/100000450731,,Seg 14:00-16:00; Qua 14:00-16:00,Seg-Qua,CC,False,31,False,26,17,26,17,0,0,0,0,"[{""codigo_curso"":""31"",""curso"":""Ciência da Computação"",""vagas_regular"":25,""vagas_vestibulando"":1,""vagas"":26,""inscritos_regular"":16,""inscritos_vestibulando"":1,""inscritos"":17}]",Quadro de Horários UFF — páginas públicas de listagem e detalhe
2026-1,GET00116,FUNDAMENTOS DE ESTATISTICA APLICADA,C2,/graduacao/quadrodehorarios/turmas/100000449849,,Seg 16:00-18:00; Qua 16:00-18:00,Seg-Qua,SI,False,117;23;83,False,59,51,0,0,9,7,50,44,"[{""codigo_curso"":""23"",""curso"":""Administração"",""vagas_regular"":24,""vagas_vestibulando"":0,""vagas"":24,""inscritos_regular"":21,""inscritos_vestibulando"":0,""inscritos"":21},{""codigo_curso"":""117"",""curso"":""Administração Pública"",""vagas_regular"":26,""vagas_vestibulando"":0,""vagas"":26,""inscritos_regular"":23,""inscritos_vestibulando"":0,""inscritos"":23},{""codigo_curso"":""83"",""curso"":""Sistemas de Informação"",""vagas_regular"":8,""vagas_vestibulando"":1,""vagas"":9,""inscritos_regular"":7,""inscritos_vestibulando"":0,""inscritos"":7}]",Quadro de Horários UFF — páginas públicas de listagem e detalhe
2026-1,GET00116,FUNDAMENTOS DE ESTATISTICA APLICADA,E1,/graduacao/quadrodehorarios/turmas/100000449852,,Seg 20:00-22:00; Qua 20:00-22:00,Seg-Qua,SI,False,20;24;83,False,58,40,0,0,44,33,14,7,"[{""codigo_curso"":""20"",""curso"":""Matemática"",""vagas_regular"":13,""vagas_vestibulando"":0,""vagas"":13,""inscritos_regular"":6,""inscritos_vestibulando"":0,""inscritos"":6},{""codigo_curso"":""83"",""curso"":""Sistemas de Informação"",""vagas_regular"":43,""vagas_vestibulando"":1,""vagas"":44,""inscritos_regular"":32,""inscritos_vestibulando"":1,""inscritos"":33},{""codigo_curso"":""24"",""curso"":""Psicologia"",""vagas_regular"":1,""vagas_vestibulando"":0,""vagas"":1,""inscritos_regular"":1,""inscritos_vestibulando"":0,""inscritos"":1}]",Quadro de Horários UFF — páginas públicas de listagem e detalhe
2026-1,GET00116,FUNDAMENTOS DE ESTATISTICA APLICADA,G1,/graduacao/quadrodehorarios/turmas/100000450655,,Ter 16:00-18:00; Qui 16:00-18:00,Ter-Qui,SI,False,117;20;22;23;29;50;59;83;95,False,60,49,0,0,5,5,55,44,"[{""codigo_curso"":""20"",""curso"":""Matemática"",""vagas_regular"":3,""vagas_vestibulando"":0,""vagas"":3,""inscritos_regular"":3,""inscritos_vestibulando"":0,""inscritos"":3},{""codigo_curso"":""95"",""curso"":""Ciência Ambiental"",""vagas_regular"":9,""vagas_vestibulando"":0,""vagas"":9,""inscritos_regular"":9,""inscritos_vestibulando"":0,""inscritos"":9},{""codigo_curso"":""50"",""curso"":""Geofísica"",""vagas_regular"":4,""vagas_vestibulando"":0,""vagas"":4,""inscritos_regular"":3,""inscritos_vestibulando"":0,""inscritos"":3},{""codigo_curso"":""23"",""curso"":""Administração"",""vagas_regular"":5,""vagas_vestibulando"":0,""vagas"":5,""inscritos_regular"":1,""inscritos_vestibulando"":0,""inscritos"":1},{""codigo_curso"":""117"",""curso"":""Administração Pública"",""vagas_regular"":7,""vagas_vestibulando"":0,""vagas"":7,""inscritos_regular"":5,""inscritos_vestibulando"":0,""inscritos"":5},{""codigo_curso"":""22"",""curso"":""Ciências Contábeis"",""vagas_regular"":17,""vagas_vestibulando"":0,""vagas"":17,""inscritos_regular"":16,""inscritos_vestibulando"":0,""inscritos"":16},{""codigo_curso"":""29"",""curso"":""Química Industrial"",""vagas_regular"":5,""vagas_vestibulando"":0,""vagas"":5,""inscritos_regular"":4,""inscritos_vestibulando"":0,""inscritos"":4},{""codigo_curso"":""83"",""curso"":""Sistemas de Informação"",""vagas_regular"":5,""vagas_vestibulando"":0,""vagas"":5,""inscritos_regular"":5,""inscritos_vestibulando"":0,""inscritos"":5},{""codigo_curso"":""59"",""curso"":""Relações Internacionais"",""vagas_regular"":5,""vagas_vestibulando"":0,""vagas"":5,""inscritos_regular"":3,""inscritos_vestibulando"":0,""inscritos"":3}]",Quadro de Horários UFF — páginas públicas de listagem e detalhe
2026-1,GET00116,FUNDAMENTOS DE ESTATISTICA APLICADA,H1,/graduacao/quadrodehorarios/turmas/100000449854,,Ter 18:00-20:00; Qui 18:00-20:00,Ter-Qui,SI,False,20;44;50;83;95;96,False,60,46,0,0,5,5,55,41,"[{""codigo_curso"":""95"",""curso"":""Ciência Ambiental"",""vagas_regular"":3,""vagas_vestibulando"":1,""vagas"":4,""inscritos_regular"":2,""inscritos_vestibulando"":1,""inscritos"":3},{""codigo_curso"":""44"",""curso"":""Ciências Biológicas"",""vagas_regular"":23,""vagas_vestibulando"":0,""vagas"":23,""inscritos_regular"":18,""inscritos_vestibulando"":0,""inscritos"":18},{""codigo_curso"":""50"",""curso"":""Geofísica"",""vagas_regular"":5,""vagas_vestibulando"":0,""vagas"":5,""inscritos_regular"":5,""inscritos_vestibulando"":0,""inscritos"":5},{""codigo_curso"":""20"",""curso"":""Matemática"",""vagas_regular"":2,""vagas_vestibulando"":0,""vagas"":2,""inscritos_regular"":2,""inscritos_vestibulando"":0,""inscritos"":2},{""codigo_curso"":""83"",""curso"":""Sistemas de Informação"",""vagas_regular"":5,""vagas_vestibulando"":0,""vagas"":5,""inscritos_regular"":5,""inscritos_vestibulando"":0,""inscritos"":5},{""codigo_curso"":""96"",""curso"":""Desenho Industrial"",""vagas_regular"":21,""vagas_vestibulando"":0,""vagas"":21,""inscritos_regular"":13,""inscritos_vestibulando"":0,""inscritos"":13}]",Quadro de Horários UFF — páginas públicas de listagem e detalhe
2026-1,GET00116,FUNDAMENTOS DE ESTATISTICA APLICADA,I1,/graduacao/quadrodehorarios/turmas/100000449857,,Ter 20:00-22:00; Qui 20:00-22:00,Ter-Qui,SI,False,117;20;22;23;44;50;59;83,False,57,38,0,0,7,5,50,33,"[{""codigo_curso"":""20"",""curso"":""Matemática"",""vagas_regular"":8,""vagas_vestibulando"":0,""vagas"":8,""inscritos_regular"":8,""inscritos_vestibulando"":0,""inscritos"":8},{""codigo_curso"":""59"",""curso"":""Relações Internacionais"",""vagas_regular"":20,""vagas_vestibulando"":0,""vagas"":20,""inscritos_regular"":12,""inscritos_vestibulando"":0,""inscritos"":12},{""codigo_curso"":""50"",""curso"":""Geofísica"",""vagas_regular"":2,""vagas_vestibulando"":0,""vagas"":2,""inscritos_regular"":0,""inscritos_vestibulando"":0,""inscritos"":0},{""codigo_curso"":""23"",""curso"":""Administração"",""vagas_regular"":4,""vagas_vestibulando"":0,""vagas"":4,""inscritos_regular"":2,""inscritos_vestibulando"":0,""inscritos"":2},{""codigo_curso"":""117"",""curso"":""Administração Pública"",""vagas_regular"":7,""vagas_vestibulando"":0,""vagas"":7,""inscritos_regular"":4,""inscritos_vestibulando"":0,""inscritos"":4},{""codigo_curso"":""22"",""curso"":""Ciências Contábeis"",""vagas_regular"":5,""vagas_vestibulando"":0,""vagas"":5,""inscritos_regular"":5,""inscritos_vestibulando"":0,""inscritos"":5},{""codigo_curso"":""83"",""curso"":""Sistemas de Informação"",""vagas_regular"":5,""vagas_vestibulando"":2,""vagas"":7,""inscritos_regular"":3,""inscritos_vestibulando"":2,""inscritos"":5},{""codigo_curso"":""44"",""curso"":""Ciências Biológicas"",""vagas_regular"":4,""vagas_vestibulando"":0,""vagas"":4,""inscritos_regular"":2,""inscritos_vestibulando"":0,""inscritos"":2}]",Quadro de Horários UFF — páginas públicas de listagem e detalhe
2026-1,GET00177,ESTATÍSTICA BÁSICA,A1,/graduacao/quadrodehorarios/turmas/100000449758,,Seg 09:00-11:00; Qua 09:00-11:00,Seg-Qua,CC,False,27;31;41;42;43;56;83,True,48,28,10,10,2,0,36,18,"[{""codigo_curso"":""56"",""curso"":""Eng. de Recursos Hídricos e Meio Ambiente"",""vagas_regular"":5,""vagas_vestibulando"":0,""vagas"":5,""inscritos_regular"":2,""inscritos_vestibulando"":0,""inscritos"":2},{""codigo_curso"":""83"",""curso"":""Sistemas de Informação"",""vagas_regular"":2,""vagas_vestibulando"":0,""vagas"":2,""inscritos_regular"":0,""inscritos_vestibulando"":0,""inscritos"":0},{""codigo_curso"":""43"",""curso"":""Engenharia Agrícola e Ambiental"",""vagas_regular"":5,""vagas_vestibulando"":0,""vagas"":5,""inscritos_regular"":5,""inscritos_vestibulando"":0,""inscritos"":5},{""codigo_curso"":""31"",""curso"":""Ciência da Computação"",""vagas_regular"":10,""vagas_vestibulando"":0,""vagas"":10,""inscritos_regular"":10,""inscritos_vestibulando"":0,""inscritos"":10},{""codigo_curso"":""42"",""curso"":""Engenharia de Produção"",""vagas_regular"":16,""vagas_vestibulando"":0,""vagas"":16,""inscritos_regular"":8,""inscritos_vestibulando"":0,""inscritos"":8},{""codigo_curso"":""27"",""curso"":""Engenharia Química"",""vagas_regular"":5,""vagas_vestibulando"":0,""vagas"":5,""inscritos_regular"":2,""inscritos_vestibulando"":0,""inscritos"":2},{""codigo_curso"":""41"",""curso"":""Engenharia de Telecomunicações"",""vagas_regular"":5,""vagas_vestibulando"":0,""vagas"":5,""inscritos_regular"":1,""inscritos_vestibulando"":0,""inscritos"":1}]",Quadro de Horários UFF — páginas públicas de listagem e detalhe
2026-1,GET00177,ESTATÍSTICA BÁSICA,B1,/graduacao/quadrodehorarios/turmas/100000449764,,Seg 11:00-13:00; Qua 11:00-13:00,Seg-Qua,CC,False,31;38;40;41;42;43;56;83;95,True,49,36,7,7,1,1,41,28,"[{""codigo_curso"":""31"",""curso"":""Ciência da Computação"",""vagas_regular"":7,""vagas_vestibulando"":0,""vagas"":7,""inscritos_regular"":7,""inscritos_vestibulando"":0,""inscritos"":7},{""codigo_curso"":""38"",""curso"":""Engenharia Elétrica"",""vagas_regular"":12,""vagas_vestibulando"":0,""vagas"":12,""inscritos_regular"":10,""inscritos_vestibulando"":0,""inscritos"":10},{""codigo_curso"":""40"",""curso"":""Engenharia Mecânica"",""vagas_regular"":15,""vagas_vestibulando"":0,""vagas"":15,""inscritos_regular"":9,""inscritos_vestibulando"":0,""inscritos"":9},{""codigo_curso"":""56"",""curso"":""Eng. de Recursos Hídricos e Meio Ambiente"",""vagas_regular"":8,""vagas_vestibulando"":1,""vagas"":9,""inscritos_regular"":4,""inscritos_vestibulando"":1,""inscritos"":5},{""codigo_curso"":""42"",""curso"":""Engenharia de Produção"",""vagas_regular"":1,""vagas_vestibulando"":0,""vagas"":1,""inscritos_regular"":1,""inscritos_vestibulando"":0,""inscritos"":1},{""codigo_curso"":""41"",""curso"":""Engenharia de Telecomunicações"",""vagas_regular"":1,""vagas_vestibulando"":0,""vagas"":1,""inscritos_regular"":1,""inscritos_vestibulando"":0,""inscritos"":1},{""codigo_curso"":""95"",""curso"":""Ciência Ambiental"",""vagas_regular"":1,""vagas_vestibulando"":0,""vagas"":1,""inscritos_regular"":1,""inscritos_vestibulando"":0,""inscritos"":1},{""codigo_curso"":""83"",""curso"":""Sistemas de Informação"",""vagas_regular"":1,""vagas_vestibulando"":0,""vagas"":1,""inscritos_regular"":1,""inscritos_vestibulando"":0,""inscritos"":1},{""codigo_curso"":""43"",""curso"":""Engenharia Agrícola e Ambiental"",""vagas_regular"":2,""vagas_vestibulando"":0,""vagas"":2,""inscritos_regular"":1,""inscritos_vestibulando"":0,""inscritos"":1}]",Quadro de Horários UFF — páginas públicas de listagem e detalhe
2026-1,GET00177,ESTATÍSTICA BÁSICA,C1,/graduacao/quadrodehorarios/turmas/100000449868,,Seg 14:00-16:00; Qua 14:00-16:00,Seg-Qua,CC,False,27;31;37;38;40;41;42;56,False,59,43,12,12,0,0,47,31,"[{""codigo_curso"":""31"",""curso"":""Ciência da Computação"",""vagas_regular"":12,""vagas_vestibulando"":0,""vagas"":12,""inscritos_regular"":12,""inscritos_vestibulando"":0,""inscritos"":12},{""codigo_curso"":""42"",""curso"":""Engenharia de Produção"",""vagas_regular"":10,""vagas_vestibulando"":0,""vagas"":10,""inscritos_regular"":9,""inscritos_vestibulando"":0,""inscritos"":9},{""codigo_curso"":""56"",""curso"":""Eng. de Recursos Hídricos e Meio Ambiente"",""vagas_regular"":3,""vagas_vestibulando"":0,""vagas"":3,""inscritos_regular"":0,""inscritos_vestibulando"":0,""inscritos"":0},{""codigo_curso"":""41"",""curso"":""Engenharia de Telecomunicações"",""vagas_regular"":4,""vagas_vestibulando"":0,""vagas"":4,""inscritos_regular"":2,""inscritos_vestibulando"":0,""inscritos"":2},{""codigo_curso"":""38"",""curso"":""Engenharia Elétrica"",""vagas_regular"":14,""vagas_vestibulando"":0,""vagas"":14,""inscritos_regular"":12,""inscritos_vestibulando"":0,""inscritos"":12},{""codigo_curso"":""40"",""curso"":""Engenharia Mecânica"",""vagas_regular"":3,""vagas_vestibulando"":0,""vagas"":3,""inscritos_regular"":2,""inscritos_vestibulando"":0,""inscritos"":2},{""codigo_curso"":""27"",""curso"":""Engenharia Química"",""vagas_regular"":2,""vagas_vestibulando"":0,""vagas"":2,""inscritos_regular"":2,""inscritos_vestibulando"":0,""inscritos"":2},{""codigo_curso"":""37"",""curso"":""Engenharia Civil"",""vagas_regular"":11,""vagas_vestibulando"":0,""vagas"":11,""inscritos_regular"":4,""inscritos_vestibulando"":0,""inscritos"":4}]",Quadro de Horários UFF — páginas públicas de listagem e detalhe
2026-1,GET00177,ESTATÍSTICA BÁSICA,F1,/graduacao/quadrodehorarios/turmas/100000449776,,Ter 09:00-11:00; Qui 09:00-11:00,Ter-Qui,CC,False,27;31;40;42;51;56;83,True,54,27,15,14,5,1,34,12,"[{""codigo_curso"":""51"",""curso"":""Engenharia de Petróleo"",""vagas_regular"":5,""vagas_vestibulando"":0,""vagas"":5,""inscritos_regular"":1,""inscritos_vestibulando"":0,""inscritos"":1},{""codigo_curso"":""56"",""curso"":""Eng. de Recursos Hídricos e Meio Ambiente"",""vagas_regular"":6,""vagas_vestibulando"":0,""vagas"":6,""inscritos_regular"":2,""inscritos_vestibulando"":0,""inscritos"":2},{""codigo_curso"":""40"",""curso"":""Engenharia Mecânica"",""vagas_regular"":5,""vagas_vestibulando"":0,""vagas"":5,""inscritos_regular"":5,""inscritos_vestibulando"":0,""inscritos"":5},{""codigo_curso"":""27"",""curso"":""Engenharia Química"",""vagas_regular"":15,""vagas_vestibulando"":0,""vagas"":15,""inscritos_regular"":1,""inscritos_vestibulando"":0,""inscritos"":1},{""codigo_curso"":""83"",""curso"":""Sistemas de Informação"",""vagas_regular"":5,""vagas_vestibulando"":0,""vagas"":5,""inscritos_regular"":1,""inscritos_vestibulando"":0,""inscritos"":1},{""codigo_curso"":""42"",""curso"":""Engenharia de Produção"",""vagas_regular"":3,""vagas_vestibulando"":0,""vagas"":3,""inscritos_regular"":3,""inscritos_vestibulando"":0,""inscritos"":3},{""codigo_curso"":""31"",""curso"":""Ciência da Computação"",""vagas_regular"":15,""vagas_vestibulando"":0,""vagas"":15,""inscritos_regular"":14,""inscritos_vestibulando"":0,""inscritos"":14}]",Quadro de Horários UFF — páginas públicas de listagem e detalhe
2026-1,GET00177,ESTATÍSTICA BÁSICA,G1,/graduacao/quadrodehorarios/turmas/100000449789,,Ter 11:00-13:00; Qui 11:00-13:00,Ter-Qui,CC,False,31;37;41;42;43;51;56;83,True,58,32,5,4,5,1,48,27,"[{""codigo_curso"":""43"",""curso"":""Engenharia Agrícola e Ambiental"",""vagas_regular"":15,""vagas_vestibulando"":0,""vagas"":15,""inscritos_regular"":6,""inscritos_vestibulando"":0,""inscritos"":6},{""codigo_curso"":""51"",""curso"":""Engenharia de Petróleo"",""vagas_regular"":5,""vagas_vestibulando"":0,""vagas"":5,""inscritos_regular"":0,""inscritos_vestibulando"":0,""inscritos"":0},{""codigo_curso"":""56"",""curso"":""Eng. de Recursos Hídricos e Meio Ambiente"",""vagas_regular"":12,""vagas_vestibulando"":0,""vagas"":12,""inscritos_regular"":10,""inscritos_vestibulando"":0,""inscritos"":10},{""codigo_curso"":""41"",""curso"":""Engenharia de Telecomunicações"",""vagas_regular"":12,""vagas_vestibulando"":1,""vagas"":13,""inscritos_regular"":8,""inscritos_vestibulando"":0,""inscritos"":8},{""codigo_curso"":""83"",""curso"":""Sistemas de Informação"",""vagas_regular"":5,""vagas_vestibulando"":0,""vagas"":5,""inscritos_regular"":1,""inscritos_vestibulando"":0,""inscritos"":1},{""codigo_curso"":""42"",""curso"":""Engenharia de Produção"",""vagas_regular"":1,""vagas_vestibulando"":0,""vagas"":1,""inscritos_regular"":1,""inscritos_vestibulando"":0,""inscritos"":1},{""codigo_curso"":""37"",""curso"":""Engenharia Civil"",""vagas_regular"":2,""vagas_vestibulando"":0,""vagas"":2,""inscritos_regular"":2,""inscritos_vestibulando"":0,""inscritos"":2},{""codigo_curso"":""31"",""curso"":""Ciência da Computação"",""vagas_regular"":5,""vagas_vestibulando"":0,""vagas"":5,""inscritos_regular"":4,""inscritos_vestibulando"":0,""inscritos"":4}]",Quadro de Horários UFF — páginas públicas de listagem e detalhe
2026-1,GET00177,ESTATÍSTICA BÁSICA,H1,/graduacao/quadrodehorarios/turmas/100000449790,,Ter 14:00-16:00; Qui 14:00-16:00,Ter-Qui,CC,False,27;31;38;40;42;51;56,False,56,26,10,2,0,0,46,24,"[{""codigo_curso"":""31"",""curso"":""Ciência da Computação"",""vagas_regular"":10,""vagas_vestibulando"":0,""vagas"":10,""inscritos_regular"":2,""inscritos_vestibulando"":0,""inscritos"":2},{""codigo_curso"":""51"",""curso"":""Engenharia de Petróleo"",""vagas_regular"":5,""vagas_vestibulando"":0,""vagas"":5,""inscritos_regular"":0,""inscritos_vestibulando"":0,""inscritos"":0},{""codigo_curso"":""42"",""curso"":""Engenharia de Produção"",""vagas_regular"":5,""vagas_vestibulando"":0,""vagas"":5,""inscritos_regular"":4,""inscritos_vestibulando"":0,""inscritos"":4},{""codigo_curso"":""56"",""curso"":""Eng. de Recursos Hídricos e Meio Ambiente"",""vagas_regular"":8,""vagas_vestibulando"":0,""vagas"":8,""inscritos_regular"":5,""inscritos_vestibulando"":0,""inscritos"":5},{""codigo_curso"":""38"",""curso"":""Engenharia Elétrica"",""vagas_regular"":10,""vagas_vestibulando"":0,""vagas"":10,""inscritos_regular"":9,""inscritos_vestibulando"":0,""inscritos"":9},{""codigo_curso"":""40"",""curso"":""Engenharia Mecânica"",""vagas_regular"":10,""vagas_vestibulando"":0,""vagas"":10,""inscritos_regular"":3,""inscritos_vestibulando"":0,""inscritos"":3},{""codigo_curso"":""27"",""curso"":""Engenharia Química"",""vagas_regular"":8,""vagas_vestibulando"":0,""vagas"":8,""inscritos_regular"":3,""inscritos_vestibulando"":0,""inscritos"":3}]",Quadro de Horários UFF — páginas públicas de listagem e detalhe
2026-1,GET00177,ESTATÍSTICA BÁSICA,I1,/graduacao/quadrodehorarios/turmas/100000449791,,Ter 16:00-18:00; Qui 16:00-18:00,Ter-Qui,CC,False,102;27;31;37;38;40;42;51,False,57,50,1,1,0,0,56,49,"[{""codigo_curso"":""37"",""curso"":""Engenharia Civil"",""vagas_regular"":17,""vagas_vestibulando"":0,""vagas"":17,""inscritos_regular"":15,""inscritos_vestibulando"":0,""inscritos"":15},{""codigo_curso"":""51"",""curso"":""Engenharia de Petróleo"",""vagas_regular"":2,""vagas_vestibulando"":0,""vagas"":2,""inscritos_regular"":1,""inscritos_vestibulando"":0,""inscritos"":1},{""codigo_curso"":""42"",""curso"":""Engenharia de Produção"",""vagas_regular"":7,""vagas_vestibulando"":0,""vagas"":7,""inscritos_regular"":6,""inscritos_vestibulando"":0,""inscritos"":6},{""codigo_curso"":""38"",""curso"":""Engenharia Elétrica"",""vagas_regular"":7,""vagas_vestibulando"":0,""vagas"":7,""inscritos_regular"":7,""inscritos_vestibulando"":0,""inscritos"":7},{""codigo_curso"":""40"",""curso"":""Engenharia Mecânica"",""vagas_regular"":14,""vagas_vestibulando"":1,""vagas"":15,""inscritos_regular"":13,""inscritos_vestibulando"":0,""inscritos"":13},{""codigo_curso"":""27"",""curso"":""Engenharia Química"",""vagas_regular"":7,""vagas_vestibulando"":0,""vagas"":7,""inscritos_regular"":7,""inscritos_vestibulando"":0,""inscritos"":7},{""codigo_curso"":""102"",""curso"":""Segurança Pública"",""vagas_regular"":1,""vagas_vestibulando"":0,""vagas"":1,""inscritos_regular"":0,""inscritos_vestibulando"":0,""inscritos"":0},{""codigo_curso"":""31"",""curso"":""Ciência da Computação"",""vagas_regular"":1,""vagas_vestibulando"":0,""vagas"":1,""inscritos_regular"":1,""inscritos_vestibulando"":0,""inscritos"":1}]",Quadro de Horários UFF — páginas públicas de listagem e detalhe
2026-1,GET00177,ESTATÍSTICA BÁSICA,J1,/graduacao/quadrodehorarios/turmas/100000449792,,Ter 18:00-20:00; Qui 18:00-20:00,Ter-Qui,CC,False,27;31;37;38;40;41;42;43;83,True,59,16,10,2,5,4,44,10,"[{""codigo_curso"":""31"",""curso"":""Ciência da Computação"",""vagas_regular"":10,""vagas_vestibulando"":0,""vagas"":10,""inscritos_regular"":2,""inscritos_vestibulando"":0,""inscritos"":2},{""codigo_curso"":""37"",""curso"":""Engenharia Civil"",""vagas_regular"":15,""vagas_vestibulando"":0,""vagas"":15,""inscritos_regular"":2,""inscritos_vestibulando"":0,""inscritos"":2},{""codigo_curso"":""42"",""curso"":""Engenharia de Produção"",""vagas_regular"":3,""vagas_vestibulando"":0,""vagas"":3,""inscritos_regular"":0,""inscritos_vestibulando"":0,""inscritos"":0},{""codigo_curso"":""38"",""curso"":""Engenharia Elétrica"",""vagas_regular"":10,""vagas_vestibulando"":0,""vagas"":10,""inscritos_regular"":5,""inscritos_vestibulando"":0,""inscritos"":5},{""codigo_curso"":""40"",""curso"":""Engenharia Mecânica"",""vagas_regular"":5,""vagas_vestibulando"":0,""vagas"":5,""inscritos_regular"":0,""inscritos_vestibulando"":0,""inscritos"":0},{""codigo_curso"":""83"",""curso"":""Sistemas de Informação"",""vagas_regular"":5,""vagas_vestibulando"":0,""vagas"":5,""inscritos_regular"":4,""inscritos_vestibulando"":0,""inscritos"":4},{""codigo_curso"":""43"",""curso"":""Engenharia Agrícola e Ambiental"",""vagas_regular"":5,""vagas_vestibulando"":0,""vagas"":5,""inscritos_regular"":1,""inscritos_vestibulando"":0,""inscritos"":1},{""codigo_curso"":""41"",""curso"":""Engenharia de Telecomunicações"",""vagas_regular"":5,""vagas_vestibulando"":0,""vagas"":5,""inscritos_regular"":2,""inscritos_vestibulando"":0,""inscritos"":2},{""codigo_curso"":""27"",""curso"":""Engenharia Química"",""vagas_regular"":1,""vagas_vestibulando"":0,""vagas"":1,""inscritos_regular"":0,""inscritos_vestibulando"":0,""inscritos"":0}]",Quadro de Horários UFF — páginas públicas de listagem e detalhe
2026-1,GFI00158,FÍSICA I,A3,/graduacao/quadrodehorarios/turmas/100000444684,,Seg 11:00-13:00; Qua 11:00-13:00; Sab 08:00-10:00,Seg-Qua-Sab,CC,False,20;25;27;28;29;31;37;38;40;42;43;50;51;56,False,100,84,9,6,0,0,91,78,"[{""codigo_curso"":""28"",""curso"":""Química"",""vagas_regular"":8,""vagas_vestibulando"":0,""vagas"":8,""inscritos_regular"":8,""inscritos_vestibulando"":0,""inscritos"":8},{""codigo_curso"":""29"",""curso"":""Química Industrial"",""vagas_regular"":8,""vagas_vestibulando"":0,""vagas"":8,""inscritos_regular"":7,""inscritos_vestibulando"":0,""inscritos"":7},{""codigo_curso"":""42"",""curso"":""Engenharia de Produção"",""vagas_regular"":5,""vagas_vestibulando"":0,""vagas"":5,""inscritos_regular"":4,""inscritos_vestibulando"":0,""inscritos"":4},{""codigo_curso"":""20"",""curso"":""Matemática"",""vagas_regular"":6,""vagas_vestibulando"":0,""vagas"":6,""inscritos_regular"":5,""inscritos_vestibulando"":0,""inscritos"":5},{""codigo_curso"":""25"",""curso"":""Física"",""vagas_regular"":8,""vagas_vestibulando"":0,""vagas"":8,""inscritos_regular"":7,""inscritos_vestibulando"":0,""inscritos"":7},{""codigo_curso"":""37"",""curso"":""Engenharia Civil"",""vagas_regular"":8,""vagas_vestibulando"":0,""vagas"":8,""inscritos_regular"":8,""inscritos_vestibulando"":0,""inscritos"":8},{""codigo_curso"":""38"",""curso"":""Engenharia Elétrica"",""vagas_regular"":5,""vagas_vestibulando"":0,""vagas"":5,""inscritos_regular"":5,""inscritos_vestibulando"":0,""inscritos"":5},{""codigo_curso"":""40"",""curso"":""Engenharia Mecânica"",""vagas_regular"":7,""vagas_vestibulando"":0,""vagas"":7,""inscritos_regular"":7,""inscritos_vestibulando"":0,""inscritos"":7},{""codigo_curso"":""50"",""curso"":""Geofísica"",""vagas_regular"":9,""vagas_vestibulando"":1,""vagas"":10,""inscritos_regular"":5,""inscritos_vestibulando"":1,""inscritos"":6},{""codigo_curso"":""51"",""curso"":""Engenharia de Petróleo"",""vagas_regular"":7,""vagas_vestibulando"":0,""vagas"":7,""inscritos_regular"":6,""inscritos_vestibulando"":0,""inscritos"":6},{""codigo_curso"":""56"",""curso"":""Eng. de Recursos Hídricos e Meio Ambiente"",""vagas_regular"":7,""vagas_vestibulando"":0,""vagas"":7,""inscritos_regular"":4,""inscritos_vestibulando"":0,""inscritos"":4},{""codigo_curso"":""43"",""curso"":""Engenharia Agrícola e Ambiental"",""vagas_regular"":7,""vagas_vestibulando"":0,""vagas"":7,""inscritos_regular"":6,""inscritos_vestibulando"":0,""inscritos"":6},{""codigo_curso"":""27"",""curso"":""Engenharia Química"",""vagas_regular"":5,""vagas_vestibulando"":0,""vagas"":5,""inscritos_regular"":5,""inscritos_vestibulando"":0,""inscritos"":5},{""codigo_curso"":""31"",""curso"":""Ciência da Computação"",""vagas_regular"":9,""vagas_vestibulando"":0,""vagas"":9,""inscritos_regular"":6,""inscritos_vestibulando"":0,""inscritos"":6}]",Quadro de Horários UFF — páginas públicas de listagem e detalhe
2026-1,GFI00158,FÍSICA I,A4,/graduacao/quadrodehorarios/turmas/100000444685,,Seg 14:00-16:00; Qua 14:00-16:00; Sab 08:00-10:00,Seg-Qua-Sab,CC,False,20;25;27;28;29;31;37;38;40;41;42;43;51;56,False,100,84,9,9,0,0,91,75,"[{""codigo_curso"":""40"",""curso"":""Engenharia Mecânica"",""vagas_regular"":5,""vagas_vestibulando"":0,""vagas"":5,""inscritos_regular"":3,""inscritos_vestibulando"":0,""inscritos"":3},{""codigo_curso"":""28"",""curso"":""Química"",""vagas_regular"":8,""vagas_vestibulando"":0,""vagas"":8,""inscritos_regular"":6,""inscritos_vestibulando"":0,""inscritos"":6},{""codigo_curso"":""29"",""curso"":""Química Industrial"",""vagas_regular"":1,""vagas_vestibulando"":0,""vagas"":1,""inscritos_regular"":1,""inscritos_vestibulando"":0,""inscritos"":1},{""codigo_curso"":""20"",""curso"":""Matemática"",""vagas_regular"":6,""vagas_vestibulando"":0,""vagas"":6,""inscritos_regular"":4,""inscritos_vestibulando"":0,""inscritos"":4},{""codigo_curso"":""25"",""curso"":""Física"",""vagas_regular"":7,""vagas_vestibulando"":0,""vagas"":7,""inscritos_regular"":6,""inscritos_vestibulando"":0,""inscritos"":6},{""codigo_curso"":""27"",""curso"":""Engenharia Química"",""vagas_regular"":9,""vagas_vestibulando"":0,""vagas"":9,""inscritos_regular"":9,""inscritos_vestibulando"":0,""inscritos"":9},{""codigo_curso"":""31"",""curso"":""Ciência da Computação"",""vagas_regular"":9,""vagas_vestibulando"":0,""vagas"":9,""inscritos_regular"":9,""inscritos_vestibulando"":0,""inscritos"":9},{""codigo_curso"":""37"",""curso"":""Engenharia Civil"",""vagas_regular"":12,""vagas_vestibulando"":0,""vagas"":12,""inscritos_regular"":12,""inscritos_vestibulando"":0,""inscritos"":12},{""codigo_curso"":""38"",""curso"":""Engenharia Elétrica"",""vagas_regular"":2,""vagas_vestibulando"":0,""vagas"":2,""inscritos_regular"":2,""inscritos_vestibulando"":0,""inscritos"":2},{""codigo_curso"":""41"",""curso"":""Engenharia de Telecomunicações"",""vagas_regular"":23,""vagas_vestibulando"":0,""vagas"":23,""inscritos_regular"":20,""inscritos_vestibulando"":0,""inscritos"":20},{""codigo_curso"":""43"",""curso"":""Engenharia Agrícola e Ambiental"",""vagas_regular"":7,""vagas_vestibulando"":0,""vagas"":7,""inscritos_regular"":4,""inscritos_vestibulando"":0,""inscritos"":4},{""codigo_curso"":""51"",""curso"":""Engenharia de Petróleo"",""vagas_regular"":6,""vagas_vestibulando"":0,""vagas"":6,""inscritos_regular"":5,""inscritos_vestibulando"":0,""inscritos"":5},{""codigo_curso"":""56"",""curso"":""Eng. de Recursos Hídricos e Meio Ambiente"",""vagas_regular"":4,""vagas_vestibulando"":0,""vagas"":4,""inscritos_regular"":3,""inscritos_vestibulando"":0,""inscritos"":3},{""codigo_curso"":""42"",""curso"":""Engenharia de Produção"",""vagas_regular"":1,""vagas_vestibulando"":0,""vagas"":1,""inscritos_regular"":0,""inscritos_vestibulando"":0,""inscritos"":0}]",Quadro de Horários UFF — páginas públicas de listagem e detalhe
2026-1,GFI00158,FÍSICA I,A5,/graduacao/quadrodehorarios/turmas/100000444723,,Seg 16:00-18:00; Qua 16:00-18:00; Sab 08:00-10:00,Seg-Qua-Sab,CC,False,25;27;29;31;37;38;40;41;42;43;50;51;56,False,100,81,16,14,0,0,84,67,"[{""codigo_curso"":""27"",""curso"":""Engenharia Química"",""vagas_regular"":4,""vagas_vestibulando"":0,""vagas"":4,""inscritos_regular"":4,""inscritos_vestibulando"":0,""inscritos"":4},{""codigo_curso"":""41"",""curso"":""Engenharia de Telecomunicações"",""vagas_regular"":8,""vagas_vestibulando"":0,""vagas"":8,""inscritos_regular"":8,""inscritos_vestibulando"":0,""inscritos"":8},{""codigo_curso"":""25"",""curso"":""Física"",""vagas_regular"":4,""vagas_vestibulando"":0,""vagas"":4,""inscritos_regular"":3,""inscritos_vestibulando"":0,""inscritos"":3},{""codigo_curso"":""29"",""curso"":""Química Industrial"",""vagas_regular"":8,""vagas_vestibulando"":0,""vagas"":8,""inscritos_regular"":4,""inscritos_vestibulando"":0,""inscritos"":4},{""codigo_curso"":""37"",""curso"":""Engenharia Civil"",""vagas_regular"":11,""vagas_vestibulando"":0,""vagas"":11,""inscritos_regular"":7,""inscritos_vestibulando"":0,""inscritos"":7},{""codigo_curso"":""38"",""curso"":""Engenharia Elétrica"",""vagas_regular"":6,""vagas_vestibulando"":0,""vagas"":6,""inscritos_regular"":5,""inscritos_vestibulando"":0,""inscritos"":5},{""codigo_curso"":""40"",""curso"":""Engenharia Mecânica"",""vagas_regular"":1,""vagas_vestibulando"":0,""vagas"":1,""inscritos_regular"":1,""inscritos_vestibulando"":0,""inscritos"":1},{""codigo_curso"":""42"",""curso"":""Engenharia de Produção"",""vagas_regular"":23,""vagas_vestibulando"":0,""vagas"":23,""inscritos_regular"":20,""inscritos_vestibulando"":0,""inscritos"":20},{""codigo_curso"":""43"",""curso"":""Engenharia Agrícola e Ambiental"",""vagas_regular"":6,""vagas_vestibulando"":0,""vagas"":6,""inscritos_regular"":6,""inscritos_vestibulando"":0,""inscritos"":6},{""codigo_curso"":""51"",""curso"":""Engenharia de Petróleo"",""vagas_regular"":3,""vagas_vestibulando"":0,""vagas"":3,""inscritos_regular"":3,""inscritos_vestibulando"":0,""inscritos"":3},{""codigo_curso"":""56"",""curso"":""Eng. de Recursos Hídricos e Meio Ambiente"",""vagas_regular"":9,""vagas_vestibulando"":0,""vagas"":9,""inscritos_regular"":5,""inscritos_vestibulando"":0,""inscritos"":5},{""codigo_curso"":""50"",""curso"":""Geofísica"",""vagas_regular"":1,""vagas_vestibulando"":0,""vagas"":1,""inscritos_regular"":1,""inscritos_vestibulando"":0,""inscritos"":1},{""codigo_curso"":""31"",""curso"":""Ciência da Computação"",""vagas_regular"":16,""vagas_vestibulando"":0,""vagas"":16,""inscritos_regular"":14,""inscritos_vestibulando"":0,""inscritos"":14}]",Quadro de Horários UFF — páginas públicas de listagem e detalhe
2026-1,GFI00158,FÍSICA I,A7,/graduacao/quadrodehorarios/turmas/100000444724,,Seg 20:00-22:00; Qua 20:00-22:00; Sab 08:00-10:00,Seg-Qua-Sab,CC,False,20;25;27;28;29;31;37;38;40;41;42;43;50;51;56;82,False,78,41,3,2,0,0,75,39,"[{""codigo_curso"":""29"",""curso"":""Química Industrial"",""vagas_regular"":1,""vagas_vestibulando"":0,""vagas"":1,""inscritos_regular"":1,""inscritos_vestibulando"":0,""inscritos"":1},{""codigo_curso"":""50"",""curso"":""Geofísica"",""vagas_regular"":1,""vagas_vestibulando"":0,""vagas"":1,""inscritos_regular"":0,""inscritos_vestibulando"":0,""inscritos"":0},{""codigo_curso"":""20"",""curso"":""Matemática"",""vagas_regular"":2,""vagas_vestibulando"":0,""vagas"":2,""inscritos_regular"":1,""inscritos_vestibulando"":0,""inscritos"":1},{""codigo_curso"":""25"",""curso"":""Física"",""vagas_regular"":6,""vagas_vestibulando"":2,""vagas"":8,""inscritos_regular"":1,""inscritos_vestibulando"":2,""inscritos"":3},{""codigo_curso"":""27"",""curso"":""Engenharia Química"",""vagas_regular"":3,""vagas_vestibulando"":0,""vagas"":3,""inscritos_regular"":1,""inscritos_vestibulando"":0,""inscritos"":1},{""codigo_curso"":""28"",""curso"":""Química"",""vagas_regular"":3,""vagas_vestibulando"":0,""vagas"":3,""inscritos_regular"":2,""inscritos_vestibulando"":0,""inscritos"":2},{""codigo_curso"":""31"",""curso"":""Ciência da Computação"",""vagas_regular"":3,""vagas_vestibulando"":0,""vagas"":3,""inscritos_regular"":2,""inscritos_vestibulando"":0,""inscritos"":2},{""codigo_curso"":""37"",""curso"":""Engenharia Civil"",""vagas_regular"":7,""vagas_vestibulando"":0,""vagas"":7,""inscritos_regular"":4,""inscritos_vestibulando"":0,""inscritos"":4},{""codigo_curso"":""38"",""curso"":""Engenharia Elétrica"",""vagas_regular"":8,""vagas_vestibulando"":0,""vagas"":8,""inscritos_regular"":6,""inscritos_vestibulando"":0,""inscritos"":6},{""codigo_curso"":""40"",""curso"":""Engenharia Mecânica"",""vagas_regular"":2,""vagas_vestibulando"":1,""vagas"":3,""inscritos_regular"":2,""inscritos_vestibulando"":1,""inscritos"":3},{""codigo_curso"":""41"",""curso"":""Engenharia de Telecomunicações"",""vagas_regular"":14,""vagas_vestibulando"":0,""vagas"":14,""inscritos_regular"":5,""inscritos_vestibulando"":0,""inscritos"":5},{""codigo_curso"":""42"",""curso"":""Engenharia de Produção"",""vagas_regular"":6,""vagas_vestibulando"":0,""vagas"":6,""inscritos_regular"":0,""inscritos_vestibulando"":0,""inscritos"":0},{""codigo_curso"":""43"",""curso"":""Engenharia Agrícola e Ambiental"",""vagas_regular"":6,""vagas_vestibulando"":0,""vagas"":6,""inscritos_regular"":6,""inscritos_vestibulando"":0,""inscritos"":6},{""codigo_curso"":""51"",""curso"":""Engenharia de Petróleo"",""vagas_regular"":5,""vagas_vestibulando"":0,""vagas"":5,""inscritos_regular"":1,""inscritos_vestibulando"":0,""inscritos"":1},{""codigo_curso"":""56"",""curso"":""Eng. de Recursos Hídricos e Meio Ambiente"",""vagas_regular"":7,""vagas_vestibulando"":0,""vagas"":7,""inscritos_regular"":5,""inscritos_vestibulando"":0,""inscritos"":5},{""codigo_curso"":""82"",""curso"":""Física(Pádua)"",""vagas_regular"":1,""vagas_vestibulando"":0,""vagas"":1,""inscritos_regular"":1,""inscritos_vestibulando"":0,""inscritos"":1}]",Quadro de Horários UFF — páginas públicas de listagem e detalhe
2026-1,GFI00158,FÍSICA I,B3,/graduacao/quadrodehorarios/turmas/100000444729,,Ter 11:00-13:00; Qui 11:00-13:00; Sab 08:00-10:00,Ter-Qui-Sab,CC,False,25;27;31;38;40;41;42;43;50;51;56,False,75,69,1,0,0,0,74,69,"[{""codigo_curso"":""41"",""curso"":""Engenharia de Telecomunicações"",""vagas_regular"":12,""vagas_vestibulando"":0,""vagas"":12,""inscritos_regular"":11,""inscritos_vestibulando"":0,""inscritos"":11},{""codigo_curso"":""51"",""curso"":""Engenharia de Petróleo"",""vagas_regular"":11,""vagas_vestibulando"":0,""vagas"":11,""inscritos_regular"":11,""inscritos_vestibulando"":0,""inscritos"":11},{""codigo_curso"":""42"",""curso"":""Engenharia de Produção"",""vagas_regular"":4,""vagas_vestibulando"":0,""vagas"":4,""inscritos_regular"":3,""inscritos_vestibulando"":0,""inscritos"":3},{""codigo_curso"":""56"",""curso"":""Eng. de Recursos Hídricos e Meio Ambiente"",""vagas_regular"":8,""vagas_vestibulando"":0,""vagas"":8,""inscritos_regular"":6,""inscritos_vestibulando"":0,""inscritos"":6},{""codigo_curso"":""40"",""curso"":""Engenharia Mecânica"",""vagas_regular"":6,""vagas_vestibulando"":0,""vagas"":6,""inscritos_regular"":6,""inscritos_vestibulando"":0,""inscritos"":6},{""codigo_curso"":""27"",""curso"":""Engenharia Química"",""vagas_regular"":3,""vagas_vestibulando"":0,""vagas"":3,""inscritos_regular"":3,""inscritos_vestibulando"":0,""inscritos"":3},{""codigo_curso"":""50"",""curso"":""Geofísica"",""vagas_regular"":2,""vagas_vestibulando"":0,""vagas"":2,""inscritos_regular"":2,""inscritos_vestibulando"":0,""inscritos"":2},{""codigo_curso"":""25"",""curso"":""Física"",""vagas_regular"":7,""vagas_vestibulando"":0,""vagas"":7,""inscritos_regular"":7,""inscritos_vestibulando"":0,""inscritos"":7},{""codigo_curso"":""43"",""curso"":""Engenharia Agrícola e Ambiental"",""vagas_regular"":15,""vagas_vestibulando"":0,""vagas"":15,""inscritos_regular"":14,""inscritos_vestibulando"":0,""inscritos"":14},{""codigo_curso"":""38"",""curso"":""Engenharia Elétrica"",""vagas_regular"":6,""vagas_vestibulando"":0,""vagas"":6,""inscritos_regular"":6,""inscritos_vestibulando"":0,""inscritos"":6},{""codigo_curso"":""31"",""curso"":""Ciência da Computação"",""vagas_regular"":1,""vagas_vestibulando"":0,""vagas"":1,""inscritos_regular"":0,""inscritos_vestibulando"":0,""inscritos"":0}]",Quadro de Horários UFF — páginas públicas de listagem e detalhe
2026-1,GFI00158,FÍSICA I,C1,/graduacao/quadrodehorarios/turmas/100000444708,,Qua 09:00-11:00; Sex 09:00-11:00; Sab 08:00-10:00,Qua-Sex-Sab,CC,False,20;25;27;28;29;31;37;38;40;41;42;43;50;56,False,75,48,12,11,0,0,63,37,"[{""codigo_curso"":""56"",""curso"":""Eng. de Recursos Hídricos e Meio Ambiente"",""vagas_regular"":2,""vagas_vestibulando"":0,""vagas"":2,""inscritos_regular"":2,""inscritos_vestibulando"":0,""inscritos"":2},{""codigo_curso"":""43"",""curso"":""Engenharia Agrícola e Ambiental"",""vagas_regular"":3,""vagas_vestibulando"":0,""vagas"":3,""inscritos_regular"":2,""inscritos_vestibulando"":0,""inscritos"":2},{""codigo_curso"":""38"",""curso"":""Engenharia Elétrica"",""vagas_regular"":4,""vagas_vestibulando"":0,""vagas"":4,""inscritos_regular"":3,""inscritos_vestibulando"":0,""inscritos"":3},{""codigo_curso"":""20"",""curso"":""Matemática"",""vagas_regular"":1,""vagas_vestibulando"":1,""vagas"":2,""inscritos_regular"":1,""inscritos_vestibulando"":0,""inscritos"":1},{""codigo_curso"":""25"",""curso"":""Física"",""vagas_regular"":3,""vagas_vestibulando"":1,""vagas"":4,""inscritos_regular"":2,""inscritos_vestibulando"":0,""inscritos"":2},{""codigo_curso"":""28"",""curso"":""Química"",""vagas_regular"":4,""vagas_vestibulando"":0,""vagas"":4,""inscritos_regular"":0,""inscritos_vestibulando"":0,""inscritos"":0},{""codigo_curso"":""31"",""curso"":""Ciência da Computação"",""vagas_regular"":12,""vagas_vestibulando"":0,""vagas"":12,""inscritos_regular"":11,""inscritos_vestibulando"":0,""inscritos"":11},{""codigo_curso"":""37"",""curso"":""Engenharia Civil"",""vagas_regular"":6,""vagas_vestibulando"":0,""vagas"":6,""inscritos_regular"":5,""inscritos_vestibulando"":0,""inscritos"":5},{""codigo_curso"":""40"",""curso"":""Engenharia Mecânica"",""vagas_regular"":7,""vagas_vestibulando"":0,""vagas"":7,""inscritos_regular"":4,""inscritos_vestibulando"":0,""inscritos"":4},{""codigo_curso"":""41"",""curso"":""Engenharia de Telecomunicações"",""vagas_regular"":13,""vagas_vestibulando"":0,""vagas"":13,""inscritos_regular"":9,""inscritos_vestibulando"":0,""inscritos"":9},{""codigo_curso"":""42"",""curso"":""Engenharia de Produção"",""vagas_regular"":4,""vagas_vestibulando"":0,""vagas"":4,""inscritos_regular"":2,""inscritos_vestibulando"":1,""inscritos"":3},{""codigo_curso"":""50"",""curso"":""Geofísica"",""vagas_regular"":6,""vagas_vestibulando"":0,""vagas"":6,""inscritos_regular"":0,""inscritos_vestibulando"":0,""inscritos"":0},{""codigo_curso"":""27"",""curso"":""Engenharia Química"",""vagas_regular"":7,""vagas_vestibulando"":0,""vagas"":7,""inscritos_regular"":6,""inscritos_vestibulando"":0,""inscritos"":6},{""codigo_curso"":""29"",""curso"":""Química Industrial"",""vagas_regular"":1,""vagas_vestibulando"":0,""vagas"":1,""inscritos_regular"":0,""inscritos_vestibulando"":0,""inscritos"":0}]",Quadro de Horários UFF — páginas públicas de listagem e detalhe
2026-1,GFI00158,FÍSICA I,C3,/graduacao/quadrodehorarios/turmas/100000444697,,Qua 11:00-13:00; Sex 11:00-13:00; Sab 08:00-10:00,Qua-Sex-Sab,CC,False,20;25;31;37;38;40;41;42;43;50;51;56,False,77,65,1,1,0,0,76,64,"[{""codigo_curso"":""50"",""curso"":""Geofísica"",""vagas_regular"":3,""vagas_vestibulando"":0,""vagas"":3,""inscritos_regular"":1,""inscritos_vestibulando"":0,""inscritos"":1},{""codigo_curso"":""20"",""curso"":""Matemática"",""vagas_regular"":3,""vagas_vestibulando"":0,""vagas"":3,""inscritos_regular"":1,""inscritos_vestibulando"":0,""inscritos"":1},{""codigo_curso"":""42"",""curso"":""Engenharia de Produção"",""vagas_regular"":8,""vagas_vestibulando"":0,""vagas"":8,""inscritos_regular"":8,""inscritos_vestibulando"":0,""inscritos"":8},{""codigo_curso"":""25"",""curso"":""Física"",""vagas_regular"":4,""vagas_vestibulando"":0,""vagas"":4,""inscritos_regular"":3,""inscritos_vestibulando"":0,""inscritos"":3},{""codigo_curso"":""37"",""curso"":""Engenharia Civil"",""vagas_regular"":4,""vagas_vestibulando"":0,""vagas"":4,""inscritos_regular"":3,""inscritos_vestibulando"":0,""inscritos"":3},{""codigo_curso"":""38"",""curso"":""Engenharia Elétrica"",""vagas_regular"":3,""vagas_vestibulando"":0,""vagas"":3,""inscritos_regular"":3,""inscritos_vestibulando"":0,""inscritos"":3},{""codigo_curso"":""40"",""curso"":""Engenharia Mecânica"",""vagas_regular"":28,""vagas_vestibulando"":0,""vagas"":28,""inscritos_regular"":27,""inscritos_vestibulando"":0,""inscritos"":27},{""codigo_curso"":""43"",""curso"":""Engenharia Agrícola e Ambiental"",""vagas_regular"":8,""vagas_vestibulando"":0,""vagas"":8,""inscritos_regular"":5,""inscritos_vestibulando"":0,""inscritos"":5},{""codigo_curso"":""51"",""curso"":""Engenharia de Petróleo"",""vagas_regular"":2,""vagas_vestibulando"":0,""vagas"":2,""inscritos_regular"":2,""inscritos_vestibulando"":0,""inscritos"":2},{""codigo_curso"":""56"",""curso"":""Eng. de Recursos Hídricos e Meio Ambiente"",""vagas_regular"":12,""vagas_vestibulando"":0,""vagas"":12,""inscritos_regular"":11,""inscritos_vestibulando"":0,""inscritos"":11},{""codigo_curso"":""31"",""curso"":""Ciência da Computação"",""vagas_regular"":1,""vagas_vestibulando"":0,""vagas"":1,""inscritos_regular"":1,""inscritos_vestibulando"":0,""inscritos"":1},{""codigo_curso"":""41"",""curso"":""Engenharia de Telecomunicações"",""vagas_regular"":1,""vagas_vestibulando"":0,""vagas"":1,""inscritos_regular"":0,""inscritos_vestibulando"":0,""inscritos"":0}]",Quadro de Horários UFF — páginas públicas de listagem e detalhe
2026-1,GFI00158,FÍSICA I,F4,/graduacao/quadrodehorarios/turmas/100000444711,,Seg 14:00-16:00; Qua 14:00-16:00; Sab 08:00-10:00,Seg-Qua-Sab,CC,False,27;28;29;31;37;38;40;41;42;43;56,False,75,64,19,17,0,0,56,47,"[{""codigo_curso"":""40"",""curso"":""Engenharia Mecânica"",""vagas_regular"":1,""vagas_vestibulando"":0,""vagas"":1,""inscritos_regular"":1,""inscritos_vestibulando"":0,""inscritos"":1},{""codigo_curso"":""43"",""curso"":""Engenharia Agrícola e Ambiental"",""vagas_regular"":3,""vagas_vestibulando"":0,""vagas"":3,""inscritos_regular"":3,""inscritos_vestibulando"":0,""inscritos"":3},{""codigo_curso"":""37"",""curso"":""Engenharia Civil"",""vagas_regular"":10,""vagas_vestibulando"":0,""vagas"":10,""inscritos_regular"":9,""inscritos_vestibulando"":0,""inscritos"":9},{""codigo_curso"":""38"",""curso"":""Engenharia Elétrica"",""vagas_regular"":4,""vagas_vestibulando"":1,""vagas"":5,""inscritos_regular"":4,""inscritos_vestibulando"":1,""inscritos"":5},{""codigo_curso"":""27"",""curso"":""Engenharia Química"",""vagas_regular"":14,""vagas_vestibulando"":0,""vagas"":14,""inscritos_regular"":11,""inscritos_vestibulando"":0,""inscritos"":11},{""codigo_curso"":""56"",""curso"":""Eng. de Recursos Hídricos e Meio Ambiente"",""vagas_regular"":8,""vagas_vestibulando"":0,""vagas"":8,""inscritos_regular"":7,""inscritos_vestibulando"":0,""inscritos"":7},{""codigo_curso"":""31"",""curso"":""Ciência da Computação"",""vagas_regular"":19,""vagas_vestibulando"":0,""vagas"":19,""inscritos_regular"":17,""inscritos_vestibulando"":0,""inscritos"":17},{""codigo_curso"":""28"",""curso"":""Química"",""vagas_regular"":4,""vagas_vestibulando"":0,""vagas"":4,""inscritos_regular"":4,""inscritos_vestibulando"":0,""inscritos"":4},{""codigo_curso"":""29"",""curso"":""Química Industrial"",""vagas_regular"":2,""vagas_vestibulando"":0,""vagas"":2,""inscritos_regular"":0,""inscritos_vestibulando"":0,""inscritos"":0},{""codigo_curso"":""41"",""curso"":""Engenharia de Telecomunicações"",""vagas_regular"":6,""vagas_vestibulando"":0,""vagas"":6,""inscritos_regular"":6,""inscritos_vestibulando"":0,""inscritos"":6},{""codigo_curso"":""42"",""curso"":""Engenharia de Produção"",""vagas_regular"":3,""vagas_vestibulando"":0,""vagas"":3,""inscritos_regular"":1,""inscritos_vestibulando"":0,""inscritos"":1}]",Quadro de Horários UFF — páginas públicas de listagem e detalhe
2026-1,GFI00158,FÍSICA I,H3,/graduacao/quadrodehorarios/turmas/100000444686,,Qua 11:00-13:00; Sex 11:00-13:00; Sab 08:00-10:00,Qua-Sex-Sab,CC,False,27;28;29;31;37;38;40;41;42;43;50;51;56,False,56,19,6,3,0,0,50,16,"[{""codigo_curso"":""43"",""curso"":""Engenharia Agrícola e Ambiental"",""vagas_regular"":2,""vagas_vestibulando"":0,""vagas"":2,""inscritos_regular"":0,""inscritos_vestibulando"":0,""inscritos"":0},{""codigo_curso"":""51"",""curso"":""Engenharia de Petróleo"",""vagas_regular"":2,""vagas_vestibulando"":0,""vagas"":2,""inscritos_regular"":1,""inscritos_vestibulando"":0,""inscritos"":1},{""codigo_curso"":""27"",""curso"":""Engenharia Química"",""vagas_regular"":8,""vagas_vestibulando"":0,""vagas"":8,""inscritos_regular"":4,""inscritos_vestibulando"":0,""inscritos"":4},{""codigo_curso"":""28"",""curso"":""Química"",""vagas_regular"":4,""vagas_vestibulando"":0,""vagas"":4,""inscritos_regular"":1,""inscritos_vestibulando"":0,""inscritos"":1},{""codigo_curso"":""29"",""curso"":""Química Industrial"",""vagas_regular"":7,""vagas_vestibulando"":0,""vagas"":7,""inscritos_regular"":1,""inscritos_vestibulando"":0,""inscritos"":1},{""codigo_curso"":""31"",""curso"":""Ciência da Computação"",""vagas_regular"":6,""vagas_vestibulando"":0,""vagas"":6,""inscritos_regular"":3,""inscritos_vestibulando"":0,""inscritos"":3},{""codigo_curso"":""37"",""curso"":""Engenharia Civil"",""vagas_regular"":5,""vagas_vestibulando"":0,""vagas"":5,""inscritos_regular"":0,""inscritos_vestibulando"":0,""inscritos"":0},{""codigo_curso"":""38"",""curso"":""Engenharia Elétrica"",""vagas_regular"":1,""vagas_vestibulando"":0,""vagas"":1,""inscritos_regular"":0,""inscritos_vestibulando"":0,""inscritos"":0},{""codigo_curso"":""40"",""curso"":""Engenharia Mecânica"",""vagas_regular"":10,""vagas_vestibulando"":0,""vagas"":10,""inscritos_regular"":6,""inscritos_vestibulando"":0,""inscritos"":6},{""codigo_curso"":""42"",""curso"":""Engenharia de Produção"",""vagas_regular"":1,""vagas_vestibulando"":0,""vagas"":1,""inscritos_regular"":0,""inscritos_vestibulando"":0,""inscritos"":0},{""codigo_curso"":""50"",""curso"":""Geofísica"",""vagas_regular"":3,""vagas_vestibulando"":0,""vagas"":3,""inscritos_regular"":1,""inscritos_vestibulando"":0,""inscritos"":1},{""codigo_curso"":""56"",""curso"":""Eng. de Recursos Hídricos e Meio Ambiente"",""vagas_regular"":5,""vagas_vestibulando"":0,""vagas"":5,""inscritos_regular"":1,""inscritos_vestibulando"":0,""inscritos"":1},{""codigo_curso"":""41"",""curso"":""Engenharia de Telecomunicações"",""vagas_regular"":2,""vagas_vestibulando"":0,""vagas"":2,""inscritos_regular"":1,""inscritos_vestibulando"":0,""inscritos"":1}]",Quadro de Horários UFF — páginas públicas de listagem e detalhe
2026-1,GFI00159,FÍSICA II,A5,/graduacao/quadrodehorarios/turmas/100000444683,,Seg 16:00-18:00; Qua 16:00-18:00; Sab 11:00-13:00,Seg-Qua-Sab,CC,False,25;27;28;29;31;37;38;40;41;42;43;50;51;56,False,71,44,2,1,0,0,69,43,"[{""codigo_curso"":""25"",""curso"":""Física"",""vagas_regular"":7,""vagas_vestibulando"":1,""vagas"":8,""inscritos_regular"":5,""inscritos_vestibulando"":1,""inscritos"":6},{""codigo_curso"":""27"",""curso"":""Engenharia Química"",""vagas_regular"":7,""vagas_vestibulando"":0,""vagas"":7,""inscritos_regular"":6,""inscritos_vestibulando"":0,""inscritos"":6},{""codigo_curso"":""28"",""curso"":""Química"",""vagas_regular"":8,""vagas_vestibulando"":0,""vagas"":8,""inscritos_regular"":3,""inscritos_vestibulando"":0,""inscritos"":3},{""codigo_curso"":""29"",""curso"":""Química Industrial"",""vagas_regular"":8,""vagas_vestibulando"":0,""vagas"":8,""inscritos_regular"":3,""inscritos_vestibulando"":0,""inscritos"":3},{""codigo_curso"":""31"",""curso"":""Ciência da Computação"",""vagas_regular"":2,""vagas_vestibulando"":0,""vagas"":2,""inscritos_regular"":1,""inscritos_vestibulando"":0,""inscritos"":1},{""codigo_curso"":""37"",""curso"":""Engenharia Civil"",""vagas_regular"":7,""vagas_vestibulando"":0,""vagas"":7,""inscritos_regular"":1,""inscritos_vestibulando"":0,""inscritos"":1},{""codigo_curso"":""38"",""curso"":""Engenharia Elétrica"",""vagas_regular"":8,""vagas_vestibulando"":0,""vagas"":8,""inscritos_regular"":8,""inscritos_vestibulando"":0,""inscritos"":8},{""codigo_curso"":""41"",""curso"":""Engenharia de Telecomunicações"",""vagas_regular"":4,""vagas_vestibulando"":0,""vagas"":4,""inscritos_regular"":4,""inscritos_vestibulando"":0,""inscritos"":4},{""codigo_curso"":""42"",""curso"":""Engenharia de Produção"",""vagas_regular"":4,""vagas_vestibulando"":0,""vagas"":4,""inscritos_regular"":4,""inscritos_vestibulando"":0,""inscritos"":4},{""codigo_curso"":""43"",""curso"":""Engenharia Agrícola e Ambiental"",""vagas_regular"":5,""vagas_vestibulando"":0,""vagas"":5,""inscritos_regular"":2,""inscritos_vestibulando"":0,""inscritos"":2},{""codigo_curso"":""51"",""curso"":""Engenharia de Petróleo"",""vagas_regular"":2,""vagas_vestibulando"":0,""vagas"":2,""inscritos_regular"":1,""inscritos_vestibulando"":0,""inscritos"":1},{""codigo_curso"":""56"",""curso"":""Eng. de Recursos Hídricos e Meio Ambiente"",""vagas_regular"":5,""vagas_vestibulando"":0,""vagas"":5,""inscritos_regular"":4,""inscritos_vestibulando"":0,""inscritos"":4},{""codigo_curso"":""40"",""curso"":""Engenharia Mecânica"",""vagas_regular"":2,""vagas_vestibulando"":0,""vagas"":2,""inscritos_regular"":1,""inscritos_vestibulando"":0,""inscritos"":1},{""codigo_curso"":""50"",""curso"":""Geofísica"",""vagas_regular"":1,""vagas_vestibulando"":0,""vagas"":1,""inscritos_regular"":0,""inscritos_vestibulando"":0,""inscritos"":0}]",Quadro de Horários UFF — páginas públicas de listagem e detalhe
2026-1,GFI00159,FÍSICA II,A6,/graduacao/quadrodehorarios/turmas/100000444700,,Seg 18:00-20:00; Qua 18:00-20:00; Sab 11:00-13:00,Seg-Qua-Sab,CC,False,20;25;27;28;29;31;37;38;40;41;42;43;50;51;56,False,77,41,1,0,0,0,76,41,"[{""codigo_curso"":""20"",""curso"":""Matemática"",""vagas_regular"":1,""vagas_vestibulando"":0,""vagas"":1,""inscritos_regular"":0,""inscritos_vestibulando"":0,""inscritos"":0},{""codigo_curso"":""25"",""curso"":""Física"",""vagas_regular"":4,""vagas_vestibulando"":0,""vagas"":4,""inscritos_regular"":3,""inscritos_vestibulando"":0,""inscritos"":3},{""codigo_curso"":""28"",""curso"":""Química"",""vagas_regular"":4,""vagas_vestibulando"":0,""vagas"":4,""inscritos_regular"":3,""inscritos_vestibulando"":0,""inscritos"":3},{""codigo_curso"":""29"",""curso"":""Química Industrial"",""vagas_regular"":2,""vagas_vestibulando"":0,""vagas"":2,""inscritos_regular"":0,""inscritos_vestibulando"":0,""inscritos"":0},{""codigo_curso"":""31"",""curso"":""Ciência da Computação"",""vagas_regular"":1,""vagas_vestibulando"":0,""vagas"":1,""inscritos_regular"":0,""inscritos_vestibulando"":0,""inscritos"":0},{""codigo_curso"":""37"",""curso"":""Engenharia Civil"",""vagas_regular"":4,""vagas_vestibulando"":0,""vagas"":4,""inscritos_regular"":3,""inscritos_vestibulando"":0,""inscritos"":3},{""codigo_curso"":""38"",""curso"":""Engenharia Elétrica"",""vagas_regular"":7,""vagas_vestibulando"":0,""vagas"":7,""inscritos_regular"":3,""inscritos_vestibulando"":0,""inscritos"":3},{""codigo_curso"":""40"",""curso"":""Engenharia Mecânica"",""vagas_regular"":3,""vagas_vestibulando"":0,""vagas"":3,""inscritos_regular"":1,""inscritos_vestibulando"":0,""inscritos"":1},{""codigo_curso"":""41"",""curso"":""Engenharia de Telecomunicações"",""vagas_regular"":6,""vagas_vestibulando"":1,""vagas"":7,""inscritos_regular"":5,""inscritos_vestibulando"":1,""inscritos"":6},{""codigo_curso"":""42"",""curso"":""Engenharia de Produção"",""vagas_regular"":10,""vagas_vestibulando"":2,""vagas"":12,""inscritos_regular"":3,""inscritos_vestibulando"":1,""inscritos"":4},{""codigo_curso"":""43"",""curso"":""Engenharia Agrícola e Ambiental"",""vagas_regular"":6,""vagas_vestibulando"":0,""vagas"":6,""inscritos_regular"":2,""inscritos_vestibulando"":0,""inscritos"":2},{""codigo_curso"":""50"",""curso"":""Geofísica"",""vagas_regular"":7,""vagas_vestibulando"":1,""vagas"":8,""inscritos_regular"":5,""inscritos_vestibulando"":1,""inscritos"":6},{""codigo_curso"":""51"",""curso"":""Engenharia de Petróleo"",""vagas_regular"":3,""vagas_vestibulando"":0,""vagas"":3,""inscritos_regular"":0,""inscritos_vestibulando"":0,""inscritos"":0},{""codigo_curso"":""56"",""curso"":""Eng. de Recursos Hídricos e Meio Ambiente"",""vagas_regular"":9,""vagas_vestibulando"":0,""vagas"":9,""inscritos_regular"":4,""inscritos_vestibulando"":0,""inscritos"":4},{""codigo_curso"":""27"",""curso"":""Engenharia Química"",""vagas_regular"":6,""vagas_vestibulando"":0,""vagas"":6,""inscritos_regular"":6,""inscritos_vestibulando"":0,""inscritos"":6}]",Quadro de Horários UFF — páginas públicas de listagem e detalhe
2026-1,GFI00161,FÍSICA EXPERIMENTAL I,AG,/graduacao/quadrodehorarios/turmas/100000444754,,Seg 18:00-20:00,Seg,CC,False,20;25;31;37;40;41;42;43,False,24,22,1,1,0,0,23,21,"[{""codigo_curso"":""25"",""curso"":""Física"",""vagas_regular"":4,""vagas_vestibulando"":0,""vagas"":4,""inscritos_regular"":3,""inscritos_vestibulando"":0,""inscritos"":3},{""codigo_curso"":""41"",""curso"":""Engenharia de Telecomunicações"",""vagas_regular"":5,""vagas_vestibulando"":0,""vagas"":5,""inscritos_regular"":5,""inscritos_vestibulando"":0,""inscritos"":5},{""codigo_curso"":""40"",""curso"":""Engenharia Mecânica"",""vagas_regular"":1,""vagas_vestibulando"":0,""vagas"":1,""inscritos_regular"":1,""inscritos_vestibulando"":0,""inscritos"":1},{""codigo_curso"":""20"",""curso"":""Matemática"",""vagas_regular"":1,""vagas_vestibulando"":0,""vagas"":1,""inscritos_regular"":1,""inscritos_vestibulando"":0,""inscritos"":1},{""codigo_curso"":""31"",""curso"":""Ciência da Computação"",""vagas_regular"":1,""vagas_vestibulando"":0,""vagas"":1,""inscritos_regular"":1,""inscritos_vestibulando"":0,""inscritos"":1},{""codigo_curso"":""37"",""curso"":""Engenharia Civil"",""vagas_regular"":6,""vagas_vestibulando"":0,""vagas"":6,""inscritos_regular"":6,""inscritos_vestibulando"":0,""inscritos"":6},{""codigo_curso"":""42"",""curso"":""Engenharia de Produção"",""vagas_regular"":4,""vagas_vestibulando"":0,""vagas"":4,""inscritos_regular"":3,""inscritos_vestibulando"":0,""inscritos"":3},{""codigo_curso"":""43"",""curso"":""Engenharia Agrícola e Ambiental"",""vagas_regular"":2,""vagas_vestibulando"":0,""vagas"":2,""inscritos_regular"":2,""inscritos_vestibulando"":0,""inscritos"":2}]",Quadro de Horários UFF — páginas públicas de listagem e detalhe
2026-1,GFI00161,FÍSICA EXPERIMENTAL I,DE,/graduacao/quadrodehorarios/turmas/100000444784,,Qui 14:00-16:00,Qui,CC,False,25;27;31;37;40;41;43;51,False,24,21,6,6,0,0,18,15,"[{""codigo_curso"":""43"",""curso"":""Engenharia Agrícola e Ambiental"",""vagas_regular"":1,""vagas_vestibulando"":0,""vagas"":1,""inscritos_regular"":1,""inscritos_vestibulando"":0,""inscritos"":1},{""codigo_curso"":""40"",""curso"":""Engenharia Mecânica"",""vagas_regular"":3,""vagas_vestibulando"":0,""vagas"":3,""inscritos_regular"":3,""inscritos_vestibulando"":0,""inscritos"":3},{""codigo_curso"":""51"",""curso"":""Engenharia de Petróleo"",""vagas_regular"":2,""vagas_vestibulando"":0,""vagas"":2,""inscritos_regular"":2,""inscritos_vestibulando"":0,""inscritos"":2},{""codigo_curso"":""25"",""curso"":""Física"",""vagas_regular"":4,""vagas_vestibulando"":0,""vagas"":4,""inscritos_regular"":3,""inscritos_vestibulando"":0,""inscritos"":3},{""codigo_curso"":""27"",""curso"":""Engenharia Química"",""vagas_regular"":3,""vagas_vestibulando"":0,""vagas"":3,""inscritos_regular"":2,""inscritos_vestibulando"":0,""inscritos"":2},{""codigo_curso"":""31"",""curso"":""Ciência da Computação"",""vagas_regular"":6,""vagas_vestibulando"":0,""vagas"":6,""inscritos_regular"":6,""inscritos_vestibulando"":0,""inscritos"":6},{""codigo_curso"":""41"",""curso"":""Engenharia de Telecomunicações"",""vagas_regular"":4,""vagas_vestibulando"":0,""vagas"":4,""inscritos_regular"":4,""inscritos_vestibulando"":0,""inscritos"":4},{""codigo_curso"":""37"",""curso"":""Engenharia Civil"",""vagas_regular"":1,""vagas_vestibulando"":0,""vagas"":1,""inscritos_regular"":0,""inscritos_vestibulando"":0,""inscritos"":0}]",Quadro de Horários UFF — páginas públicas de listagem e detalhe
2026-1,GFI00161,FÍSICA EXPERIMENTAL I,DF,/graduacao/quadrodehorarios/turmas/100000444753,,Qui 16:00-18:00,Qui,CC,False,25;31;40;41;42;43,False,24,22,1,1,0,0,23,21,"[{""codigo_curso"":""41"",""curso"":""Engenharia de Telecomunicações"",""vagas_regular"":4,""vagas_vestibulando"":0,""vagas"":4,""inscritos_regular"":4,""inscritos_vestibulando"":0,""inscritos"":4},{""codigo_curso"":""25"",""curso"":""Física"",""vagas_regular"":3,""vagas_vestibulando"":0,""vagas"":3,""inscritos_regular"":3,""inscritos_vestibulando"":0,""inscritos"":3},{""codigo_curso"":""31"",""curso"":""Ciência da Computação"",""vagas_regular"":1,""vagas_vestibulando"":0,""vagas"":1,""inscritos_regular"":1,""inscritos_vestibulando"":0,""inscritos"":1},{""codigo_curso"":""40"",""curso"":""Engenharia Mecânica"",""vagas_regular"":4,""vagas_vestibulando"":0,""vagas"":4,""inscritos_regular"":4,""inscritos_vestibulando"":0,""inscritos"":4},{""codigo_curso"":""42"",""curso"":""Engenharia de Produção"",""vagas_regular"":8,""vagas_vestibulando"":0,""vagas"":8,""inscritos_regular"":6,""inscritos_vestibulando"":0,""inscritos"":6},{""codigo_curso"":""43"",""curso"":""Engenharia Agrícola e Ambiental"",""vagas_regular"":4,""vagas_vestibulando"":0,""vagas"":4,""inscritos_regular"":4,""inscritos_vestibulando"":0,""inscritos"":4}]",Quadro de Horários UFF — páginas públicas de listagem e detalhe
2026-1,GFI00161,FÍSICA EXPERIMENTAL I,HF,/graduacao/quadrodehorarios/turmas/100000444763,,Qua 16:00-18:00,Qua,CC,False,27;31;37;38;43;51;56,False,24,24,1,1,0,0,23,23,"[{""codigo_curso"":""38"",""curso"":""Engenharia Elétrica"",""vagas_regular"":1,""vagas_vestibulando"":0,""vagas"":1,""inscritos_regular"":1,""inscritos_vestibulando"":0,""inscritos"":1},{""codigo_curso"":""56"",""curso"":""Eng. de Recursos Hídricos e Meio Ambiente"",""vagas_regular"":3,""vagas_vestibulando"":0,""vagas"":3,""inscritos_regular"":3,""inscritos_vestibulando"":0,""inscritos"":3},{""codigo_curso"":""37"",""curso"":""Engenharia Civil"",""vagas_regular"":5,""vagas_vestibulando"":0,""vagas"":5,""inscritos_regular"":5,""inscritos_vestibulando"":0,""inscritos"":5},{""codigo_curso"":""27"",""curso"":""Engenharia Química"",""vagas_regular"":5,""vagas_vestibulando"":0,""vagas"":5,""inscritos_regular"":5,""inscritos_vestibulando"":0,""inscritos"":5},{""codigo_curso"":""43"",""curso"":""Engenharia Agrícola e Ambiental"",""vagas_regular"":6,""vagas_vestibulando"":0,""vagas"":6,""inscritos_regular"":6,""inscritos_vestibulando"":0,""inscritos"":6},{""codigo_curso"":""51"",""curso"":""Engenharia de Petróleo"",""vagas_regular"":3,""vagas_vestibulando"":0,""vagas"":3,""inscritos_regular"":3,""inscritos_vestibulando"":0,""inscritos"":3},{""codigo_curso"":""31"",""curso"":""Ciência da Computação"",""vagas_regular"":1,""vagas_vestibulando"":0,""vagas"":1,""inscritos_regular"":1,""inscritos_vestibulando"":0,""inscritos"":1}]",Quadro de Horários UFF — páginas públicas de listagem e detalhe
2026-1,GFI00161,FÍSICA EXPERIMENTAL I,IF,/graduacao/quadrodehorarios/turmas/100000444752,,Qui 16:00-18:00,Qui,CC,False,25;27;31;38;41;42;43;51;56,False,24,21,2,2,0,0,22,19,"[{""codigo_curso"":""51"",""curso"":""Engenharia de Petróleo"",""vagas_regular"":1,""vagas_vestibulando"":0,""vagas"":1,""inscritos_regular"":1,""inscritos_vestibulando"":0,""inscritos"":1},{""codigo_curso"":""43"",""curso"":""Engenharia Agrícola e Ambiental"",""vagas_regular"":4,""vagas_vestibulando"":0,""vagas"":4,""inscritos_regular"":4,""inscritos_vestibulando"":0,""inscritos"":4},{""codigo_curso"":""41"",""curso"":""Engenharia de Telecomunicações"",""vagas_regular"":3,""vagas_vestibulando"":0,""vagas"":3,""inscritos_regular"":3,""inscritos_vestibulando"":0,""inscritos"":3},{""codigo_curso"":""27"",""curso"":""Engenharia Química"",""vagas_regular"":3,""vagas_vestibulando"":0,""vagas"":3,""inscritos_regular"":3,""inscritos_vestibulando"":0,""inscritos"":3},{""codigo_curso"":""38"",""curso"":""Engenharia Elétrica"",""vagas_regular"":1,""vagas_vestibulando"":0,""vagas"":1,""inscritos_regular"":1,""inscritos_vestibulando"":0,""inscritos"":1},{""codigo_curso"":""42"",""curso"":""Engenharia de Produção"",""vagas_regular"":3,""vagas_vestibulando"":0,""vagas"":3,""inscritos_regular"":3,""inscritos_vestibulando"":0,""inscritos"":3},{""codigo_curso"":""56"",""curso"":""Eng. de Recursos Hídricos e Meio Ambiente"",""vagas_regular"":5,""vagas_vestibulando"":0,""vagas"":5,""inscritos_regular"":3,""inscritos_vestibulando"":0,""inscritos"":3},{""codigo_curso"":""25"",""curso"":""Física"",""vagas_regular"":0,""vagas_vestibulando"":2,""vagas"":2,""inscritos_regular"":0,""inscritos_vestibulando"":1,""inscritos"":1},{""codigo_curso"":""31"",""curso"":""Ciência da Computação"",""vagas_regular"":2,""vagas_vestibulando"":0,""vagas"":2,""inscritos_regular"":2,""inscritos_vestibulando"":0,""inscritos"":2}]",Quadro de Horários UFF — páginas públicas de listagem e detalhe
2026-1,GGM00137,FUNDAMENTOS DE CÁLCULO E GEOMETRIA,A9,/graduacao/quadrodehorarios/turmas/100000447287,,Seg 09:00-11:00; Qua 09:00-11:00,Seg-Qua,CC,False,27;31;37;38;40;41;42;43;50;51;56,False,61,31,6,4,0,0,55,27,"[{""codigo_curso"":""31"",""curso"":""Ciência da Computação"",""vagas_regular"":5,""vagas_vestibulando"":1,""vagas"":6,""inscritos_regular"":3,""inscritos_vestibulando"":1,""inscritos"":4},{""codigo_curso"":""42"",""curso"":""Engenharia de Produção"",""vagas_regular"":5,""vagas_vestibulando"":0,""vagas"":5,""inscritos_regular"":4,""inscritos_vestibulando"":0,""inscritos"":4},{""codigo_curso"":""56"",""curso"":""Eng. de Recursos Hídricos e Meio Ambiente"",""vagas_regular"":5,""vagas_vestibulando"":0,""vagas"":5,""inscritos_regular"":0,""inscritos_vestibulando"":0,""inscritos"":0},{""codigo_curso"":""50"",""curso"":""Geofísica"",""vagas_regular"":5,""vagas_vestibulando"":0,""vagas"":5,""inscritos_regular"":2,""inscritos_vestibulando"":0,""inscritos"":2},{""codigo_curso"":""43"",""curso"":""Engenharia Agrícola e Ambiental"",""vagas_regular"":6,""vagas_vestibulando"":0,""vagas"":6,""inscritos_regular"":3,""inscritos_vestibulando"":0,""inscritos"":3},{""codigo_curso"":""27"",""curso"":""Engenharia Química"",""vagas_regular"":5,""vagas_vestibulando"":0,""vagas"":5,""inscritos_regular"":1,""inscritos_vestibulando"":0,""inscritos"":1},{""codigo_curso"":""41"",""curso"":""Engenharia de Telecomunicações"",""vagas_regular"":5,""vagas_vestibulando"":0,""vagas"":5,""inscritos_regular"":3,""inscritos_vestibulando"":0,""inscritos"":3},{""codigo_curso"":""38"",""curso"":""Engenharia Elétrica"",""vagas_regular"":7,""vagas_vestibulando"":0,""vagas"":7,""inscritos_regular"":5,""inscritos_vestibulando"":0,""inscritos"":5},{""codigo_curso"":""40"",""curso"":""Engenharia Mecânica"",""vagas_regular"":5,""vagas_vestibulando"":0,""vagas"":5,""inscritos_regular"":1,""inscritos_vestibulando"":0,""inscritos"":1},{""codigo_curso"":""37"",""curso"":""Engenharia Civil"",""vagas_regular"":7,""vagas_vestibulando"":0,""vagas"":7,""inscritos_regular"":7,""inscritos_vestibulando"":0,""inscritos"":7},{""codigo_curso"":""51"",""curso"":""Engenharia de Petróleo"",""vagas_regular"":5,""vagas_vestibulando"":0,""vagas"":5,""inscritos_regular"":1,""inscritos_vestibulando"":0,""inscritos"":1}]",Quadro de Horários UFF — páginas públicas de listagem e detalhe
2026-1,GGM00137,FUNDAMENTOS DE CÁLCULO E GEOMETRIA,B8,/graduacao/quadrodehorarios/turmas/100000451409,,Seg 11:00-13:00; Qua 11:00-13:00,Seg-Qua,CC;SI,True,27;31;37;38;40;41;42;43;51;56;83,True,55,6,5,0,5,0,45,6,"[{""codigo_curso"":""40"",""curso"":""Engenharia Mecânica"",""vagas_regular"":5,""vagas_vestibulando"":0,""vagas"":5,""inscritos_regular"":3,""inscritos_vestibulando"":0,""inscritos"":3},{""codigo_curso"":""38"",""curso"":""Engenharia Elétrica"",""vagas_regular"":5,""vagas_vestibulando"":0,""vagas"":5,""inscritos_regular"":0,""inscritos_vestibulando"":0,""inscritos"":0},{""codigo_curso"":""31"",""curso"":""Ciência da Computação"",""vagas_regular"":5,""vagas_vestibulando"":0,""vagas"":5,""inscritos_regular"":0,""inscritos_vestibulando"":0,""inscritos"":0},{""codigo_curso"":""41"",""curso"":""Engenharia de Telecomunicações"",""vagas_regular"":5,""vagas_vestibulando"":0,""vagas"":5,""inscritos_regular"":0,""inscritos_vestibulando"":0,""inscritos"":0},{""codigo_curso"":""37"",""curso"":""Engenharia Civil"",""vagas_regular"":5,""vagas_vestibulando"":0,""vagas"":5,""inscritos_regular"":2,""inscritos_vestibulando"":0,""inscritos"":2},{""codigo_curso"":""56"",""curso"":""Eng. de Recursos Hídricos e Meio Ambiente"",""vagas_regular"":5,""vagas_vestibulando"":0,""vagas"":5,""inscritos_regular"":0,""inscritos_vestibulando"":0,""inscritos"":0},{""codigo_curso"":""42"",""curso"":""Engenharia de Produção"",""vagas_regular"":5,""vagas_vestibulando"":0,""vagas"":5,""inscritos_regular"":0,""inscritos_vestibulando"":0,""inscritos"":0},{""codigo_curso"":""43"",""curso"":""Engenharia Agrícola e Ambiental"",""vagas_regular"":5,""vagas_vestibulando"":0,""vagas"":5,""inscritos_regular"":1,""inscritos_vestibulando"":0,""inscritos"":1},{""codigo_curso"":""51"",""curso"":""Engenharia de Petróleo"",""vagas_regular"":5,""vagas_vestibulando"":0,""vagas"":5,""inscritos_regular"":0,""inscritos_vestibulando"":0,""inscritos"":0},{""codigo_curso"":""27"",""curso"":""Engenharia Química"",""vagas_regular"":5,""vagas_vestibulando"":0,""vagas"":5,""inscritos_regular"":0,""inscritos_vestibulando"":0,""inscritos"":0},{""codigo_curso"":""83"",""curso"":""Sistemas de Informação"",""vagas_regular"":5,""vagas_vestibulando"":0,""vagas"":5,""inscritos_regular"":0,""inscritos_vestibulando"":0,""inscritos"":0}]",Quadro de Horários UFF — páginas públicas de listagem e detalhe
2026-1,GGM00137,FUNDAMENTOS DE CÁLCULO E GEOMETRIA,B9,/graduacao/quadrodehorarios/turmas/100000447285,,Seg 11:00-13:00; Qua 11:00-13:00,Seg-Qua,CC,False,27;31;37;38;40;41;42;43;50;51;56,False,53,41,10,8,0,0,43,33,"[{""codigo_curso"":""41"",""curso"":""Engenharia de Telecomunicações"",""vagas_regular"":8,""vagas_vestibulando"":0,""vagas"":8,""inscritos_regular"":6,""inscritos_vestibulando"":0,""inscritos"":6},{""codigo_curso"":""38"",""curso"":""Engenharia Elétrica"",""vagas_regular"":1,""vagas_vestibulando"":0,""vagas"":1,""inscritos_regular"":1,""inscritos_vestibulando"":0,""inscritos"":1},{""codigo_curso"":""56"",""curso"":""Eng. de Recursos Hídricos e Meio Ambiente"",""vagas_regular"":3,""vagas_vestibulando"":0,""vagas"":3,""inscritos_regular"":2,""inscritos_vestibulando"":0,""inscritos"":2},{""codigo_curso"":""42"",""curso"":""Engenharia de Produção"",""vagas_regular"":4,""vagas_vestibulando"":0,""vagas"":4,""inscritos_regular"":1,""inscritos_vestibulando"":0,""inscritos"":1},{""codigo_curso"":""31"",""curso"":""Ciência da Computação"",""vagas_regular"":9,""vagas_vestibulando"":1,""vagas"":10,""inscritos_regular"":8,""inscritos_vestibulando"":0,""inscritos"":8},{""codigo_curso"":""40"",""curso"":""Engenharia Mecânica"",""vagas_regular"":3,""vagas_vestibulando"":0,""vagas"":3,""inscritos_regular"":3,""inscritos_vestibulando"":0,""inscritos"":3},{""codigo_curso"":""37"",""curso"":""Engenharia Civil"",""vagas_regular"":9,""vagas_vestibulando"":0,""vagas"":9,""inscritos_regular"":8,""inscritos_vestibulando"":0,""inscritos"":8},{""codigo_curso"":""43"",""curso"":""Engenharia Agrícola e Ambiental"",""vagas_regular"":8,""vagas_vestibulando"":0,""vagas"":8,""inscritos_regular"":5,""inscritos_vestibulando"":0,""inscritos"":5},{""codigo_curso"":""51"",""curso"":""Engenharia de Petróleo"",""vagas_regular"":5,""vagas_vestibulando"":0,""vagas"":5,""inscritos_regular"":5,""inscritos_vestibulando"":0,""inscritos"":5},{""codigo_curso"":""27"",""curso"":""Engenharia Química"",""vagas_regular"":1,""vagas_vestibulando"":0,""vagas"":1,""inscritos_regular"":1,""inscritos_vestibulando"":0,""inscritos"":1},{""codigo_curso"":""50"",""curso"":""Geofísica"",""vagas_regular"":1,""vagas_vestibulando"":0,""vagas"":1,""inscritos_regular"":1,""inscritos_vestibulando"":0,""inscritos"":1}]",Quadro de Horários UFF — páginas públicas de listagem e detalhe
2026-1,GGM00137,FUNDAMENTOS DE CÁLCULO E GEOMETRIA,D1,/graduacao/quadrodehorarios/turmas/100000447248,,Seg 16:00-18:00; Qua 16:00-18:00,Seg-Qua,SI,False,27;37;38;40;42;56;83,False,73,60,0,0,5,2,68,58,"[{""codigo_curso"":""37"",""curso"":""Engenharia Civil"",""vagas_regular"":5,""vagas_vestibulando"":45,""vagas"":50,""inscritos_regular"":5,""inscritos_vestibulando"":41,""inscritos"":46},{""codigo_curso"":""40"",""curso"":""Engenharia Mecânica"",""vagas_regular"":3,""vagas_vestibulando"":0,""vagas"":3,""inscritos_regular"":1,""inscritos_vestibulando"":0,""inscritos"":1},{""codigo_curso"":""56"",""curso"":""Eng. de Recursos Hídricos e Meio Ambiente"",""vagas_regular"":3,""vagas_vestibulando"":0,""vagas"":3,""inscritos_regular"":1,""inscritos_vestibulando"":0,""inscritos"":1},{""codigo_curso"":""27"",""curso"":""Engenharia Química"",""vagas_regular"":3,""vagas_vestibulando"":0,""vagas"":3,""inscritos_regular"":2,""inscritos_vestibulando"":0,""inscritos"":2},{""codigo_curso"":""83"",""curso"":""Sistemas de Informação"",""vagas_regular"":5,""vagas_vestibulando"":0,""vagas"":5,""inscritos_regular"":2,""inscritos_vestibulando"":0,""inscritos"":2},{""codigo_curso"":""38"",""curso"":""Engenharia Elétrica"",""vagas_regular"":4,""vagas_vestibulando"":0,""vagas"":4,""inscritos_regular"":4,""inscritos_vestibulando"":0,""inscritos"":4},{""codigo_curso"":""42"",""curso"":""Engenharia de Produção"",""vagas_regular"":5,""vagas_vestibulando"":0,""vagas"":5,""inscritos_regular"":4,""inscritos_vestibulando"":0,""inscritos"":4}]",Quadro de Horários UFF — páginas públicas de listagem e detalhe
2026-1,GGM00137,FUNDAMENTOS DE CÁLCULO E GEOMETRIA,E9,/graduacao/quadrodehorarios/turmas/100000447277,,Ter 09:00-11:00; Qui 09:00-11:00,Ter-Qui,CC,False,27;31;37;38;40;41;42;43;50;51;56,False,58,22,6,1,0,0,52,21,"[{""codigo_curso"":""41"",""curso"":""Engenharia de Telecomunicações"",""vagas_regular"":5,""vagas_vestibulando"":0,""vagas"":5,""inscritos_regular"":3,""inscritos_vestibulando"":0,""inscritos"":3},{""codigo_curso"":""31"",""curso"":""Ciência da Computação"",""vagas_regular"":5,""vagas_vestibulando"":1,""vagas"":6,""inscritos_regular"":1,""inscritos_vestibulando"":0,""inscritos"":1},{""codigo_curso"":""27"",""curso"":""Engenharia Química"",""vagas_regular"":7,""vagas_vestibulando"":0,""vagas"":7,""inscritos_regular"":6,""inscritos_vestibulando"":0,""inscritos"":6},{""codigo_curso"":""37"",""curso"":""Engenharia Civil"",""vagas_regular"":5,""vagas_vestibulando"":0,""vagas"":5,""inscritos_regular"":2,""inscritos_vestibulando"":0,""inscritos"":2},{""codigo_curso"":""50"",""curso"":""Geofísica"",""vagas_regular"":5,""vagas_vestibulando"":0,""vagas"":5,""inscritos_regular"":0,""inscritos_vestibulando"":0,""inscritos"":0},{""codigo_curso"":""43"",""curso"":""Engenharia Agrícola e Ambiental"",""vagas_regular"":5,""vagas_vestibulando"":0,""vagas"":5,""inscritos_regular"":1,""inscritos_vestibulando"":0,""inscritos"":1},{""codigo_curso"":""42"",""curso"":""Engenharia de Produção"",""vagas_regular"":5,""vagas_vestibulando"":0,""vagas"":5,""inscritos_regular"":2,""inscritos_vestibulando"":0,""inscritos"":2},{""codigo_curso"":""40"",""curso"":""Engenharia Mecânica"",""vagas_regular"":5,""vagas_vestibulando"":0,""vagas"":5,""inscritos_regular"":2,""inscritos_vestibulando"":0,""inscritos"":2},{""codigo_curso"":""38"",""curso"":""Engenharia Elétrica"",""vagas_regular"":5,""vagas_vestibulando"":0,""vagas"":5,""inscritos_regular"":1,""inscritos_vestibulando"":0,""inscritos"":1},{""codigo_curso"":""56"",""curso"":""Eng. de Recursos Hídricos e Meio Ambiente"",""vagas_regular"":5,""vagas_vestibulando"":0,""vagas"":5,""inscritos_regular"":2,""inscritos_vestibulando"":0,""inscritos"":2},{""codigo_curso"":""51"",""curso"":""Engenharia de Petróleo"",""vagas_regular"":5,""vagas_vestibulando"":0,""vagas"":5,""inscritos_regular"":2,""inscritos_vestibulando"":0,""inscritos"":2}]",Quadro de Horários UFF — páginas públicas de listagem e detalhe
2026-1,GGM00137,FUNDAMENTOS DE CÁLCULO E GEOMETRIA,F1,/graduacao/quadrodehorarios/turmas/100000447246,,Ter 11:00-13:00; Qui 11:00-13:00,Ter-Qui,CC,False,31,False,60,45,60,45,0,0,0,0,"[{""codigo_curso"":""31"",""curso"":""Ciência da Computação"",""vagas_regular"":0,""vagas_vestibulando"":60,""vagas"":60,""inscritos_regular"":0,""inscritos_vestibulando"":45,""inscritos"":45}]",Quadro de Horários UFF — páginas públicas de listagem e detalhe
2026-1,GGM00137,FUNDAMENTOS DE CÁLCULO E GEOMETRIA,F9,/graduacao/quadrodehorarios/turmas/100000447288,,Ter 11:00-13:00; Qui 11:00-13:00,Ter-Qui,CC,False,27;31;37;38;40;41;42;43;50;51;56,False,67,49,6,5,0,0,61,44,"[{""codigo_curso"":""31"",""curso"":""Ciência da Computação"",""vagas_regular"":6,""vagas_vestibulando"":0,""vagas"":6,""inscritos_regular"":5,""inscritos_vestibulando"":0,""inscritos"":5},{""codigo_curso"":""56"",""curso"":""Eng. de Recursos Hídricos e Meio Ambiente"",""vagas_regular"":4,""vagas_vestibulando"":0,""vagas"":4,""inscritos_regular"":1,""inscritos_vestibulando"":0,""inscritos"":1},{""codigo_curso"":""43"",""curso"":""Engenharia Agrícola e Ambiental"",""vagas_regular"":11,""vagas_vestibulando"":0,""vagas"":11,""inscritos_regular"":7,""inscritos_vestibulando"":0,""inscritos"":7},{""codigo_curso"":""42"",""curso"":""Engenharia de Produção"",""vagas_regular"":2,""vagas_vestibulando"":0,""vagas"":2,""inscritos_regular"":2,""inscritos_vestibulando"":0,""inscritos"":2},{""codigo_curso"":""50"",""curso"":""Geofísica"",""vagas_regular"":1,""vagas_vestibulando"":0,""vagas"":1,""inscritos_regular"":0,""inscritos_vestibulando"":0,""inscritos"":0},{""codigo_curso"":""40"",""curso"":""Engenharia Mecânica"",""vagas_regular"":11,""vagas_vestibulando"":0,""vagas"":11,""inscritos_regular"":11,""inscritos_vestibulando"":0,""inscritos"":11},{""codigo_curso"":""38"",""curso"":""Engenharia Elétrica"",""vagas_regular"":5,""vagas_vestibulando"":0,""vagas"":5,""inscritos_regular"":4,""inscritos_vestibulando"":0,""inscritos"":4},{""codigo_curso"":""41"",""curso"":""Engenharia de Telecomunicações"",""vagas_regular"":8,""vagas_vestibulando"":0,""vagas"":8,""inscritos_regular"":7,""inscritos_vestibulando"":0,""inscritos"":7},{""codigo_curso"":""37"",""curso"":""Engenharia Civil"",""vagas_regular"":8,""vagas_vestibulando"":0,""vagas"":8,""inscritos_regular"":5,""inscritos_vestibulando"":0,""inscritos"":5},{""codigo_curso"":""51"",""curso"":""Engenharia de Petróleo"",""vagas_regular"":5,""vagas_vestibulando"":0,""vagas"":5,""inscritos_regular"":3,""inscritos_vestibulando"":0,""inscritos"":3},{""codigo_curso"":""27"",""curso"":""Engenharia Química"",""vagas_regular"":6,""vagas_vestibulando"":0,""vagas"":6,""inscritos_regular"":4,""inscritos_vestibulando"":0,""inscritos"":4}]",Quadro de Horários UFF — páginas públicas de listagem e detalhe
2026-1,GGM00137,FUNDAMENTOS DE CÁLCULO E GEOMETRIA,G1,/graduacao/quadrodehorarios/turmas/100000447283,,Ter 14:00-16:00; Qui 14:00-16:00,Ter-Qui,CC,False,31;37;40;41;42;50;51;56,False,75,66,2,2,0,0,73,64,"[{""codigo_curso"":""37"",""curso"":""Engenharia Civil"",""vagas_regular"":15,""vagas_vestibulando"":0,""vagas"":15,""inscritos_regular"":12,""inscritos_vestibulando"":0,""inscritos"":12},{""codigo_curso"":""51"",""curso"":""Engenharia de Petróleo"",""vagas_regular"":2,""vagas_vestibulando"":44,""vagas"":46,""inscritos_regular"":2,""inscritos_vestibulando"":44,""inscritos"":46},{""codigo_curso"":""31"",""curso"":""Ciência da Computação"",""vagas_regular"":2,""vagas_vestibulando"":0,""vagas"":2,""inscritos_regular"":2,""inscritos_vestibulando"":0,""inscritos"":2},{""codigo_curso"":""42"",""curso"":""Engenharia de Produção"",""vagas_regular"":2,""vagas_vestibulando"":0,""vagas"":2,""inscritos_regular"":1,""inscritos_vestibulando"":0,""inscritos"":1},{""codigo_curso"":""56"",""curso"":""Eng. de Recursos Hídricos e Meio Ambiente"",""vagas_regular"":2,""vagas_vestibulando"":0,""vagas"":2,""inscritos_regular"":1,""inscritos_vestibulando"":0,""inscritos"":1},{""codigo_curso"":""40"",""curso"":""Engenharia Mecânica"",""vagas_regular"":3,""vagas_vestibulando"":0,""vagas"":3,""inscritos_regular"":1,""inscritos_vestibulando"":0,""inscritos"":1},{""codigo_curso"":""50"",""curso"":""Geofísica"",""vagas_regular"":2,""vagas_vestibulando"":0,""vagas"":2,""inscritos_regular"":1,""inscritos_vestibulando"":0,""inscritos"":1},{""codigo_curso"":""41"",""curso"":""Engenharia de Telecomunicações"",""vagas_regular"":3,""vagas_vestibulando"":0,""vagas"":3,""inscritos_regular"":2,""inscritos_vestibulando"":0,""inscritos"":2}]",Quadro de Horários UFF — páginas públicas de listagem e detalhe
2026-1,GGM00137,FUNDAMENTOS DE CÁLCULO E GEOMETRIA,H9,/graduacao/quadrodehorarios/turmas/100000447280,,Ter 16:00-18:00; Qui 16:00-18:00,Ter-Qui,CC;SI,True,27;31;37;38;4;40;41;42;43;50;51;56;83;95,True,72,40,7,6,5,4,60,30,"[{""codigo_curso"":""31"",""curso"":""Ciência da Computação"",""vagas_regular"":7,""vagas_vestibulando"":0,""vagas"":7,""inscritos_regular"":6,""inscritos_vestibulando"":0,""inscritos"":6},{""codigo_curso"":""37"",""curso"":""Engenharia Civil"",""vagas_regular"":6,""vagas_vestibulando"":0,""vagas"":6,""inscritos_regular"":4,""inscritos_vestibulando"":0,""inscritos"":4},{""codigo_curso"":""41"",""curso"":""Engenharia de Telecomunicações"",""vagas_regular"":9,""vagas_vestibulando"":0,""vagas"":9,""inscritos_regular"":6,""inscritos_vestibulando"":0,""inscritos"":6},{""codigo_curso"":""83"",""curso"":""Sistemas de Informação"",""vagas_regular"":5,""vagas_vestibulando"":0,""vagas"":5,""inscritos_regular"":4,""inscritos_vestibulando"":0,""inscritos"":4},{""codigo_curso"":""56"",""curso"":""Eng. de Recursos Hídricos e Meio Ambiente"",""vagas_regular"":5,""vagas_vestibulando"":0,""vagas"":5,""inscritos_regular"":2,""inscritos_vestibulando"":0,""inscritos"":2},{""codigo_curso"":""42"",""curso"":""Engenharia de Produção"",""vagas_regular"":5,""vagas_vestibulando"":0,""vagas"":5,""inscritos_regular"":4,""inscritos_vestibulando"":0,""inscritos"":4},{""codigo_curso"":""38"",""curso"":""Engenharia Elétrica"",""vagas_regular"":5,""vagas_vestibulando"":0,""vagas"":5,""inscritos_regular"":2,""inscritos_vestibulando"":0,""inscritos"":2},{""codigo_curso"":""50"",""curso"":""Geofísica"",""vagas_regular"":5,""vagas_vestibulando"":0,""vagas"":5,""inscritos_regular"":1,""inscritos_vestibulando"":0,""inscritos"":1},{""codigo_curso"":""43"",""curso"":""Engenharia Agrícola e Ambiental"",""vagas_regular"":5,""vagas_vestibulando"":0,""vagas"":5,""inscritos_regular"":3,""inscritos_vestibulando"":0,""inscritos"":3},{""codigo_curso"":""40"",""curso"":""Engenharia Mecânica"",""vagas_regular"":8,""vagas_vestibulando"":0,""vagas"":8,""inscritos_regular"":5,""inscritos_vestibulando"":0,""inscritos"":5},{""codigo_curso"":""51"",""curso"":""Engenharia de Petróleo"",""vagas_regular"":5,""vagas_vestibulando"":0,""vagas"":5,""inscritos_regular"":0,""inscritos_vestibulando"":0,""inscritos"":0},{""codigo_curso"":""27"",""curso"":""Engenharia Química"",""vagas_regular"":5,""vagas_vestibulando"":0,""vagas"":5,""inscritos_regular"":2,""inscritos_vestibulando"":0,""inscritos"":2},{""codigo_curso"":""95"",""curso"":""Ciência Ambiental"",""vagas_regular"":1,""vagas_vestibulando"":0,""vagas"":1,""inscritos_regular"":1,""inscritos_vestibulando"":0,""inscritos"":1},{""codigo_curso"":""4"",""curso"":""Ciências Econômicas"",""vagas_regular"":1,""vagas_vestibulando"":0,""vagas"":1,""inscritos_regular"":0,""inscritos_vestibulando"":0,""inscritos"":0}]",Quadro de Horários UFF — páginas públicas de listagem e detalhe
2026-1,GLC00292,LIBRAS I,A2,/graduacao/quadrodehorarios/turmas/100000444144,,Seg 09:00-11:00,Seg,CC,False,1;2;20;21;31;43,False,36,32,15,14,0,0,21,18,"[{""codigo_curso"":""21"",""curso"":""Letras"",""vagas_regular"":4,""vagas_vestibulando"":0,""vagas"":4,""inscritos_regular"":3,""inscritos_vestibulando"":0,""inscritos"":3},{""codigo_curso"":""31"",""curso"":""Ciência da Computação"",""vagas_regular"":15,""vagas_vestibulando"":0,""vagas"":15,""inscritos_regular"":14,""inscritos_vestibulando"":0,""inscritos"":14},{""codigo_curso"":""20"",""curso"":""Matemática"",""vagas_regular"":3,""vagas_vestibulando"":0,""vagas"":3,""inscritos_regular"":2,""inscritos_vestibulando"":0,""inscritos"":2},{""codigo_curso"":""43"",""curso"":""Engenharia Agrícola e Ambiental"",""vagas_regular"":1,""vagas_vestibulando"":0,""vagas"":1,""inscritos_regular"":1,""inscritos_vestibulando"":0,""inscritos"":1},{""codigo_curso"":""2"",""curso"":""História"",""vagas_regular"":12,""vagas_vestibulando"":0,""vagas"":12,""inscritos_regular"":11,""inscritos_vestibulando"":0,""inscritos"":11},{""codigo_curso"":""1"",""curso"":""Biblioteconomia e Documentação"",""vagas_regular"":1,""vagas_vestibulando"":0,""vagas"":1,""inscritos_regular"":1,""inscritos_vestibulando"":0,""inscritos"":1}]",Quadro de Horários UFF — páginas públicas de listagem e detalhe
2026-1,GLC00292,LIBRAS I,B3,/graduacao/quadrodehorarios/turmas/100000444268,,Ter 14:00-16:00,Ter,CC,False,1;10;14;2;21;26;31;41;56;59;6;96,False,41,37,1,1,0,0,40,36,"[{""codigo_curso"":""21"",""curso"":""Letras"",""vagas_regular"":11,""vagas_vestibulando"":0,""vagas"":11,""inscritos_regular"":9,""inscritos_vestibulando"":0,""inscritos"":9},{""codigo_curso"":""96"",""curso"":""Desenho Industrial"",""vagas_regular"":5,""vagas_vestibulando"":0,""vagas"":5,""inscritos_regular"":5,""inscritos_vestibulando"":0,""inscritos"":5},{""codigo_curso"":""1"",""curso"":""Biblioteconomia e Documentação"",""vagas_regular"":1,""vagas_vestibulando"":0,""vagas"":1,""inscritos_regular"":1,""inscritos_vestibulando"":0,""inscritos"":1},{""codigo_curso"":""10"",""curso"":""Pedagogia"",""vagas_regular"":9,""vagas_vestibulando"":0,""vagas"":9,""inscritos_regular"":9,""inscritos_vestibulando"":0,""inscritos"":9},{""codigo_curso"":""14"",""curso"":""Arquivologia"",""vagas_regular"":1,""vagas_vestibulando"":0,""vagas"":1,""inscritos_regular"":1,""inscritos_vestibulando"":0,""inscritos"":1},{""codigo_curso"":""56"",""curso"":""Eng. de Recursos Hídricos e Meio Ambiente"",""vagas_regular"":1,""vagas_vestibulando"":0,""vagas"":1,""inscritos_regular"":1,""inscritos_vestibulando"":0,""inscritos"":1},{""codigo_curso"":""6"",""curso"":""Serviço Social"",""vagas_regular"":2,""vagas_vestibulando"":0,""vagas"":2,""inscritos_regular"":2,""inscritos_vestibulando"":0,""inscritos"":2},{""codigo_curso"":""59"",""curso"":""Relações Internacionais"",""vagas_regular"":1,""vagas_vestibulando"":0,""vagas"":1,""inscritos_regular"":0,""inscritos_vestibulando"":0,""inscritos"":0},{""codigo_curso"":""2"",""curso"":""História"",""vagas_regular"":6,""vagas_vestibulando"":0,""vagas"":6,""inscritos_regular"":6,""inscritos_vestibulando"":0,""inscritos"":6},{""codigo_curso"":""41"",""curso"":""Engenharia de Telecomunicações"",""vagas_regular"":2,""vagas_vestibulando"":0,""vagas"":2,""inscritos_regular"":2,""inscritos_vestibulando"":0,""inscritos"":2},{""codigo_curso"":""26"",""curso"":""Arquitetura e Urbanismo"",""vagas_regular"":1,""vagas_vestibulando"":0,""vagas"":1,""inscritos_regular"":0,""inscritos_vestibulando"":0,""inscritos"":0},{""codigo_curso"":""31"",""curso"":""Ciência da Computação"",""vagas_regular"":1,""vagas_vestibulando"":0,""vagas"":1,""inscritos_regular"":1,""inscritos_vestibulando"":0,""inscritos"":1}]",Quadro de Horários UFF — páginas públicas de listagem e detalhe
2026-1,GLC00292,LIBRAS I,D1,/graduacao/quadrodehorarios/turmas/100000444299,,Qui 09:00-11:00,Qui,CC,False,1;10;2;21;28;29;31;42;43;57;59;7,False,40,31,14,11,0,0,26,20,"[{""codigo_curso"":""28"",""curso"":""Química"",""vagas_regular"":2,""vagas_vestibulando"":0,""vagas"":2,""inscritos_regular"":0,""inscritos_vestibulando"":0,""inscritos"":0},{""codigo_curso"":""29"",""curso"":""Química Industrial"",""vagas_regular"":1,""vagas_vestibulando"":0,""vagas"":1,""inscritos_regular"":0,""inscritos_vestibulando"":0,""inscritos"":0},{""codigo_curso"":""31"",""curso"":""Ciência da Computação"",""vagas_regular"":14,""vagas_vestibulando"":0,""vagas"":14,""inscritos_regular"":11,""inscritos_vestibulando"":0,""inscritos"":11},{""codigo_curso"":""21"",""curso"":""Letras"",""vagas_regular"":6,""vagas_vestibulando"":0,""vagas"":6,""inscritos_regular"":6,""inscritos_vestibulando"":0,""inscritos"":6},{""codigo_curso"":""2"",""curso"":""História"",""vagas_regular"":1,""vagas_vestibulando"":0,""vagas"":1,""inscritos_regular"":1,""inscritos_vestibulando"":0,""inscritos"":1},{""codigo_curso"":""59"",""curso"":""Relações Internacionais"",""vagas_regular"":1,""vagas_vestibulando"":0,""vagas"":1,""inscritos_regular"":0,""inscritos_vestibulando"":0,""inscritos"":0},{""codigo_curso"":""43"",""curso"":""Engenharia Agrícola e Ambiental"",""vagas_regular"":1,""vagas_vestibulando"":0,""vagas"":1,""inscritos_regular"":1,""inscritos_vestibulando"":0,""inscritos"":1},{""codigo_curso"":""57"",""curso"":""Cinema e Audiovisual"",""vagas_regular"":2,""vagas_vestibulando"":0,""vagas"":2,""inscritos_regular"":2,""inscritos_vestibulando"":0,""inscritos"":2},{""codigo_curso"":""42"",""curso"":""Engenharia de Produção"",""vagas_regular"":2,""vagas_vestibulando"":0,""vagas"":2,""inscritos_regular"":1,""inscritos_vestibulando"":0,""inscritos"":1},{""codigo_curso"":""1"",""curso"":""Biblioteconomia e Documentação"",""vagas_regular"":2,""vagas_vestibulando"":0,""vagas"":2,""inscritos_regular"":2,""inscritos_vestibulando"":0,""inscritos"":2},{""codigo_curso"":""10"",""curso"":""Pedagogia"",""vagas_regular"":6,""vagas_vestibulando"":0,""vagas"":6,""inscritos_regular"":5,""inscritos_vestibulando"":0,""inscritos"":5},{""codigo_curso"":""7"",""curso"":""Direito"",""vagas_regular"":2,""vagas_vestibulando"":0,""vagas"":2,""inscritos_regular"":2,""inscritos_vestibulando"":0,""inscritos"":2}]",Quadro de Horários UFF — páginas públicas de listagem e detalhe
2026-1,GMA00154,CÁLCULO 1,C3,/graduacao/quadrodehorarios/turmas/100000449717,,Seg 11:00-13:00; Qua 11:00-13:00,Seg-Qua,CC,False,31,False,49,45,49,45,0,0,0,0,"[{""codigo_curso"":""31"",""curso"":""Ciência da Computação"",""vagas_regular"":48,""vagas_vestibulando"":1,""vagas"":49,""inscritos_regular"":44,""inscritos_vestibulando"":1,""inscritos"":45}]",Quadro de Horários UFF — páginas públicas de listagem e detalhe
2026-1,GMA00154,CÁLCULO 1,D9,/graduacao/quadrodehorarios/turmas/100000449745,,Seg 14:00-16:00; Qua 14:00-16:00,Seg-Qua,CC,False,25;31;37;38;42;54,False,28,20,5,1,0,0,23,19,"[{""codigo_curso"":""37"",""curso"":""Engenharia Civil"",""vagas_regular"":9,""vagas_vestibulando"":0,""vagas"":9,""inscritos_regular"":6,""inscritos_vestibulando"":0,""inscritos"":6},{""codigo_curso"":""31"",""curso"":""Ciência da Computação"",""vagas_regular"":4,""vagas_vestibulando"":1,""vagas"":5,""inscritos_regular"":1,""inscritos_vestibulando"":0,""inscritos"":1},{""codigo_curso"":""54"",""curso"":""Estatística"",""vagas_regular"":1,""vagas_vestibulando"":0,""vagas"":1,""inscritos_regular"":1,""inscritos_vestibulando"":0,""inscritos"":1},{""codigo_curso"":""25"",""curso"":""Física"",""vagas_regular"":6,""vagas_vestibulando"":0,""vagas"":6,""inscritos_regular"":6,""inscritos_vestibulando"":0,""inscritos"":6},{""codigo_curso"":""38"",""curso"":""Engenharia Elétrica"",""vagas_regular"":4,""vagas_vestibulando"":0,""vagas"":4,""inscritos_regular"":4,""inscritos_vestibulando"":0,""inscritos"":4},{""codigo_curso"":""42"",""curso"":""Engenharia de Produção"",""vagas_regular"":3,""vagas_vestibulando"":0,""vagas"":3,""inscritos_regular"":2,""inscritos_vestibulando"":0,""inscritos"":2}]",Quadro de Horários UFF — páginas públicas de listagem e detalhe
2026-1,GMA00154,CÁLCULO 1,E1,/graduacao/quadrodehorarios/turmas/100000449749,,Seg 16:00-18:00; Qua 16:00-18:00,Seg-Qua,CC,False,25;28;31;37;38;40;41;42;43;51;54;56;96,False,52,46,2,1,0,0,50,45,"[{""codigo_curso"":""43"",""curso"":""Engenharia Agrícola e Ambiental"",""vagas_regular"":1,""vagas_vestibulando"":0,""vagas"":1,""inscritos_regular"":1,""inscritos_vestibulando"":0,""inscritos"":1},{""codigo_curso"":""37"",""curso"":""Engenharia Civil"",""vagas_regular"":2,""vagas_vestibulando"":0,""vagas"":2,""inscritos_regular"":2,""inscritos_vestibulando"":0,""inscritos"":2},{""codigo_curso"":""96"",""curso"":""Desenho Industrial"",""vagas_regular"":1,""vagas_vestibulando"":0,""vagas"":1,""inscritos_regular"":1,""inscritos_vestibulando"":0,""inscritos"":1},{""codigo_curso"":""42"",""curso"":""Engenharia de Produção"",""vagas_regular"":11,""vagas_vestibulando"":0,""vagas"":11,""inscritos_regular"":11,""inscritos_vestibulando"":0,""inscritos"":11},{""codigo_curso"":""56"",""curso"":""Eng. de Recursos Hídricos e Meio Ambiente"",""vagas_regular"":11,""vagas_vestibulando"":0,""vagas"":11,""inscritos_regular"":9,""inscritos_vestibulando"":0,""inscritos"":9},{""codigo_curso"":""41"",""curso"":""Engenharia de Telecomunicações"",""vagas_regular"":5,""vagas_vestibulando"":0,""vagas"":5,""inscritos_regular"":4,""inscritos_vestibulando"":0,""inscritos"":4},{""codigo_curso"":""40"",""curso"":""Engenharia Mecânica"",""vagas_regular"":6,""vagas_vestibulando"":0,""vagas"":6,""inscritos_regular"":6,""inscritos_vestibulando"":0,""inscritos"":6},{""codigo_curso"":""38"",""curso"":""Engenharia Elétrica"",""vagas_regular"":5,""vagas_vestibulando"":0,""vagas"":5,""inscritos_regular"":5,""inscritos_vestibulando"":0,""inscritos"":5},{""codigo_curso"":""31"",""curso"":""Ciência da Computação"",""vagas_regular"":2,""vagas_vestibulando"":0,""vagas"":2,""inscritos_regular"":1,""inscritos_vestibulando"":0,""inscritos"":1},{""codigo_curso"":""54"",""curso"":""Estatística"",""vagas_regular"":2,""vagas_vestibulando"":0,""vagas"":2,""inscritos_regular"":2,""inscritos_vestibulando"":0,""inscritos"":2},{""codigo_curso"":""25"",""curso"":""Física"",""vagas_regular"":4,""vagas_vestibulando"":0,""vagas"":4,""inscritos_regular"":3,""inscritos_vestibulando"":0,""inscritos"":3},{""codigo_curso"":""51"",""curso"":""Engenharia de Petróleo"",""vagas_regular"":1,""vagas_vestibulando"":0,""vagas"":1,""inscritos_regular"":0,""inscritos_vestibulando"":0,""inscritos"":0},{""codigo_curso"":""28"",""curso"":""Química"",""vagas_regular"":1,""vagas_vestibulando"":0,""vagas"":1,""inscritos_regular"":1,""inscritos_vestibulando"":0,""inscritos"":1}]",Quadro de Horários UFF — páginas públicas de listagem e detalhe
2026-1,GMA00154,CÁLCULO 1,F2,/graduacao/quadrodehorarios/turmas/100000449856,,Seg 18:00-20:00; Qua 18:00-20:00,Seg-Qua,CC,False,20;25;27;28;29;31;37;38;40;41;42;43;51;56,False,47,37,3,3,0,0,44,34,"[{""codigo_curso"":""40"",""curso"":""Engenharia Mecânica"",""vagas_regular"":3,""vagas_vestibulando"":0,""vagas"":3,""inscritos_regular"":3,""inscritos_vestibulando"":0,""inscritos"":3},{""codigo_curso"":""42"",""curso"":""Engenharia de Produção"",""vagas_regular"":6,""vagas_vestibulando"":0,""vagas"":6,""inscritos_regular"":4,""inscritos_vestibulando"":0,""inscritos"":4},{""codigo_curso"":""28"",""curso"":""Química"",""vagas_regular"":5,""vagas_vestibulando"":0,""vagas"":5,""inscritos_regular"":5,""inscritos_vestibulando"":0,""inscritos"":5},{""codigo_curso"":""27"",""curso"":""Engenharia Química"",""vagas_regular"":3,""vagas_vestibulando"":0,""vagas"":3,""inscritos_regular"":2,""inscritos_vestibulando"":0,""inscritos"":2},{""codigo_curso"":""29"",""curso"":""Química Industrial"",""vagas_regular"":3,""vagas_vestibulando"":0,""vagas"":3,""inscritos_regular"":3,""inscritos_vestibulando"":0,""inscritos"":3},{""codigo_curso"":""56"",""curso"":""Eng. de Recursos Hídricos e Meio Ambiente"",""vagas_regular"":6,""vagas_vestibulando"":0,""vagas"":6,""inscritos_regular"":4,""inscritos_vestibulando"":0,""inscritos"":4},{""codigo_curso"":""41"",""curso"":""Engenharia de Telecomunicações"",""vagas_regular"":4,""vagas_vestibulando"":0,""vagas"":4,""inscritos_regular"":3,""inscritos_vestibulando"":0,""inscritos"":3},{""codigo_curso"":""20"",""curso"":""Matemática"",""vagas_regular"":1,""vagas_vestibulando"":0,""vagas"":1,""inscritos_regular"":1,""inscritos_vestibulando"":0,""inscritos"":1},{""codigo_curso"":""51"",""curso"":""Engenharia de Petróleo"",""vagas_regular"":1,""vagas_vestibulando"":0,""vagas"":1,""inscritos_regular"":1,""inscritos_vestibulando"":0,""inscritos"":1},{""codigo_curso"":""43"",""curso"":""Engenharia Agrícola e Ambiental"",""vagas_regular"":2,""vagas_vestibulando"":0,""vagas"":2,""inscritos_regular"":1,""inscritos_vestibulando"":0,""inscritos"":1},{""codigo_curso"":""31"",""curso"":""Ciência da Computação"",""vagas_regular"":3,""vagas_vestibulando"":0,""vagas"":3,""inscritos_regular"":3,""inscritos_vestibulando"":0,""inscritos"":3},{""codigo_curso"":""38"",""curso"":""Engenharia Elétrica"",""vagas_regular"":3,""vagas_vestibulando"":0,""vagas"":3,""inscritos_regular"":3,""inscritos_vestibulando"":0,""inscritos"":3},{""codigo_curso"":""25"",""curso"":""Física"",""vagas_regular"":4,""vagas_vestibulando"":0,""vagas"":4,""inscritos_regular"":2,""inscritos_vestibulando"":0,""inscritos"":2},{""codigo_curso"":""37"",""curso"":""Engenharia Civil"",""vagas_regular"":3,""vagas_vestibulando"":0,""vagas"":3,""inscritos_regular"":2,""inscritos_vestibulando"":0,""inscritos"":2}]",Quadro de Horários UFF — páginas públicas de listagem e detalhe
2026-1,GMA00154,CÁLCULO 1,G9,/graduacao/quadrodehorarios/turmas/100000449860,,Seg 20:00-22:00; Qua 20:00-22:00,Seg-Qua,CC,False,25;27;28;29;31;37;38;40;41;42;43;51;54;56,False,50,45,3,2,0,0,47,43,"[{""codigo_curso"":""43"",""curso"":""Engenharia Agrícola e Ambiental"",""vagas_regular"":4,""vagas_vestibulando"":0,""vagas"":4,""inscritos_regular"":3,""inscritos_vestibulando"":0,""inscritos"":3},{""codigo_curso"":""37"",""curso"":""Engenharia Civil"",""vagas_regular"":2,""vagas_vestibulando"":0,""vagas"":2,""inscritos_regular"":2,""inscritos_vestibulando"":0,""inscritos"":2},{""codigo_curso"":""31"",""curso"":""Ciência da Computação"",""vagas_regular"":3,""vagas_vestibulando"":0,""vagas"":3,""inscritos_regular"":2,""inscritos_vestibulando"":0,""inscritos"":2},{""codigo_curso"":""38"",""curso"":""Engenharia Elétrica"",""vagas_regular"":4,""vagas_vestibulando"":0,""vagas"":4,""inscritos_regular"":3,""inscritos_vestibulando"":0,""inscritos"":3},{""codigo_curso"":""54"",""curso"":""Estatística"",""vagas_regular"":2,""vagas_vestibulando"":0,""vagas"":2,""inscritos_regular"":2,""inscritos_vestibulando"":0,""inscritos"":2},{""codigo_curso"":""25"",""curso"":""Física"",""vagas_regular"":4,""vagas_vestibulando"":0,""vagas"":4,""inscritos_regular"":4,""inscritos_vestibulando"":0,""inscritos"":4},{""codigo_curso"":""40"",""curso"":""Engenharia Mecânica"",""vagas_regular"":3,""vagas_vestibulando"":0,""vagas"":3,""inscritos_regular"":3,""inscritos_vestibulando"":0,""inscritos"":3},{""codigo_curso"":""51"",""curso"":""Engenharia de Petróleo"",""vagas_regular"":1,""vagas_vestibulando"":0,""vagas"":1,""inscritos_regular"":1,""inscritos_vestibulando"":0,""inscritos"":1},{""codigo_curso"":""42"",""curso"":""Engenharia de Produção"",""vagas_regular"":4,""vagas_vestibulando"":0,""vagas"":4,""inscritos_regular"":4,""inscritos_vestibulando"":0,""inscritos"":4},{""codigo_curso"":""28"",""curso"":""Química"",""vagas_regular"":12,""vagas_vestibulando"":0,""vagas"":12,""inscritos_regular"":11,""inscritos_vestibulando"":0,""inscritos"":11},{""codigo_curso"":""27"",""curso"":""Engenharia Química"",""vagas_regular"":2,""vagas_vestibulando"":0,""vagas"":2,""inscritos_regular"":2,""inscritos_vestibulando"":0,""inscritos"":2},{""codigo_curso"":""29"",""curso"":""Química Industrial"",""vagas_regular"":1,""vagas_vestibulando"":0,""vagas"":1,""inscritos_regular"":1,""inscritos_vestibulando"":0,""inscritos"":1},{""codigo_curso"":""56"",""curso"":""Eng. de Recursos Hídricos e Meio Ambiente"",""vagas_regular"":4,""vagas_vestibulando"":0,""vagas"":4,""inscritos_regular"":4,""inscritos_vestibulando"":0,""inscritos"":4},{""codigo_curso"":""41"",""curso"":""Engenharia de Telecomunicações"",""vagas_regular"":4,""vagas_vestibulando"":0,""vagas"":4,""inscritos_regular"":3,""inscritos_vestibulando"":0,""inscritos"":3}]",Quadro de Horários UFF — páginas públicas de listagem e detalhe
2026-1,GMA00154,CÁLCULO 1,M1,/graduacao/quadrodehorarios/turmas/100000449863,,Ter 07:00-09:00; Qui 07:00-09:00,Ter-Qui,CC,False,25;27;31;38;43;50;51;54;56,False,21,16,2,1,0,0,19,15,"[{""codigo_curso"":""43"",""curso"":""Engenharia Agrícola e Ambiental"",""vagas_regular"":5,""vagas_vestibulando"":0,""vagas"":5,""inscritos_regular"":3,""inscritos_vestibulando"":0,""inscritos"":3},{""codigo_curso"":""31"",""curso"":""Ciência da Computação"",""vagas_regular"":2,""vagas_vestibulando"":0,""vagas"":2,""inscritos_regular"":1,""inscritos_vestibulando"":0,""inscritos"":1},{""codigo_curso"":""38"",""curso"":""Engenharia Elétrica"",""vagas_regular"":3,""vagas_vestibulando"":0,""vagas"":3,""inscritos_regular"":3,""inscritos_vestibulando"":0,""inscritos"":3},{""codigo_curso"":""54"",""curso"":""Estatística"",""vagas_regular"":1,""vagas_vestibulando"":0,""vagas"":1,""inscritos_regular"":0,""inscritos_vestibulando"":0,""inscritos"":0},{""codigo_curso"":""25"",""curso"":""Física"",""vagas_regular"":2,""vagas_vestibulando"":0,""vagas"":2,""inscritos_regular"":2,""inscritos_vestibulando"":0,""inscritos"":2},{""codigo_curso"":""51"",""curso"":""Engenharia de Petróleo"",""vagas_regular"":2,""vagas_vestibulando"":0,""vagas"":2,""inscritos_regular"":1,""inscritos_vestibulando"":0,""inscritos"":1},{""codigo_curso"":""27"",""curso"":""Engenharia Química"",""vagas_regular"":4,""vagas_vestibulando"":0,""vagas"":4,""inscritos_regular"":4,""inscritos_vestibulando"":0,""inscritos"":4},{""codigo_curso"":""56"",""curso"":""Eng. de Recursos Hídricos e Meio Ambiente"",""vagas_regular"":1,""vagas_vestibulando"":0,""vagas"":1,""inscritos_regular"":1,""inscritos_vestibulando"":0,""inscritos"":1},{""codigo_curso"":""50"",""curso"":""Geofísica"",""vagas_regular"":1,""vagas_vestibulando"":0,""vagas"":1,""inscritos_regular"":1,""inscritos_vestibulando"":0,""inscritos"":1}]",Quadro de Horários UFF — páginas públicas de listagem e detalhe
2026-1,GMA00154,CÁLCULO 1,N1,/graduacao/quadrodehorarios/turmas/100000449867,,Ter 09:00-11:00; Qui 09:00-11:00,Ter-Qui,CC,False,25;27;31;37;38;41;42;43;51;54;56,False,34,24,3,2,0,0,31,22,"[{""codigo_curso"":""43"",""curso"":""Engenharia Agrícola e Ambiental"",""vagas_regular"":6,""vagas_vestibulando"":1,""vagas"":7,""inscritos_regular"":3,""inscritos_vestibulando"":0,""inscritos"":3},{""codigo_curso"":""37"",""curso"":""Engenharia Civil"",""vagas_regular"":1,""vagas_vestibulando"":0,""vagas"":1,""inscritos_regular"":1,""inscritos_vestibulando"":0,""inscritos"":1},{""codigo_curso"":""31"",""curso"":""Ciência da Computação"",""vagas_regular"":3,""vagas_vestibulando"":0,""vagas"":3,""inscritos_regular"":2,""inscritos_vestibulando"":0,""inscritos"":2},{""codigo_curso"":""38"",""curso"":""Engenharia Elétrica"",""vagas_regular"":1,""vagas_vestibulando"":0,""vagas"":1,""inscritos_regular"":1,""inscritos_vestibulando"":0,""inscritos"":1},{""codigo_curso"":""54"",""curso"":""Estatística"",""vagas_regular"":5,""vagas_vestibulando"":0,""vagas"":5,""inscritos_regular"":5,""inscritos_vestibulando"":0,""inscritos"":5},{""codigo_curso"":""56"",""curso"":""Eng. de Recursos Hídricos e Meio Ambiente"",""vagas_regular"":2,""vagas_vestibulando"":0,""vagas"":2,""inscritos_regular"":2,""inscritos_vestibulando"":0,""inscritos"":2},{""codigo_curso"":""41"",""curso"":""Engenharia de Telecomunicações"",""vagas_regular"":4,""vagas_vestibulando"":0,""vagas"":4,""inscritos_regular"":4,""inscritos_vestibulando"":0,""inscritos"":4},{""codigo_curso"":""25"",""curso"":""Física"",""vagas_regular"":5,""vagas_vestibulando"":0,""vagas"":5,""inscritos_regular"":3,""inscritos_vestibulando"":0,""inscritos"":3},{""codigo_curso"":""51"",""curso"":""Engenharia de Petróleo"",""vagas_regular"":1,""vagas_vestibulando"":0,""vagas"":1,""inscritos_regular"":1,""inscritos_vestibulando"":0,""inscritos"":1},{""codigo_curso"":""42"",""curso"":""Engenharia de Produção"",""vagas_regular"":3,""vagas_vestibulando"":0,""vagas"":3,""inscritos_regular"":1,""inscritos_vestibulando"":0,""inscritos"":1},{""codigo_curso"":""27"",""curso"":""Engenharia Química"",""vagas_regular"":2,""vagas_vestibulando"":0,""vagas"":2,""inscritos_regular"":1,""inscritos_vestibulando"":0,""inscritos"":1}]",Quadro de Horários UFF — páginas públicas de listagem e detalhe
2026-1,GMA00154,CÁLCULO 1,O2,/graduacao/quadrodehorarios/turmas/100000449877,,Ter 11:00-13:00; Qui 11:00-13:00,Ter-Qui,CC,False,25;31;37;38;41;43;51;54;56,False,46,41,5,4,0,0,41,37,"[{""codigo_curso"":""31"",""curso"":""Ciência da Computação"",""vagas_regular"":5,""vagas_vestibulando"":0,""vagas"":5,""inscritos_regular"":4,""inscritos_vestibulando"":0,""inscritos"":4},{""codigo_curso"":""56"",""curso"":""Eng. de Recursos Hídricos e Meio Ambiente"",""vagas_regular"":19,""vagas_vestibulando"":0,""vagas"":19,""inscritos_regular"":17,""inscritos_vestibulando"":0,""inscritos"":17},{""codigo_curso"":""41"",""curso"":""Engenharia de Telecomunicações"",""vagas_regular"":4,""vagas_vestibulando"":0,""vagas"":4,""inscritos_regular"":4,""inscritos_vestibulando"":0,""inscritos"":4},{""codigo_curso"":""51"",""curso"":""Engenharia de Petróleo"",""vagas_regular"":3,""vagas_vestibulando"":0,""vagas"":3,""inscritos_regular"":3,""inscritos_vestibulando"":0,""inscritos"":3},{""codigo_curso"":""54"",""curso"":""Estatística"",""vagas_regular"":8,""vagas_vestibulando"":0,""vagas"":8,""inscritos_regular"":6,""inscritos_vestibulando"":0,""inscritos"":6},{""codigo_curso"":""43"",""curso"":""Engenharia Agrícola e Ambiental"",""vagas_regular"":2,""vagas_vestibulando"":0,""vagas"":2,""inscritos_regular"":2,""inscritos_vestibulando"":0,""inscritos"":2},{""codigo_curso"":""37"",""curso"":""Engenharia Civil"",""vagas_regular"":2,""vagas_vestibulando"":0,""vagas"":2,""inscritos_regular"":2,""inscritos_vestibulando"":0,""inscritos"":2},{""codigo_curso"":""38"",""curso"":""Engenharia Elétrica"",""vagas_regular"":2,""vagas_vestibulando"":0,""vagas"":2,""inscritos_regular"":2,""inscritos_vestibulando"":0,""inscritos"":2},{""codigo_curso"":""25"",""curso"":""Física"",""vagas_regular"":1,""vagas_vestibulando"":0,""vagas"":1,""inscritos_regular"":1,""inscritos_vestibulando"":0,""inscritos"":1}]",Quadro de Horários UFF — páginas públicas de listagem e detalhe
2026-1,GMA00154,CÁLCULO 1,P3,/graduacao/quadrodehorarios/turmas/100000449887,,Ter 14:00-16:00; Qui 14:00-16:00,Ter-Qui,CC,False,25;31;38;41;43,False,52,38,6,6,0,0,46,32,"[{""codigo_curso"":""43"",""curso"":""Engenharia Agrícola e Ambiental"",""vagas_regular"":9,""vagas_vestibulando"":0,""vagas"":9,""inscritos_regular"":1,""inscritos_vestibulando"":0,""inscritos"":1},{""codigo_curso"":""31"",""curso"":""Ciência da Computação"",""vagas_regular"":6,""vagas_vestibulando"":0,""vagas"":6,""inscritos_regular"":6,""inscritos_vestibulando"":0,""inscritos"":6},{""codigo_curso"":""38"",""curso"":""Engenharia Elétrica"",""vagas_regular"":8,""vagas_vestibulando"":0,""vagas"":8,""inscritos_regular"":6,""inscritos_vestibulando"":0,""inscritos"":6},{""codigo_curso"":""25"",""curso"":""Física"",""vagas_regular"":12,""vagas_vestibulando"":0,""vagas"":12,""inscritos_regular"":10,""inscritos_vestibulando"":0,""inscritos"":10},{""codigo_curso"":""41"",""curso"":""Engenharia de Telecomunicações"",""vagas_regular"":17,""vagas_vestibulando"":0,""vagas"":17,""inscritos_regular"":15,""inscritos_vestibulando"":0,""inscritos"":15}]",Quadro de Horários UFF — páginas públicas de listagem e detalhe
2026-1,GMA00154,CÁLCULO 1,R1,/graduacao/quadrodehorarios/turmas/100000449891,,Ter 18:00-20:00; Qui 18:00-20:00,Ter-Qui,CC,False,25;31;37;38;40;41;42;43;51;54;56,False,35,22,1,0,0,0,34,22,"[{""codigo_curso"":""43"",""curso"":""Engenharia Agrícola e Ambiental"",""vagas_regular"":9,""vagas_vestibulando"":0,""vagas"":9,""inscritos_regular"":7,""inscritos_vestibulando"":0,""inscritos"":7},{""codigo_curso"":""37"",""curso"":""Engenharia Civil"",""vagas_regular"":4,""vagas_vestibulando"":0,""vagas"":4,""inscritos_regular"":4,""inscritos_vestibulando"":0,""inscritos"":4},{""codigo_curso"":""38"",""curso"":""Engenharia Elétrica"",""vagas_regular"":2,""vagas_vestibulando"":0,""vagas"":2,""inscritos_regular"":1,""inscritos_vestibulando"":0,""inscritos"":1},{""codigo_curso"":""54"",""curso"":""Estatística"",""vagas_regular"":1,""vagas_vestibulando"":0,""vagas"":1,""inscritos_regular"":1,""inscritos_vestibulando"":0,""inscritos"":1},{""codigo_curso"":""25"",""curso"":""Física"",""vagas_regular"":5,""vagas_vestibulando"":0,""vagas"":5,""inscritos_regular"":5,""inscritos_vestibulando"":0,""inscritos"":5},{""codigo_curso"":""51"",""curso"":""Engenharia de Petróleo"",""vagas_regular"":2,""vagas_vestibulando"":0,""vagas"":2,""inscritos_regular"":1,""inscritos_vestibulando"":0,""inscritos"":1},{""codigo_curso"":""42"",""curso"":""Engenharia de Produção"",""vagas_regular"":5,""vagas_vestibulando"":0,""vagas"":5,""inscritos_regular"":1,""inscritos_vestibulando"":0,""inscritos"":1},{""codigo_curso"":""56"",""curso"":""Eng. de Recursos Hídricos e Meio Ambiente"",""vagas_regular"":1,""vagas_vestibulando"":0,""vagas"":1,""inscritos_regular"":1,""inscritos_vestibulando"":0,""inscritos"":1},{""codigo_curso"":""41"",""curso"":""Engenharia de Telecomunicações"",""vagas_regular"":2,""vagas_vestibulando"":0,""vagas"":2,""inscritos_regular"":1,""inscritos_vestibulando"":0,""inscritos"":1},{""codigo_curso"":""40"",""curso"":""Engenharia Mecânica"",""vagas_regular"":1,""vagas_vestibulando"":2,""vagas"":3,""inscritos_regular"":0,""inscritos_vestibulando"":0,""inscritos"":0},{""codigo_curso"":""31"",""curso"":""Ciência da Computação"",""vagas_regular"":1,""vagas_vestibulando"":0,""vagas"":1,""inscritos_regular"":0,""inscritos_vestibulando"":0,""inscritos"":0}]",Quadro de Horários UFF — páginas públicas de listagem e detalhe
2026-1,GMA00155,CÁLCULO 2,M2,/graduacao/quadrodehorarios/turmas/100000450106,,Ter 07:00-09:00; Qui 07:00-09:00,Ter-Qui,CC,False,27;28;29;31;40;51;54,False,54,42,9,8,0,0,45,34,"[{""codigo_curso"":""31"",""curso"":""Ciência da Computação"",""vagas_regular"":9,""vagas_vestibulando"":0,""vagas"":9,""inscritos_regular"":8,""inscritos_vestibulando"":0,""inscritos"":8},{""codigo_curso"":""54"",""curso"":""Estatística"",""vagas_regular"":7,""vagas_vestibulando"":0,""vagas"":7,""inscritos_regular"":7,""inscritos_vestibulando"":0,""inscritos"":7},{""codigo_curso"":""40"",""curso"":""Engenharia Mecânica"",""vagas_regular"":14,""vagas_vestibulando"":0,""vagas"":14,""inscritos_regular"":14,""inscritos_vestibulando"":0,""inscritos"":14},{""codigo_curso"":""51"",""curso"":""Engenharia de Petróleo"",""vagas_regular"":9,""vagas_vestibulando"":0,""vagas"":9,""inscritos_regular"":5,""inscritos_vestibulando"":0,""inscritos"":5},{""codigo_curso"":""28"",""curso"":""Química"",""vagas_regular"":4,""vagas_vestibulando"":0,""vagas"":4,""inscritos_regular"":0,""inscritos_vestibulando"":0,""inscritos"":0},{""codigo_curso"":""27"",""curso"":""Engenharia Química"",""vagas_regular"":7,""vagas_vestibulando"":0,""vagas"":7,""inscritos_regular"":6,""inscritos_vestibulando"":0,""inscritos"":6},{""codigo_curso"":""29"",""curso"":""Química Industrial"",""vagas_regular"":4,""vagas_vestibulando"":0,""vagas"":4,""inscritos_regular"":2,""inscritos_vestibulando"":0,""inscritos"":2}]",Quadro de Horários UFF — páginas públicas de listagem e detalhe
2026-1,GMA00155,CÁLCULO 2,M9,/graduacao/quadrodehorarios/turmas/100000450322,,Ter 07:00-09:00; Qui 07:00-09:00,Ter-Qui,CC,False,20;31;42,False,58,55,13,11,0,0,45,44,"[{""codigo_curso"":""42"",""curso"":""Engenharia de Produção"",""vagas_regular"":36,""vagas_vestibulando"":1,""vagas"":37,""inscritos_regular"":36,""inscritos_vestibulando"":1,""inscritos"":37},{""codigo_curso"":""20"",""curso"":""Matemática"",""vagas_regular"":8,""vagas_vestibulando"":0,""vagas"":8,""inscritos_regular"":7,""inscritos_vestibulando"":0,""inscritos"":7},{""codigo_curso"":""31"",""curso"":""Ciência da Computação"",""vagas_regular"":13,""vagas_vestibulando"":0,""vagas"":13,""inscritos_regular"":11,""inscritos_vestibulando"":0,""inscritos"":11}]",Quadro de Horários UFF — páginas públicas de listagem e detalhe
2026-1,GMA00155,CÁLCULO 2,N1,/graduacao/quadrodehorarios/turmas/100000450111,,Ter 09:00-11:00; Qui 09:00-11:00,Ter-Qui,CC,False,31;37;41,False,45,36,17,14,0,0,28,22,"[{""codigo_curso"":""41"",""curso"":""Engenharia de Telecomunicações"",""vagas_regular"":18,""vagas_vestibulando"":0,""vagas"":18,""inscritos_regular"":14,""inscritos_vestibulando"":0,""inscritos"":14},{""codigo_curso"":""31"",""curso"":""Ciência da Computação"",""vagas_regular"":17,""vagas_vestibulando"":0,""vagas"":17,""inscritos_regular"":14,""inscritos_vestibulando"":0,""inscritos"":14},{""codigo_curso"":""37"",""curso"":""Engenharia Civil"",""vagas_regular"":10,""vagas_vestibulando"":0,""vagas"":10,""inscritos_regular"":8,""inscritos_vestibulando"":0,""inscritos"":8}]",Quadro de Horários UFF — páginas públicas de listagem e detalhe
2026-1,GMA00155,CÁLCULO 2,N3,/graduacao/quadrodehorarios/turmas/100000450126,,Ter 09:00-11:00; Qui 09:00-11:00,Ter-Qui,CC,False,25;31;37;40;41;42;43;50;56,False,38,9,2,0,0,0,36,9,"[{""codigo_curso"":""31"",""curso"":""Ciência da Computação"",""vagas_regular"":2,""vagas_vestibulando"":0,""vagas"":2,""inscritos_regular"":0,""inscritos_vestibulando"":0,""inscritos"":0},{""codigo_curso"":""40"",""curso"":""Engenharia Mecânica"",""vagas_regular"":7,""vagas_vestibulando"":0,""vagas"":7,""inscritos_regular"":4,""inscritos_vestibulando"":0,""inscritos"":4},{""codigo_curso"":""42"",""curso"":""Engenharia de Produção"",""vagas_regular"":6,""vagas_vestibulando"":1,""vagas"":7,""inscritos_regular"":2,""inscritos_vestibulando"":0,""inscritos"":2},{""codigo_curso"":""41"",""curso"":""Engenharia de Telecomunicações"",""vagas_regular"":6,""vagas_vestibulando"":0,""vagas"":6,""inscritos_regular"":0,""inscritos_vestibulando"":0,""inscritos"":0},{""codigo_curso"":""37"",""curso"":""Engenharia Civil"",""vagas_regular"":8,""vagas_vestibulando"":0,""vagas"":8,""inscritos_regular"":1,""inscritos_vestibulando"":0,""inscritos"":1},{""codigo_curso"":""56"",""curso"":""Eng. de Recursos Hídricos e Meio Ambiente"",""vagas_regular"":4,""vagas_vestibulando"":0,""vagas"":4,""inscritos_regular"":0,""inscritos_vestibulando"":0,""inscritos"":0},{""codigo_curso"":""25"",""curso"":""Física"",""vagas_regular"":0,""vagas_vestibulando"":1,""vagas"":1,""inscritos_regular"":0,""inscritos_vestibulando"":1,""inscritos"":1},{""codigo_curso"":""50"",""curso"":""Geofísica"",""vagas_regular"":1,""vagas_vestibulando"":0,""vagas"":1,""inscritos_regular"":0,""inscritos_vestibulando"":0,""inscritos"":0},{""codigo_curso"":""43"",""curso"":""Engenharia Agrícola e Ambiental"",""vagas_regular"":2,""vagas_vestibulando"":0,""vagas"":2,""inscritos_regular"":1,""inscritos_vestibulando"":0,""inscritos"":1}]",Quadro de Horários UFF — páginas públicas de listagem e detalhe
2026-1,GMA00155,CÁLCULO 2,O1,/graduacao/quadrodehorarios/turmas/100000450145,,Ter 11:00-13:00; Qui 11:00-13:00,Ter-Qui,CC,False,20;29;31;37;42;51;54,False,39,24,13,6,0,0,26,18,"[{""codigo_curso"":""31"",""curso"":""Ciência da Computação"",""vagas_regular"":13,""vagas_vestibulando"":0,""vagas"":13,""inscritos_regular"":6,""inscritos_vestibulando"":0,""inscritos"":6},{""codigo_curso"":""20"",""curso"":""Matemática"",""vagas_regular"":3,""vagas_vestibulando"":0,""vagas"":3,""inscritos_regular"":3,""inscritos_vestibulando"":0,""inscritos"":3},{""codigo_curso"":""51"",""curso"":""Engenharia de Petróleo"",""vagas_regular"":2,""vagas_vestibulando"":0,""vagas"":2,""inscritos_regular"":2,""inscritos_vestibulando"":0,""inscritos"":2},{""codigo_curso"":""29"",""curso"":""Química Industrial"",""vagas_regular"":5,""vagas_vestibulando"":0,""vagas"":5,""inscritos_regular"":4,""inscritos_vestibulando"":0,""inscritos"":4},{""codigo_curso"":""54"",""curso"":""Estatística"",""vagas_regular"":5,""vagas_vestibulando"":0,""vagas"":5,""inscritos_regular"":4,""inscritos_vestibulando"":0,""inscritos"":4},{""codigo_curso"":""37"",""curso"":""Engenharia Civil"",""vagas_regular"":7,""vagas_vestibulando"":0,""vagas"":7,""inscritos_regular"":3,""inscritos_vestibulando"":0,""inscritos"":3},{""codigo_curso"":""42"",""curso"":""Engenharia de Produção"",""vagas_regular"":4,""vagas_vestibulando"":0,""vagas"":4,""inscritos_regular"":2,""inscritos_vestibulando"":0,""inscritos"":2}]",Quadro de Horários UFF — páginas públicas de listagem e detalhe
2026-1,GMA00155,CÁLCULO 2,P2,/graduacao/quadrodehorarios/turmas/100000450155,,Ter 14:00-16:00; Qui 14:00-16:00,Ter-Qui,CC,False,31;38;40;41,False,47,36,6,4,0,0,41,32,"[{""codigo_curso"":""40"",""curso"":""Engenharia Mecânica"",""vagas_regular"":15,""vagas_vestibulando"":0,""vagas"":15,""inscritos_regular"":13,""inscritos_vestibulando"":0,""inscritos"":13},{""codigo_curso"":""38"",""curso"":""Engenharia Elétrica"",""vagas_regular"":7,""vagas_vestibulando"":0,""vagas"":7,""inscritos_regular"":7,""inscritos_vestibulando"":0,""inscritos"":7},{""codigo_curso"":""41"",""curso"":""Engenharia de Telecomunicações"",""vagas_regular"":18,""vagas_vestibulando"":1,""vagas"":19,""inscritos_regular"":12,""inscritos_vestibulando"":0,""inscritos"":12},{""codigo_curso"":""31"",""curso"":""Ciência da Computação"",""vagas_regular"":5,""vagas_vestibulando"":1,""vagas"":6,""inscritos_regular"":3,""inscritos_vestibulando"":1,""inscritos"":4}]",Quadro de Horários UFF — páginas públicas de listagem e detalhe
2026-1,GMA00155,CÁLCULO 2,P9,/graduacao/quadrodehorarios/turmas/100000450157,,Ter 14:00-16:00; Qui 14:00-16:00,Ter-Qui,CC,False,20;25;28;29;31;54,False,48,43,25,23,0,0,23,20,"[{""codigo_curso"":""31"",""curso"":""Ciência da Computação"",""vagas_regular"":25,""vagas_vestibulando"":0,""vagas"":25,""inscritos_regular"":23,""inscritos_vestibulando"":0,""inscritos"":23},{""codigo_curso"":""25"",""curso"":""Física"",""vagas_regular"":6,""vagas_vestibulando"":0,""vagas"":6,""inscritos_regular"":5,""inscritos_vestibulando"":0,""inscritos"":5},{""codigo_curso"":""28"",""curso"":""Química"",""vagas_regular"":9,""vagas_vestibulando"":0,""vagas"":9,""inscritos_regular"":9,""inscritos_vestibulando"":0,""inscritos"":9},{""codigo_curso"":""29"",""curso"":""Química Industrial"",""vagas_regular"":2,""vagas_vestibulando"":0,""vagas"":2,""inscritos_regular"":2,""inscritos_vestibulando"":0,""inscritos"":2},{""codigo_curso"":""20"",""curso"":""Matemática"",""vagas_regular"":1,""vagas_vestibulando"":0,""vagas"":1,""inscritos_regular"":1,""inscritos_vestibulando"":0,""inscritos"":1},{""codigo_curso"":""54"",""curso"":""Estatística"",""vagas_regular"":5,""vagas_vestibulando"":0,""vagas"":5,""inscritos_regular"":3,""inscritos_vestibulando"":0,""inscritos"":3}]",Quadro de Horários UFF — páginas públicas de listagem e detalhe
2026-1,GMA00155,CÁLCULO 2,Q1,/graduacao/quadrodehorarios/turmas/100000450158,,Ter 16:00-18:00; Qui 16:00-18:00,Ter-Qui,CC,False,20;27;28;31;40;43;56,False,49,37,19,18,0,0,30,19,"[{""codigo_curso"":""40"",""curso"":""Engenharia Mecânica"",""vagas_regular"":5,""vagas_vestibulando"":0,""vagas"":5,""inscritos_regular"":4,""inscritos_vestibulando"":0,""inscritos"":4},{""codigo_curso"":""28"",""curso"":""Química"",""vagas_regular"":4,""vagas_vestibulando"":0,""vagas"":4,""inscritos_regular"":1,""inscritos_vestibulando"":0,""inscritos"":1},{""codigo_curso"":""27"",""curso"":""Engenharia Química"",""vagas_regular"":3,""vagas_vestibulando"":0,""vagas"":3,""inscritos_regular"":3,""inscritos_vestibulando"":0,""inscritos"":3},{""codigo_curso"":""43"",""curso"":""Engenharia Agrícola e Ambiental"",""vagas_regular"":7,""vagas_vestibulando"":0,""vagas"":7,""inscritos_regular"":6,""inscritos_vestibulando"":0,""inscritos"":6},{""codigo_curso"":""31"",""curso"":""Ciência da Computação"",""vagas_regular"":19,""vagas_vestibulando"":0,""vagas"":19,""inscritos_regular"":18,""inscritos_vestibulando"":0,""inscritos"":18},{""codigo_curso"":""56"",""curso"":""Eng. de Recursos Hídricos e Meio Ambiente"",""vagas_regular"":9,""vagas_vestibulando"":0,""vagas"":9,""inscritos_regular"":5,""inscritos_vestibulando"":0,""inscritos"":5},{""codigo_curso"":""20"",""curso"":""Matemática"",""vagas_regular"":2,""vagas_vestibulando"":0,""vagas"":2,""inscritos_regular"":0,""inscritos_vestibulando"":0,""inscritos"":0}]",Quadro de Horários UFF — páginas públicas de listagem e detalhe
2026-1,GMA00155,CÁLCULO 2,R1,/graduacao/quadrodehorarios/turmas/100000450164,,Ter 18:00-20:00; Qui 18:00-20:00,Ter-Qui,CC,False,20;27;31;37;38;40;42;43;50;51;56,False,50,37,3,2,0,0,47,35,"[{""codigo_curso"":""37"",""curso"":""Engenharia Civil"",""vagas_regular"":4,""vagas_vestibulando"":0,""vagas"":4,""inscritos_regular"":1,""inscritos_vestibulando"":0,""inscritos"":1},{""codigo_curso"":""40"",""curso"":""Engenharia Mecânica"",""vagas_regular"":1,""vagas_vestibulando"":0,""vagas"":1,""inscritos_regular"":1,""inscritos_vestibulando"":0,""inscritos"":1},{""codigo_curso"":""43"",""curso"":""Engenharia Agrícola e Ambiental"",""vagas_regular"":5,""vagas_vestibulando"":0,""vagas"":5,""inscritos_regular"":3,""inscritos_vestibulando"":0,""inscritos"":3},{""codigo_curso"":""31"",""curso"":""Ciência da Computação"",""vagas_regular"":3,""vagas_vestibulando"":0,""vagas"":3,""inscritos_regular"":2,""inscritos_vestibulando"":0,""inscritos"":2},{""codigo_curso"":""38"",""curso"":""Engenharia Elétrica"",""vagas_regular"":6,""vagas_vestibulando"":1,""vagas"":7,""inscritos_regular"":6,""inscritos_vestibulando"":1,""inscritos"":7},{""codigo_curso"":""50"",""curso"":""Geofísica"",""vagas_regular"":5,""vagas_vestibulando"":0,""vagas"":5,""inscritos_regular"":4,""inscritos_vestibulando"":0,""inscritos"":4},{""codigo_curso"":""51"",""curso"":""Engenharia de Petróleo"",""vagas_regular"":4,""vagas_vestibulando"":0,""vagas"":4,""inscritos_regular"":3,""inscritos_vestibulando"":0,""inscritos"":3},{""codigo_curso"":""42"",""curso"":""Engenharia de Produção"",""vagas_regular"":2,""vagas_vestibulando"":0,""vagas"":2,""inscritos_regular"":1,""inscritos_vestibulando"":0,""inscritos"":1},{""codigo_curso"":""27"",""curso"":""Engenharia Química"",""vagas_regular"":6,""vagas_vestibulando"":0,""vagas"":6,""inscritos_regular"":6,""inscritos_vestibulando"":0,""inscritos"":6},{""codigo_curso"":""56"",""curso"":""Eng. de Recursos Hídricos e Meio Ambiente"",""vagas_regular"":12,""vagas_vestibulando"":0,""vagas"":12,""inscritos_regular"":9,""inscritos_vestibulando"":0,""inscritos"":9},{""codigo_curso"":""20"",""curso"":""Matemática"",""vagas_regular"":1,""vagas_vestibulando"":0,""vagas"":1,""inscritos_regular"":0,""inscritos_vestibulando"":0,""inscritos"":0}]",Quadro de Horários UFF — páginas públicas de listagem e detalhe
2026-1,GSI00433,COMPORTAMENTO ORGANIZACIONAL,A1,/graduacao/quadrodehorarios/turmas/100000446321,,Ter 18:00-22:00,Ter,CC;SI,True,31;83,True,35,33,5,4,30,29,0,0,"[{""codigo_curso"":""83"",""curso"":""Sistemas de Informação"",""vagas_regular"":30,""vagas_vestibulando"":0,""vagas"":30,""inscritos_regular"":29,""inscritos_vestibulando"":0,""inscritos"":29},{""codigo_curso"":""31"",""curso"":""Ciência da Computação"",""vagas_regular"":5,""vagas_vestibulando"":0,""vagas"":5,""inscritos_regular"":4,""inscritos_vestibulando"":0,""inscritos"":4}]",Quadro de Horários UFF — páginas públicas de listagem e detalhe
2026-1,GSI00433,COMPORTAMENTO ORGANIZACIONAL,B1,/graduacao/quadrodehorarios/turmas/100000446322,,Ter 18:00-22:00,Ter,SI,False,83,False,35,28,0,0,35,28,0,0,"[{""codigo_curso"":""83"",""curso"":""Sistemas de Informação"",""vagas_regular"":35,""vagas_vestibulando"":0,""vagas"":35,""inscritos_regular"":28,""inscritos_vestibulando"":0,""inscritos"":28}]",Quadro de Horários UFF — páginas públicas de listagem e detalhe
2026-1,SDV00143,PROPRIEDADE INTELECTUAL,P1,/graduacao/quadrodehorarios/turmas/100000441238,,Ter 18:00-20:00; Ter 20:00-22:00,Ter,CC;SI,True,31;83,True,70,62,10,7,60,55,0,0,"[{""codigo_curso"":""31"",""curso"":""Ciência da Computação"",""vagas_regular"":10,""vagas_vestibulando"":0,""vagas"":10,""inscritos_regular"":7,""inscritos_vestibulando"":0,""inscritos"":7},{""codigo_curso"":""83"",""curso"":""Sistemas de Informação"",""vagas_regular"":58,""vagas_vestibulando"":2,""vagas"":60,""inscritos_regular"":55,""inscritos_vestibulando"":0,""inscritos"":55}]",Quadro de Horários UFF — páginas públicas de listagem e detalhe
2026-1,STA00168,DESENVOLVIMENTO DE PESSOAS,P1,/graduacao/quadrodehorarios/turmas/100000440926,,Ter 18:00-22:00,Ter,CC;SI,True,31;83;97,True,72,62,10,8,60,52,2,2,"[{""codigo_curso"":""31"",""curso"":""Ciência da Computação"",""vagas_regular"":10,""vagas_vestibulando"":0,""vagas"":10,""inscritos_regular"":8,""inscritos_vestibulando"":0,""inscritos"":8},{""codigo_curso"":""83"",""curso"":""Sistemas de Informação"",""vagas_regular"":58,""vagas_vestibulando"":2,""vagas"":60,""inscritos_regular"":52,""inscritos_vestibulando"":0,""inscritos"":52},{""codigo_curso"":""97"",""curso"":""Disciplina Isolada"",""vagas_regular"":2,""vagas_vestibulando"":0,""vagas"":2,""inscritos_regular"":2,""inscritos_vestibulando"":0,""inscritos"":2}]",Quadro de Horários UFF — páginas públicas de listagem e detalhe
2026-1,STA00191,INTELIGÊNCIA DE NEGÓCIOS,P1,/graduacao/quadrodehorarios/turmas/100000440930,,Ter 18:00-22:00,Ter,CC;SI,True,31;83,True,60,54,10,7,50,47,0,0,"[{""codigo_curso"":""31"",""curso"":""Ciência da Computação"",""vagas_regular"":10,""vagas_vestibulando"":0,""vagas"":10,""inscritos_regular"":7,""inscritos_vestibulando"":0,""inscritos"":7},{""codigo_curso"":""83"",""curso"":""Sistemas de Informação"",""vagas_regular"":50,""vagas_vestibulando"":0,""vagas"":50,""inscritos_regular"":47,""inscritos_vestibulando"":0,""inscritos"":47}]",Quadro de Horários UFF — páginas públicas de listagem e detalhe
2026-1,STA00267,MODELOS DE GESTÃO CONTEMPORÂNEA,P1,/graduacao/quadrodehorarios/turmas/100000443919,,Qui 18:00-22:00,Qui,CC;SI,True,117;31;83,True,75,74,5,5,63,63,7,6,"[{""codigo_curso"":""83"",""curso"":""Sistemas de Informação"",""vagas_regular"":63,""vagas_vestibulando"":0,""vagas"":63,""inscritos_regular"":63,""inscritos_vestibulando"":0,""inscritos"":63},{""codigo_curso"":""31"",""curso"":""Ciência da Computação"",""vagas_regular"":5,""vagas_vestibulando"":0,""vagas"":5,""inscritos_regular"":5,""inscritos_vestibulando"":0,""inscritos"":5},{""codigo_curso"":""117"",""curso"":""Administração Pública"",""vagas_regular"":7,""vagas_vestibulando"":0,""vagas"":7,""inscritos_regular"":6,""inscritos_vestibulando"":0,""inscritos"":6}]",Quadro de Horários UFF — páginas públicas de listagem e detalhe
2026-1,STE00005,COMUNICAÇÃO EMPRESARIAL,A1,/graduacao/quadrodehorarios/turmas/100000449551,,Sex 18:00-22:00,Sex,SI,False,107;83,False,46,40,0,0,10,9,36,31,"[{""codigo_curso"":""107"",""curso"":""Graduação Tecnológica em Processos Gerenciais"",""vagas_regular"":36,""vagas_vestibulando"":0,""vagas"":36,""inscritos_regular"":31,""inscritos_vestibulando"":0,""inscritos"":31},{""codigo_curso"":""83"",""curso"":""Sistemas de Informação"",""vagas_regular"":10,""vagas_vestibulando"":0,""vagas"":10,""inscritos_regular"":9,""inscritos_vestibulando"":0,""inscritos"":9}]",Quadro de Horários UFF — páginas públicas de listagem e detalhe
2026-1,STE00014,INOVAÇÃO NAS ORGANIZAÇÕES,A1,/graduacao/quadrodehorarios/turmas/100000449544,,Ter 18:00-22:00,Ter,SI,False,107;117;83;97,False,54,50,0,0,2,1,52,49,"[{""codigo_curso"":""107"",""curso"":""Graduação Tecnológica em Processos Gerenciais"",""vagas_regular"":46,""vagas_vestibulando"":0,""vagas"":46,""inscritos_regular"":43,""inscritos_vestibulando"":0,""inscritos"":43},{""codigo_curso"":""83"",""curso"":""Sistemas de Informação"",""vagas_regular"":2,""vagas_vestibulando"":0,""vagas"":2,""inscritos_regular"":1,""inscritos_vestibulando"":0,""inscritos"":1},{""codigo_curso"":""117"",""curso"":""Administração Pública"",""vagas_regular"":5,""vagas_vestibulando"":0,""vagas"":5,""inscritos_regular"":5,""inscritos_vestibulando"":0,""inscritos"":5},{""codigo_curso"":""97"",""curso"":""Disciplina Isolada"",""vagas_regular"":1,""vagas_vestibulando"":0,""vagas"":1,""inscritos_regular"":1,""inscritos_vestibulando"":0,""inscritos"":1}]",Quadro de Horários UFF — páginas públicas de listagem e detalhe
2026-1,STE00018,GESTÃO DE PROJETOS,A1,/graduacao/quadrodehorarios/turmas/100000449538,,Seg 18:00-22:00,Seg,SI,False,107;83,False,34,32,0,0,1,1,33,31,"[{""codigo_curso"":""107"",""curso"":""Graduação Tecnológica em Processos Gerenciais"",""vagas_regular"":33,""vagas_vestibulando"":0,""vagas"":33,""inscritos_regular"":31,""inscritos_vestibulando"":0,""inscritos"":31},{""codigo_curso"":""83"",""curso"":""Sistemas de Informação"",""vagas_regular"":1,""vagas_vestibulando"":0,""vagas"":1,""inscritos_regular"":1,""inscritos_vestibulando"":0,""inscritos"":1}]",Quadro de Horários UFF — páginas públicas de listagem e detalhe
2026-1,TCC00195,METAHEURÍSTICAS,A1,/graduacao/quadrodehorarios/turmas/100000447684,,Ter 11:00-13:00; Qui 11:00-13:00,Ter-Qui,CC,False,31;83,True,15,6,10,5,5,1,0,0,"[{""codigo_curso"":""83"",""curso"":""Sistemas de Informação"",""vagas_regular"":5,""vagas_vestibulando"":0,""vagas"":5,""inscritos_regular"":1,""inscritos_vestibulando"":0,""inscritos"":1},{""codigo_curso"":""31"",""curso"":""Ciência da Computação"",""vagas_regular"":10,""vagas_vestibulando"":0,""vagas"":10,""inscritos_regular"":5,""inscritos_vestibulando"":0,""inscritos"":5}]",Quadro de Horários UFF — páginas públicas de listagem e detalhe
2026-1,TCC00202,"VISUALIZAÇÃO, SIMULAÇÃO E JOGOS DIGITAIS",X1,/graduacao/quadrodehorarios/turmas/100000451431,,Ter 09:00-11:00; Qui 09:00-11:00,Ter-Qui,CC;SI,True,31;41;49;83,True,22,12,10,8,10,2,2,2,"[{""codigo_curso"":""49"",""curso"":""Estudos de Mídia"",""vagas_regular"":1,""vagas_vestibulando"":0,""vagas"":1,""inscritos_regular"":1,""inscritos_vestibulando"":0,""inscritos"":1},{""codigo_curso"":""31"",""curso"":""Ciência da Computação"",""vagas_regular"":10,""vagas_vestibulando"":0,""vagas"":10,""inscritos_regular"":8,""inscritos_vestibulando"":0,""inscritos"":8},{""codigo_curso"":""83"",""curso"":""Sistemas de Informação"",""vagas_regular"":10,""vagas_vestibulando"":0,""vagas"":10,""inscritos_regular"":2,""inscritos_vestibulando"":0,""inscritos"":2},{""codigo_curso"":""41"",""curso"":""Engenharia de Telecomunicações"",""vagas_regular"":1,""vagas_vestibulando"":0,""vagas"":1,""inscritos_regular"":1,""inscritos_vestibulando"":0,""inscritos"":1}]",Quadro de Horários UFF — páginas públicas de listagem e detalhe
2026-1,TCC00205,LINGUAGENS DE PROGRAMAÇÃO EM LÓGICA,A1,/graduacao/quadrodehorarios/turmas/100000447676,,Qua 16:00-20:00,Qua,CC,False,31;83,True,20,9,10,8,10,1,0,0,"[{""codigo_curso"":""31"",""curso"":""Ciência da Computação"",""vagas_regular"":10,""vagas_vestibulando"":0,""vagas"":10,""inscritos_regular"":8,""inscritos_vestibulando"":0,""inscritos"":8},{""codigo_curso"":""83"",""curso"":""Sistemas de Informação"",""vagas_regular"":10,""vagas_vestibulando"":0,""vagas"":10,""inscritos_regular"":1,""inscritos_vestibulando"":0,""inscritos"":1}]",Quadro de Horários UFF — páginas públicas de listagem e detalhe
2026-1,TCC00222,COMPUTAÇÃO E SOCIEDADE PARA SISTEMAS DE INFORMAÇÃO,A1,/graduacao/quadrodehorarios/turmas/100000447046,,Qui 18:00-22:00,Qui,SI,False,31;41;83,True,48,34,3,2,44,32,1,0,"[{""codigo_curso"":""83"",""curso"":""Sistemas de Informação"",""vagas_regular"":39,""vagas_vestibulando"":5,""vagas"":44,""inscritos_regular"":32,""inscritos_vestibulando"":0,""inscritos"":32},{""codigo_curso"":""31"",""curso"":""Ciência da Computação"",""vagas_regular"":3,""vagas_vestibulando"":0,""vagas"":3,""inscritos_regular"":2,""inscritos_vestibulando"":0,""inscritos"":2},{""codigo_curso"":""41"",""curso"":""Engenharia de Telecomunicações"",""vagas_regular"":1,""vagas_vestibulando"":0,""vagas"":1,""inscritos_regular"":0,""inscritos_vestibulando"":0,""inscritos"":0}]",Quadro de Horários UFF — páginas públicas de listagem e detalhe
2026-1,TCC00225,ENGENHARIA DE SOFTWARE,A1,/graduacao/quadrodehorarios/turmas/100000447051,,Ter 18:00-20:00; Qui 18:00-20:00,Ter-Qui,SI,False,83,False,54,51,0,0,54,51,0,0,"[{""codigo_curso"":""83"",""curso"":""Sistemas de Informação"",""vagas_regular"":52,""vagas_vestibulando"":2,""vagas"":54,""inscritos_regular"":51,""inscritos_vestibulando"":0,""inscritos"":51}]",Quadro de Horários UFF — páginas públicas de listagem e detalhe
2026-1,TCC00226,DESENVOLVIMENTO WEB,A1,/graduacao/quadrodehorarios/turmas/100000447049,,Seg 09:00-11:00; Qua 09:00-11:00,Seg-Qua,CC,False,31,False,60,56,60,56,0,0,0,0,"[{""codigo_curso"":""31"",""curso"":""Ciência da Computação"",""vagas_regular"":60,""vagas_vestibulando"":0,""vagas"":60,""inscritos_regular"":56,""inscritos_vestibulando"":0,""inscritos"":56}]",Quadro de Horários UFF — páginas públicas de listagem e detalhe
2026-1,TCC00226,DESENVOLVIMENTO WEB,X1,/graduacao/quadrodehorarios/turmas/100000451398,,Seg 11:00-13:00; Qua 11:00-13:00,Seg-Qua,CC,False,31;83,True,45,16,40,14,5,2,0,0,"[{""codigo_curso"":""31"",""curso"":""Ciência da Computação"",""vagas_regular"":40,""vagas_vestibulando"":0,""vagas"":40,""inscritos_regular"":14,""inscritos_vestibulando"":0,""inscritos"":14},{""codigo_curso"":""83"",""curso"":""Sistemas de Informação"",""vagas_regular"":5,""vagas_vestibulando"":0,""vagas"":5,""inscritos_regular"":2,""inscritos_vestibulando"":0,""inscritos"":2}]",Quadro de Horários UFF — páginas públicas de listagem e detalhe
2026-1,TCC00230,TÓPICOS ESPECIAIS EM SEGURANÇA DA INFORMAÇÃO,A1,/graduacao/quadrodehorarios/turmas/100000447675,,Sex 09:00-13:00,Sex,CC;SI,True,31;41;83,True,59,47,52,43,5,2,2,2,"[{""codigo_curso"":""31"",""curso"":""Ciência da Computação"",""vagas_regular"":52,""vagas_vestibulando"":0,""vagas"":52,""inscritos_regular"":43,""inscritos_vestibulando"":0,""inscritos"":43},{""codigo_curso"":""83"",""curso"":""Sistemas de Informação"",""vagas_regular"":5,""vagas_vestibulando"":0,""vagas"":5,""inscritos_regular"":2,""inscritos_vestibulando"":0,""inscritos"":2},{""codigo_curso"":""41"",""curso"":""Engenharia de Telecomunicações"",""vagas_regular"":2,""vagas_vestibulando"":0,""vagas"":2,""inscritos_regular"":2,""inscritos_vestibulando"":0,""inscritos"":2}]",Quadro de Horários UFF — páginas públicas de listagem e detalhe
2026-1,TCC00240,TÓPICOS EM CIÊNCIA DA COMPUTAÇÃO,A1,/graduacao/quadrodehorarios/turmas/100000451520,,Ter 18:00-22:00,Ter,SI,False,31;83,True,10,4,5,1,5,3,0,0,"[{""codigo_curso"":""31"",""curso"":""Ciência da Computação"",""vagas_regular"":5,""vagas_vestibulando"":0,""vagas"":5,""inscritos_regular"":1,""inscritos_vestibulando"":0,""inscritos"":1},{""codigo_curso"":""83"",""curso"":""Sistemas de Informação"",""vagas_regular"":5,""vagas_vestibulando"":0,""vagas"":5,""inscritos_regular"":3,""inscritos_vestibulando"":0,""inscritos"":3}]",Quadro de Horários UFF — páginas públicas de listagem e detalhe
2026-1,TCC00241,TÓPICOS EM COMPUTAÇÃO I,A1,/graduacao/quadrodehorarios/turmas/100000447294,,Ter 14:00-16:00; Qui 14:00-16:00,Ter-Qui,CC;SI,True,20;31;37;38;40;41;83;97,True,21,9,12,8,3,0,6,1,"[{""codigo_curso"":""31"",""curso"":""Ciência da Computação"",""vagas_regular"":12,""vagas_vestibulando"":0,""vagas"":12,""inscritos_regular"":8,""inscritos_vestibulando"":0,""inscritos"":8},{""codigo_curso"":""83"",""curso"":""Sistemas de Informação"",""vagas_regular"":3,""vagas_vestibulando"":0,""vagas"":3,""inscritos_regular"":0,""inscritos_vestibulando"":0,""inscritos"":0},{""codigo_curso"":""38"",""curso"":""Engenharia Elétrica"",""vagas_regular"":1,""vagas_vestibulando"":0,""vagas"":1,""inscritos_regular"":0,""inscritos_vestibulando"":0,""inscritos"":0},{""codigo_curso"":""41"",""curso"":""Engenharia de Telecomunicações"",""vagas_regular"":1,""vagas_vestibulando"":0,""vagas"":1,""inscritos_regular"":0,""inscritos_vestibulando"":0,""inscritos"":0},{""codigo_curso"":""40"",""curso"":""Engenharia Mecânica"",""vagas_regular"":1,""vagas_vestibulando"":0,""vagas"":1,""inscritos_regular"":0,""inscritos_vestibulando"":0,""inscritos"":0},{""codigo_curso"":""37"",""curso"":""Engenharia Civil"",""vagas_regular"":1,""vagas_vestibulando"":0,""vagas"":1,""inscritos_regular"":0,""inscritos_vestibulando"":0,""inscritos"":0},{""codigo_curso"":""20"",""curso"":""Matemática"",""vagas_regular"":1,""vagas_vestibulando"":0,""vagas"":1,""inscritos_regular"":0,""inscritos_vestibulando"":0,""inscritos"":0},{""codigo_curso"":""97"",""curso"":""Disciplina Isolada"",""vagas_regular"":1,""vagas_vestibulando"":0,""vagas"":1,""inscritos_regular"":1,""inscritos_vestibulando"":0,""inscritos"":1}]",Quadro de Horários UFF — páginas públicas de listagem e detalhe
2026-1,TCC00242,TÓPICOS EM COMPUTAÇÃO II,A1,/graduacao/quadrodehorarios/turmas/100000448424,,Ter 18:00-20:00; Qui 18:00-20:00,Ter-Qui,CC;SI,True,31;83,True,43,9,10,1,33,8,0,0,"[{""codigo_curso"":""83"",""curso"":""Sistemas de Informação"",""vagas_regular"":30,""vagas_vestibulando"":3,""vagas"":33,""inscritos_regular"":8,""inscritos_vestibulando"":0,""inscritos"":8},{""codigo_curso"":""31"",""curso"":""Ciência da Computação"",""vagas_regular"":10,""vagas_vestibulando"":0,""vagas"":10,""inscritos_regular"":1,""inscritos_vestibulando"":0,""inscritos"":1}]",Quadro de Horários UFF — páginas públicas de listagem e detalhe
2026-1,TCC00243,TÓPICOS EM COMPUTAÇÃO III,Z1,/graduacao/quadrodehorarios/turmas/100000451522,,Sab 14:00-18:00,Sab,CC,False,31,False,1,1,1,1,0,0,0,0,"[{""codigo_curso"":""31"",""curso"":""Ciência da Computação"",""vagas_regular"":1,""vagas_vestibulando"":0,""vagas"":1,""inscritos_regular"":1,""inscritos_vestibulando"":0,""inscritos"":1}]",Quadro de Horários UFF — páginas públicas de listagem e detalhe
2026-1,TCC00244,TÓPICOS EM BANCO DE DADOS I,A1,/graduacao/quadrodehorarios/turmas/100000447305,,Ter 07:00-09:00; Qui 07:00-09:00,Ter-Qui,CC;SI,True,31;83,True,40,36,33,30,7,6,0,0,"[{""codigo_curso"":""31"",""curso"":""Ciência da Computação"",""vagas_regular"":33,""vagas_vestibulando"":0,""vagas"":33,""inscritos_regular"":30,""inscritos_vestibulando"":0,""inscritos"":30},{""codigo_curso"":""83"",""curso"":""Sistemas de Informação"",""vagas_regular"":7,""vagas_vestibulando"":0,""vagas"":7,""inscritos_regular"":6,""inscritos_vestibulando"":0,""inscritos"":6}]",Quadro de Horários UFF — páginas públicas de listagem e detalhe
2026-1,TCC00250,TÓPICOS EM ENGENHARIA DE SOFWARE I,A1,/graduacao/quadrodehorarios/turmas/100000447308,,Ter 11:00-13:00; Qui 11:00-13:00,Ter-Qui,CC;SI,True,31;41;83;97,True,39,27,27,22,10,3,2,2,"[{""codigo_curso"":""31"",""curso"":""Ciência da Computação"",""vagas_regular"":27,""vagas_vestibulando"":0,""vagas"":27,""inscritos_regular"":22,""inscritos_vestibulando"":0,""inscritos"":22},{""codigo_curso"":""83"",""curso"":""Sistemas de Informação"",""vagas_regular"":10,""vagas_vestibulando"":0,""vagas"":10,""inscritos_regular"":3,""inscritos_vestibulando"":0,""inscritos"":3},{""codigo_curso"":""97"",""curso"":""Disciplina Isolada"",""vagas_regular"":1,""vagas_vestibulando"":0,""vagas"":1,""inscritos_regular"":1,""inscritos_vestibulando"":0,""inscritos"":1},{""codigo_curso"":""41"",""curso"":""Engenharia de Telecomunicações"",""vagas_regular"":1,""vagas_vestibulando"":0,""vagas"":1,""inscritos_regular"":1,""inscritos_vestibulando"":0,""inscritos"":1}]",Quadro de Horários UFF — páginas públicas de listagem e detalhe
2026-1,TCC00251,TÓPICOS EM ENGENHARIA DE SOFWARE II,A1,/graduacao/quadrodehorarios/turmas/100000447674,,Seg 07:00-09:00; Qua 07:00-09:00,Seg-Qua,CC;SI,True,31;83,True,10,3,5,2,5,1,0,0,"[{""codigo_curso"":""31"",""curso"":""Ciência da Computação"",""vagas_regular"":5,""vagas_vestibulando"":0,""vagas"":5,""inscritos_regular"":2,""inscritos_vestibulando"":0,""inscritos"":2},{""codigo_curso"":""83"",""curso"":""Sistemas de Informação"",""vagas_regular"":5,""vagas_vestibulando"":0,""vagas"":5,""inscritos_regular"":1,""inscritos_vestibulando"":0,""inscritos"":1}]",Quadro de Horários UFF — páginas públicas de listagem e detalhe
2026-1,TCC00253,TÓPICOS ESPECIAIS EM SISTEMAS DE PROGRAMAÇÃO I,A1,/graduacao/quadrodehorarios/turmas/100000447809,,Sex 18:00-22:00,Sex,CC;SI,True,31;83,True,46,43,13,12,33,31,0,0,"[{""codigo_curso"":""83"",""curso"":""Sistemas de Informação"",""vagas_regular"":33,""vagas_vestibulando"":0,""vagas"":33,""inscritos_regular"":31,""inscritos_vestibulando"":0,""inscritos"":31},{""codigo_curso"":""31"",""curso"":""Ciência da Computação"",""vagas_regular"":13,""vagas_vestibulando"":0,""vagas"":13,""inscritos_regular"":12,""inscritos_vestibulando"":0,""inscritos"":12}]",Quadro de Horários UFF — páginas públicas de listagem e detalhe
2026-1,TCC00259,TÓPICOS EM INTELIGÊNCIA ARTIFICIAL I,A1,/graduacao/quadrodehorarios/turmas/100000447679,,Ter 14:00-16:00; Qui 14:00-16:00,Ter-Qui,CC,False,31,False,30,11,30,11,0,0,0,0,"[{""codigo_curso"":""31"",""curso"":""Ciência da Computação"",""vagas_regular"":30,""vagas_vestibulando"":0,""vagas"":30,""inscritos_regular"":11,""inscritos_vestibulando"":0,""inscritos"":11}]",Quadro de Horários UFF — páginas públicas de listagem e detalhe
2026-1,TCC00260,TÓPICOS EM INTELIGÊNCIA ARTIFICIAL II,A1,/graduacao/quadrodehorarios/turmas/100000447681,,Ter 09:00-11:00; Qui 09:00-11:00,Ter-Qui,CC;SI,True,31;83,True,24,20,21,19,3,1,0,0,"[{""codigo_curso"":""31"",""curso"":""Ciência da Computação"",""vagas_regular"":21,""vagas_vestibulando"":0,""vagas"":21,""inscritos_regular"":19,""inscritos_vestibulando"":0,""inscritos"":19},{""codigo_curso"":""83"",""curso"":""Sistemas de Informação"",""vagas_regular"":3,""vagas_vestibulando"":0,""vagas"":3,""inscritos_regular"":1,""inscritos_vestibulando"":0,""inscritos"":1}]",Quadro de Horários UFF — páginas públicas de listagem e detalhe
2026-1,TCC00271,TÓPICOS EM  LINGUAGEM DE PROGRAMAÇÃO I,A1,/graduacao/quadrodehorarios/turmas/100000447240,,Seg 16:00-18:00; Qua 16:00-18:00,Seg-Qua,CC;SI,True,31;83,True,36,31,26,23,10,8,0,0,"[{""codigo_curso"":""31"",""curso"":""Ciência da Computação"",""vagas_regular"":26,""vagas_vestibulando"":0,""vagas"":26,""inscritos_regular"":23,""inscritos_vestibulando"":0,""inscritos"":23},{""codigo_curso"":""83"",""curso"":""Sistemas de Informação"",""vagas_regular"":10,""vagas_vestibulando"":0,""vagas"":10,""inscritos_regular"":8,""inscritos_vestibulando"":0,""inscritos"":8}]",Quadro de Horários UFF — páginas públicas de listagem e detalhe
2026-1,TCC00280,COMPUTAÇÃO E MEIO AMBIENTE,A1,/graduacao/quadrodehorarios/turmas/100000447680,,Seg 14:00-18:00,Seg,CC;SI,True,31;83,True,35,29,25,23,10,6,0,0,"[{""codigo_curso"":""31"",""curso"":""Ciência da Computação"",""vagas_regular"":25,""vagas_vestibulando"":0,""vagas"":25,""inscritos_regular"":23,""inscritos_vestibulando"":0,""inscritos"":23},{""codigo_curso"":""83"",""curso"":""Sistemas de Informação"",""vagas_regular"":10,""vagas_vestibulando"":0,""vagas"":10,""inscritos_regular"":6,""inscritos_vestibulando"":0,""inscritos"":6}]",Quadro de Horários UFF — páginas públicas de listagem e detalhe
2026-1,TCC00284,ALGORITMOS EM GRAFOS,A1,/graduacao/quadrodehorarios/turmas/100000446962,,Ter 07:00-09:00; Qui 07:00-09:00,Ter-Qui,CC,False,31,False,60,31,60,31,0,0,0,0,"[{""codigo_curso"":""31"",""curso"":""Ciência da Computação"",""vagas_regular"":60,""vagas_vestibulando"":0,""vagas"":60,""inscritos_regular"":31,""inscritos_vestibulando"":0,""inscritos"":31}]",Quadro de Horários UFF — páginas públicas de listagem e detalhe
2026-1,TCC00285,ANÁLISE E PROJETO DE ALGORITMOS,A1,/graduacao/quadrodehorarios/turmas/100000447035,,Ter 11:00-13:00; Qui 11:00-13:00,Ter-Qui,CC,False,31,False,58,54,58,54,0,0,0,0,"[{""codigo_curso"":""31"",""curso"":""Ciência da Computação"",""vagas_regular"":58,""vagas_vestibulando"":0,""vagas"":58,""inscritos_regular"":54,""inscritos_vestibulando"":0,""inscritos"":54}]",Quadro de Horários UFF — páginas públicas de listagem e detalhe
2026-1,TCC00285,ANÁLISE E PROJETO DE ALGORITMOS,B1,/graduacao/quadrodehorarios/turmas/100000447036,,Ter 11:00-13:00; Qui 11:00-13:00,Ter-Qui,CC,False,31,False,58,48,58,48,0,0,0,0,"[{""codigo_curso"":""31"",""curso"":""Ciência da Computação"",""vagas_regular"":57,""vagas_vestibulando"":1,""vagas"":58,""inscritos_regular"":48,""inscritos_vestibulando"":0,""inscritos"":48}]",Quadro de Horários UFF — páginas públicas de listagem e detalhe
2026-1,TCC00286,ARQUITETURAS DE COMPUTADORES,A1,/graduacao/quadrodehorarios/turmas/100000447037,,Ter 09:00-11:00; Qui 09:00-11:00,Ter-Qui,CC,False,31,False,66,63,66,63,0,0,0,0,"[{""codigo_curso"":""31"",""curso"":""Ciência da Computação"",""vagas_regular"":65,""vagas_vestibulando"":1,""vagas"":66,""inscritos_regular"":62,""inscritos_vestibulando"":1,""inscritos"":63}]",Quadro de Horários UFF — páginas públicas de listagem e detalhe
2026-1,TCC00287,BANCO DE DADOS I,A1,/graduacao/quadrodehorarios/turmas/100000447042,,Ter 07:00-09:00; Qui 07:00-09:00,Ter-Qui,CC,False,20;31;42,False,63,22,58,19,0,0,5,3,"[{""codigo_curso"":""31"",""curso"":""Ciência da Computação"",""vagas_regular"":58,""vagas_vestibulando"":0,""vagas"":58,""inscritos_regular"":19,""inscritos_vestibulando"":0,""inscritos"":19},{""codigo_curso"":""20"",""curso"":""Matemática"",""vagas_regular"":3,""vagas_vestibulando"":0,""vagas"":3,""inscritos_regular"":1,""inscritos_vestibulando"":0,""inscritos"":1},{""codigo_curso"":""42"",""curso"":""Engenharia de Produção"",""vagas_regular"":2,""vagas_vestibulando"":0,""vagas"":2,""inscritos_regular"":2,""inscritos_vestibulando"":0,""inscritos"":2}]",Quadro de Horários UFF — páginas públicas de listagem e detalhe
2026-1,TCC00288,BANCO DE DADOS II,A1,/graduacao/quadrodehorarios/turmas/100000447043,,Seg 07:00-09:00; Qua 07:00-09:00,Seg-Qua,CC,False,20;31;83,True,84,78,76,72,6,6,2,0,"[{""codigo_curso"":""31"",""curso"":""Ciência da Computação"",""vagas_regular"":76,""vagas_vestibulando"":0,""vagas"":76,""inscritos_regular"":72,""inscritos_vestibulando"":0,""inscritos"":72},{""codigo_curso"":""20"",""curso"":""Matemática"",""vagas_regular"":2,""vagas_vestibulando"":0,""vagas"":2,""inscritos_regular"":0,""inscritos_vestibulando"":0,""inscritos"":0},{""codigo_curso"":""83"",""curso"":""Sistemas de Informação"",""vagas_regular"":6,""vagas_vestibulando"":0,""vagas"":6,""inscritos_regular"":6,""inscritos_vestibulando"":0,""inscritos"":6}]",Quadro de Horários UFF — páginas públicas de listagem e detalhe
2026-1,TCC00289,COMPILADORES,A1,/graduacao/quadrodehorarios/turmas/100000447044,,Seg 09:00-11:00; Qua 09:00-11:00,Seg-Qua,CC;SI,True,31;83,True,61,54,60,54,1,0,0,0,"[{""codigo_curso"":""31"",""curso"":""Ciência da Computação"",""vagas_regular"":60,""vagas_vestibulando"":0,""vagas"":60,""inscritos_regular"":54,""inscritos_vestibulando"":0,""inscritos"":54},{""codigo_curso"":""83"",""curso"":""Sistemas de Informação"",""vagas_regular"":1,""vagas_vestibulando"":0,""vagas"":1,""inscritos_regular"":0,""inscritos_vestibulando"":0,""inscritos"":0}]",Quadro de Horários UFF — páginas públicas de listagem e detalhe
2026-1,TCC00290,COMPUTAÇÃO E SOCIEDADE,A1,/graduacao/quadrodehorarios/turmas/100000447045,,Qui 11:00-13:00,Qui,CC,False,31,False,50,47,50,47,0,0,0,0,"[{""codigo_curso"":""31"",""curso"":""Ciência da Computação"",""vagas_regular"":50,""vagas_vestibulando"":0,""vagas"":50,""inscritos_regular"":47,""inscritos_vestibulando"":0,""inscritos"":47}]",Quadro de Horários UFF — páginas públicas de listagem e detalhe
2026-1,TCC00291,COMPUTAÇÃO GRÁFICA,A1,/graduacao/quadrodehorarios/turmas/100000447047,,Seg 11:00-13:00; Qua 11:00-13:00,Seg-Qua,CC,False,20;31,False,51,40,50,39,0,0,1,1,"[{""codigo_curso"":""31"",""curso"":""Ciência da Computação"",""vagas_regular"":50,""vagas_vestibulando"":0,""vagas"":50,""inscritos_regular"":39,""inscritos_vestibulando"":0,""inscritos"":39},{""codigo_curso"":""20"",""curso"":""Matemática"",""vagas_regular"":1,""vagas_vestibulando"":0,""vagas"":1,""inscritos_regular"":1,""inscritos_vestibulando"":0,""inscritos"":1}]",Quadro de Horários UFF — páginas públicas de listagem e detalhe
2026-1,TCC00292,ENGENHARIA DE SOFTWARE I,A1,/graduacao/quadrodehorarios/turmas/100000447052,,Seg 09:00-11:00; Qua 09:00-11:00,Seg-Qua,CC,False,31;83,True,66,37,60,32,6,5,0,0,"[{""codigo_curso"":""31"",""curso"":""Ciência da Computação"",""vagas_regular"":60,""vagas_vestibulando"":0,""vagas"":60,""inscritos_regular"":32,""inscritos_vestibulando"":0,""inscritos"":32},{""codigo_curso"":""83"",""curso"":""Sistemas de Informação"",""vagas_regular"":6,""vagas_vestibulando"":0,""vagas"":6,""inscritos_regular"":5,""inscritos_vestibulando"":0,""inscritos"":5}]",Quadro de Horários UFF — páginas públicas de listagem e detalhe
2026-1,TCC00293,ENGENHARIA DE SOFTWARE II,A1,/graduacao/quadrodehorarios/turmas/100000447053,,Seg 09:00-11:00; Qua 09:00-11:00,Seg-Qua,CC,False,31,False,61,59,61,59,0,0,0,0,"[{""codigo_curso"":""31"",""curso"":""Ciência da Computação"",""vagas_regular"":61,""vagas_vestibulando"":0,""vagas"":61,""inscritos_regular"":59,""inscritos_vestibulando"":0,""inscritos"":59}]",Quadro de Horários UFF — páginas públicas de listagem e detalhe
2026-1,TCC00296,FUNDAMENTOS DE ARQUITETURAS DE COMPUTADORES,A1,/graduacao/quadrodehorarios/turmas/100000447059,,Ter 14:00-16:00; Qui 14:00-16:00,Ter-Qui,CC,False,20;25;31,False,63,55,60,53,0,0,3,2,"[{""codigo_curso"":""31"",""curso"":""Ciência da Computação"",""vagas_regular"":11,""vagas_vestibulando"":49,""vagas"":60,""inscritos_regular"":8,""inscritos_vestibulando"":45,""inscritos"":53},{""codigo_curso"":""25"",""curso"":""Física"",""vagas_regular"":1,""vagas_vestibulando"":0,""vagas"":1,""inscritos_regular"":1,""inscritos_vestibulando"":0,""inscritos"":1},{""codigo_curso"":""20"",""curso"":""Matemática"",""vagas_regular"":2,""vagas_vestibulando"":0,""vagas"":2,""inscritos_regular"":1,""inscritos_vestibulando"":0,""inscritos"":1}]",Quadro de Horários UFF — páginas públicas de listagem e detalhe
2026-1,TCC00296,FUNDAMENTOS DE ARQUITETURAS DE COMPUTADORES,B1,/graduacao/quadrodehorarios/turmas/100000447060,,Ter 07:00-09:00; Qui 07:00-09:00,Ter-Qui,CC,False,123;20;31;41,False,52,34,30,14,0,0,22,20,"[{""codigo_curso"":""123"",""curso"":""Inteligência Artificial e Ciência de Dados"",""vagas_regular"":0,""vagas_vestibulando"":20,""vagas"":20,""inscritos_regular"":0,""inscritos_vestibulando"":18,""inscritos"":18},{""codigo_curso"":""31"",""curso"":""Ciência da Computação"",""vagas_regular"":20,""vagas_vestibulando"":10,""vagas"":30,""inscritos_regular"":13,""inscritos_vestibulando"":1,""inscritos"":14},{""codigo_curso"":""41"",""curso"":""Engenharia de Telecomunicações"",""vagas_regular"":0,""vagas_vestibulando"":1,""vagas"":1,""inscritos_regular"":0,""inscritos_vestibulando"":1,""inscritos"":1},{""codigo_curso"":""20"",""curso"":""Matemática"",""vagas_regular"":1,""vagas_vestibulando"":0,""vagas"":1,""inscritos_regular"":1,""inscritos_vestibulando"":0,""inscritos"":1}]",Quadro de Horários UFF — páginas públicas de listagem e detalhe
2026-1,TCC00297,INTELIGÊNCIA ARTIFICIAL,A1,/graduacao/quadrodehorarios/turmas/100000447070,,Ter 07:00-09:00; Qui 07:00-09:00,Ter-Qui,CC,False,20;31,False,68,64,66,63,0,0,2,1,"[{""codigo_curso"":""31"",""curso"":""Ciência da Computação"",""vagas_regular"":66,""vagas_vestibulando"":0,""vagas"":66,""inscritos_regular"":63,""inscritos_vestibulando"":0,""inscritos"":63},{""codigo_curso"":""20"",""curso"":""Matemática"",""vagas_regular"":2,""vagas_vestibulando"":0,""vagas"":2,""inscritos_regular"":1,""inscritos_vestibulando"":0,""inscritos"":1}]",Quadro de Horários UFF — páginas públicas de listagem e detalhe
2026-1,TCC00298,INTERFACE HOMEM-MÁQUINA,A1,/graduacao/quadrodehorarios/turmas/100000447071,,Seg 11:00-13:00; Qua 11:00-13:00,Seg-Qua,CC,False,31;83,True,62,53,60,52,2,1,0,0,"[{""codigo_curso"":""31"",""curso"":""Ciência da Computação"",""vagas_regular"":60,""vagas_vestibulando"":0,""vagas"":60,""inscritos_regular"":52,""inscritos_vestibulando"":0,""inscritos"":52},{""codigo_curso"":""83"",""curso"":""Sistemas de Informação"",""vagas_regular"":2,""vagas_vestibulando"":0,""vagas"":2,""inscritos_regular"":1,""inscritos_vestibulando"":0,""inscritos"":1}]",Quadro de Horários UFF — páginas públicas de listagem e detalhe
2026-1,TCC00301,LABORATÓRIO DE PROGRAMAÇÃO DE JOGOS,AA,/graduacao/quadrodehorarios/turmas/100000447210,,Ter 11:00-13:00,Ter,CC,False,31,False,35,33,35,33,0,0,0,0,"[{""codigo_curso"":""31"",""curso"":""Ciência da Computação"",""vagas_regular"":35,""vagas_vestibulando"":0,""vagas"":35,""inscritos_regular"":33,""inscritos_vestibulando"":0,""inscritos"":33}]",Quadro de Horários UFF — páginas públicas de listagem e detalhe
2026-1,TCC00301,LABORATÓRIO DE PROGRAMAÇÃO DE JOGOS,BA,/graduacao/quadrodehorarios/turmas/100000447212,,Qui 11:00-13:00,Qui,CC;SI,True,31;83,True,44,32,36,27,8,5,0,0,"[{""codigo_curso"":""31"",""curso"":""Ciência da Computação"",""vagas_regular"":35,""vagas_vestibulando"":1,""vagas"":36,""inscritos_regular"":26,""inscritos_vestibulando"":1,""inscritos"":27},{""codigo_curso"":""83"",""curso"":""Sistemas de Informação"",""vagas_regular"":8,""vagas_vestibulando"":0,""vagas"":8,""inscritos_regular"":5,""inscritos_vestibulando"":0,""inscritos"":5}]",Quadro de Horários UFF — páginas públicas de listagem e detalhe
2026-1,TCC00304,LINGUAGENS DE PROGRAMAÇÃO,A1,/graduacao/quadrodehorarios/turmas/100000447074,,Seg 11:00-13:00; Qua 11:00-13:00,Seg-Qua,CC,False,31,False,68,66,68,66,0,0,0,0,"[{""codigo_curso"":""31"",""curso"":""Ciência da Computação"",""vagas_regular"":68,""vagas_vestibulando"":0,""vagas"":68,""inscritos_regular"":66,""inscritos_vestibulando"":0,""inscritos"":66}]",Quadro de Horários UFF — páginas públicas de listagem e detalhe
2026-1,TCC00305,LINGUAGENS FORMAIS E TEORIA DA COMPUTAÇÃO,A1,/graduacao/quadrodehorarios/turmas/100000447075,,Seg 07:00-09:00; Qua 07:00-09:00,Seg-Qua,CC,False,31,False,70,49,70,49,0,0,0,0,"[{""codigo_curso"":""31"",""curso"":""Ciência da Computação"",""vagas_regular"":70,""vagas_vestibulando"":0,""vagas"":70,""inscritos_regular"":49,""inscritos_vestibulando"":0,""inscritos"":49}]",Quadro de Horários UFF — páginas públicas de listagem e detalhe
2026-1,TCC00306,MÉTODOS NUMÉRICOS,A1,/graduacao/quadrodehorarios/turmas/100000447076,,Ter 09:00-11:00; Qui 09:00-11:00,Ter-Qui,CC,False,20;31,False,46,34,41,30,0,0,5,4,"[{""codigo_curso"":""31"",""curso"":""Ciência da Computação"",""vagas_regular"":41,""vagas_vestibulando"":0,""vagas"":41,""inscritos_regular"":30,""inscritos_vestibulando"":0,""inscritos"":30},{""codigo_curso"":""20"",""curso"":""Matemática"",""vagas_regular"":5,""vagas_vestibulando"":0,""vagas"":5,""inscritos_regular"":4,""inscritos_vestibulando"":0,""inscritos"":4}]",Quadro de Horários UFF — páginas públicas de listagem e detalhe
2026-1,TCC00307,PROGRAMAÇÃO CIENTÍFICA,A1,/graduacao/quadrodehorarios/turmas/100000447080,,Ter 11:00-13:00; Qui 11:00-13:00,Ter-Qui,CC,False,20;31;50,False,59,53,52,47,0,0,7,6,"[{""codigo_curso"":""31"",""curso"":""Ciência da Computação"",""vagas_regular"":52,""vagas_vestibulando"":0,""vagas"":52,""inscritos_regular"":47,""inscritos_vestibulando"":0,""inscritos"":47},{""codigo_curso"":""50"",""curso"":""Geofísica"",""vagas_regular"":6,""vagas_vestibulando"":0,""vagas"":6,""inscritos_regular"":5,""inscritos_vestibulando"":0,""inscritos"":5},{""codigo_curso"":""20"",""curso"":""Matemática"",""vagas_regular"":1,""vagas_vestibulando"":0,""vagas"":1,""inscritos_regular"":1,""inscritos_vestibulando"":0,""inscritos"":1}]",Quadro de Horários UFF — páginas públicas de listagem e detalhe
2026-1,TCC00307,PROGRAMAÇÃO CIENTÍFICA,Z1,/graduacao/quadrodehorarios/turmas/100000451521,,Sab 14:00-18:00,Sab,CC,False,31,False,1,1,1,1,0,0,0,0,"[{""codigo_curso"":""31"",""curso"":""Ciência da Computação"",""vagas_regular"":1,""vagas_vestibulando"":0,""vagas"":1,""inscritos_regular"":1,""inscritos_vestibulando"":0,""inscritos"":1}]",Quadro de Horários UFF — páginas públicas de listagem e detalhe
2026-1,TCC00308,PROGRAMAÇÃO DE COMPUTADORES I,A1,/graduacao/quadrodehorarios/turmas/100000447085,,Seg 16:00-18:00; Qua 16:00-18:00,Seg-Qua,CC,False,123;31,False,47,33,27,18,0,0,20,15,"[{""codigo_curso"":""123"",""curso"":""Inteligência Artificial e Ciência de Dados"",""vagas_regular"":0,""vagas_vestibulando"":20,""vagas"":20,""inscritos_regular"":0,""inscritos_vestibulando"":15,""inscritos"":15},{""codigo_curso"":""31"",""curso"":""Ciência da Computação"",""vagas_regular"":11,""vagas_vestibulando"":16,""vagas"":27,""inscritos_regular"":3,""inscritos_vestibulando"":15,""inscritos"":18}]",Quadro de Horários UFF — páginas públicas de listagem e detalhe
2026-1,TCC00308,PROGRAMAÇÃO DE COMPUTADORES I,B1,/graduacao/quadrodehorarios/turmas/100000447084,,Seg 16:00-18:00; Qua 16:00-18:00,Seg-Qua,CC,False,31,False,49,40,49,40,0,0,0,0,"[{""codigo_curso"":""31"",""curso"":""Ciência da Computação"",""vagas_regular"":18,""vagas_vestibulando"":31,""vagas"":49,""inscritos_regular"":9,""inscritos_vestibulando"":31,""inscritos"":40}]",Quadro de Horários UFF — páginas públicas de listagem e detalhe
2026-1,TCC00312,PROJETO DE SOFTWARE,A1,/graduacao/quadrodehorarios/turmas/100000447095,,Seg 11:00-13:00; Qua 11:00-13:00,Seg-Qua,CC,False,31,False,61,57,61,57,0,0,0,0,"[{""codigo_curso"":""31"",""curso"":""Ciência da Computação"",""vagas_regular"":61,""vagas_vestibulando"":0,""vagas"":61,""inscritos_regular"":57,""inscritos_vestibulando"":0,""inscritos"":57}]",Quadro de Horários UFF — páginas públicas de listagem e detalhe
2026-1,TCC00313,REDES DE COMPUTADORES I,A1,/graduacao/quadrodehorarios/turmas/100000447100,,Ter 07:00-09:00; Qui 07:00-09:00,Ter-Qui,CC,False,31;83,True,62,59,61,59,1,0,0,0,"[{""codigo_curso"":""31"",""curso"":""Ciência da Computação"",""vagas_regular"":61,""vagas_vestibulando"":0,""vagas"":61,""inscritos_regular"":59,""inscritos_vestibulando"":0,""inscritos"":59},{""codigo_curso"":""83"",""curso"":""Sistemas de Informação"",""vagas_regular"":1,""vagas_vestibulando"":0,""vagas"":1,""inscritos_regular"":0,""inscritos_vestibulando"":0,""inscritos"":0}]",Quadro de Horários UFF — páginas públicas de listagem e detalhe
2026-1,TCC00314,REDES DE COMPUTADORES II,A1,/graduacao/quadrodehorarios/turmas/100000447101,,Ter 09:00-11:00; Qui 09:00-11:00,Ter-Qui,CC,False,31;83,True,56,53,55,52,1,1,0,0,"[{""codigo_curso"":""31"",""curso"":""Ciência da Computação"",""vagas_regular"":55,""vagas_vestibulando"":0,""vagas"":55,""inscritos_regular"":52,""inscritos_vestibulando"":0,""inscritos"":52},{""codigo_curso"":""83"",""curso"":""Sistemas de Informação"",""vagas_regular"":1,""vagas_vestibulando"":0,""vagas"":1,""inscritos_regular"":1,""inscritos_vestibulando"":0,""inscritos"":1}]",Quadro de Horários UFF — páginas públicas de listagem e detalhe
2026-1,TCC00315,SISTEMAS DISTRIBUÍDOS,A1,/graduacao/quadrodehorarios/turmas/100000447105,,Ter 11:00-13:00; Qui 11:00-13:00,Ter-Qui,CC,False,31,False,60,41,60,41,0,0,0,0,"[{""codigo_curso"":""31"",""curso"":""Ciência da Computação"",""vagas_regular"":60,""vagas_vestibulando"":0,""vagas"":60,""inscritos_regular"":41,""inscritos_vestibulando"":0,""inscritos"":41}]",Quadro de Horários UFF — páginas públicas de listagem e detalhe
2026-1,TCC00316,SISTEMAS OPERACIONAIS,A1,/graduacao/quadrodehorarios/turmas/100000447107,,Ter 11:00-13:00; Qui 11:00-13:00,Ter-Qui,CC,False,31,False,60,44,60,44,0,0,0,0,"[{""codigo_curso"":""31"",""curso"":""Ciência da Computação"",""vagas_regular"":60,""vagas_vestibulando"":0,""vagas"":60,""inscritos_regular"":44,""inscritos_vestibulando"":0,""inscritos"":44}]",Quadro de Horários UFF — páginas públicas de listagem e detalhe
2026-1,TCC00318,PESQUISA OPERACIONAL,A1,/graduacao/quadrodehorarios/turmas/100000447078,,Ter 09:00-11:00; Qui 09:00-11:00,Ter-Qui,CC,False,31,False,60,54,60,54,0,0,0,0,"[{""codigo_curso"":""31"",""curso"":""Ciência da Computação"",""vagas_regular"":60,""vagas_vestibulando"":0,""vagas"":60,""inscritos_regular"":54,""inscritos_vestibulando"":0,""inscritos"":54}]",Quadro de Horários UFF — páginas públicas de listagem e detalhe
2026-1,TCC00324,GOVERNANÇA EM TECNOLOGIA DA INFORMAÇÃO,A1,/graduacao/quadrodehorarios/turmas/100000447069,,Seg 20:00-22:00; Qua 20:00-22:00,Seg-Qua,SI,False,41;60;83,False,54,33,0,0,51,31,3,2,"[{""codigo_curso"":""83"",""curso"":""Sistemas de Informação"",""vagas_regular"":50,""vagas_vestibulando"":1,""vagas"":51,""inscritos_regular"":30,""inscritos_vestibulando"":1,""inscritos"":31},{""codigo_curso"":""60"",""curso"":""Ciência da Computação(Rio das Ostras)"",""vagas_regular"":2,""vagas_vestibulando"":0,""vagas"":2,""inscritos_regular"":1,""inscritos_vestibulando"":0,""inscritos"":1},{""codigo_curso"":""41"",""curso"":""Engenharia de Telecomunicações"",""vagas_regular"":1,""vagas_vestibulando"":0,""vagas"":1,""inscritos_regular"":1,""inscritos_vestibulando"":0,""inscritos"":1}]",Quadro de Horários UFF — páginas públicas de listagem e detalhe
2026-1,TCC00324,GOVERNANÇA EM TECNOLOGIA DA INFORMAÇÃO,Z1,/graduacao/quadrodehorarios/turmas/100000451591,,Seg 18:00-20:00; Qua 18:00-20:00,Seg-Qua,SI,False,83,False,3,3,0,0,3,3,0,0,"[{""codigo_curso"":""83"",""curso"":""Sistemas de Informação"",""vagas_regular"":3,""vagas_vestibulando"":0,""vagas"":3,""inscritos_regular"":3,""inscritos_vestibulando"":0,""inscritos"":3}]",Quadro de Horários UFF — páginas públicas de listagem e detalhe
2026-1,TCC00328,PROGRAMAÇÃO ORIENTADA A OBJETOS,A1,/graduacao/quadrodehorarios/turmas/100000447092,,Seg 11:00-13:00; Qua 11:00-13:00,Seg-Qua,CC,False,20;31;41;83,True,60,42,46,29,5,4,9,9,"[{""codigo_curso"":""31"",""curso"":""Ciência da Computação"",""vagas_regular"":45,""vagas_vestibulando"":1,""vagas"":46,""inscritos_regular"":28,""inscritos_vestibulando"":1,""inscritos"":29},{""codigo_curso"":""83"",""curso"":""Sistemas de Informação"",""vagas_regular"":5,""vagas_vestibulando"":0,""vagas"":5,""inscritos_regular"":4,""inscritos_vestibulando"":0,""inscritos"":4},{""codigo_curso"":""41"",""curso"":""Engenharia de Telecomunicações"",""vagas_regular"":7,""vagas_vestibulando"":0,""vagas"":7,""inscritos_regular"":7,""inscritos_vestibulando"":0,""inscritos"":7},{""codigo_curso"":""20"",""curso"":""Matemática"",""vagas_regular"":2,""vagas_vestibulando"":0,""vagas"":2,""inscritos_regular"":2,""inscritos_vestibulando"":0,""inscritos"":2}]",Quadro de Horários UFF — páginas públicas de listagem e detalhe
2026-1,TCC00328,PROGRAMAÇÃO ORIENTADA A OBJETOS,B1,/graduacao/quadrodehorarios/turmas/100000447090,,Seg 16:00-18:00; Qua 16:00-18:00,Seg-Qua,CC,False,31;41;83,True,62,55,24,22,16,15,22,18,"[{""codigo_curso"":""83"",""curso"":""Sistemas de Informação"",""vagas_regular"":16,""vagas_vestibulando"":0,""vagas"":16,""inscritos_regular"":15,""inscritos_vestibulando"":0,""inscritos"":15},{""codigo_curso"":""41"",""curso"":""Engenharia de Telecomunicações"",""vagas_regular"":22,""vagas_vestibulando"":0,""vagas"":22,""inscritos_regular"":18,""inscritos_vestibulando"":0,""inscritos"":18},{""codigo_curso"":""31"",""curso"":""Ciência da Computação"",""vagas_regular"":24,""vagas_vestibulando"":0,""vagas"":24,""inscritos_regular"":22,""inscritos_vestibulando"":0,""inscritos"":22}]",Quadro de Horários UFF — páginas públicas de listagem e detalhe
2026-1,TCC00328,PROGRAMAÇÃO ORIENTADA A OBJETOS,C1,/graduacao/quadrodehorarios/turmas/100000447091,,Seg 11:00-13:00; Qua 11:00-13:00,Seg-Qua,CC,False,20;31;41,False,50,18,15,3,0,0,35,15,"[{""codigo_curso"":""20"",""curso"":""Matemática"",""vagas_regular"":2,""vagas_vestibulando"":0,""vagas"":2,""inscritos_regular"":0,""inscritos_vestibulando"":0,""inscritos"":0},{""codigo_curso"":""41"",""curso"":""Engenharia de Telecomunicações"",""vagas_regular"":33,""vagas_vestibulando"":0,""vagas"":33,""inscritos_regular"":15,""inscritos_vestibulando"":0,""inscritos"":15},{""codigo_curso"":""31"",""curso"":""Ciência da Computação"",""vagas_regular"":14,""vagas_vestibulando"":1,""vagas"":15,""inscritos_regular"":3,""inscritos_vestibulando"":0,""inscritos"":3}]",Quadro de Horários UFF — páginas públicas de listagem e detalhe
2026-1,TCC00330,MODELAGEM DE PROCESSOS DE NEGÓCIOS,A1,/graduacao/quadrodehorarios/turmas/100000447077,,Seg 18:00-20:00; Qua 18:00-20:00,Seg-Qua,SI,False,83,False,51,47,0,0,51,47,0,0,"[{""codigo_curso"":""83"",""curso"":""Sistemas de Informação"",""vagas_regular"":51,""vagas_vestibulando"":0,""vagas"":51,""inscritos_regular"":47,""inscritos_vestibulando"":0,""inscritos"":47}]",Quadro de Horários UFF — páginas públicas de listagem e detalhe
2026-1,TCC00331,ESTRUTURAS DE DADOS PARA SISTEMAS DE INFORMAÇÃO,A1,/graduacao/quadrodehorarios/turmas/100000447057,,Seg 18:00-20:00; Qua 18:00-20:00,Seg-Qua,SI,False,83,False,45,33,0,0,45,33,0,0,"[{""codigo_curso"":""83"",""curso"":""Sistemas de Informação"",""vagas_regular"":40,""vagas_vestibulando"":5,""vagas"":45,""inscritos_regular"":33,""inscritos_vestibulando"":0,""inscritos"":33}]",Quadro de Horários UFF — páginas públicas de listagem e detalhe
2026-1,TCC00331,ESTRUTURAS DE DADOS PARA SISTEMAS DE INFORMAÇÃO,B1,/graduacao/quadrodehorarios/turmas/100000447056,,Seg 18:00-20:00; Qua 18:00-20:00,Seg-Qua,SI,False,83,False,45,37,0,0,45,37,0,0,"[{""codigo_curso"":""83"",""curso"":""Sistemas de Informação"",""vagas_regular"":45,""vagas_vestibulando"":0,""vagas"":45,""inscritos_regular"":37,""inscritos_vestibulando"":0,""inscritos"":37}]",Quadro de Horários UFF — páginas públicas de listagem e detalhe
2026-1,TCC00332,FUNDAMENTOS DE SISTEMAS DE INFORMAÇÃO,A1,/graduacao/quadrodehorarios/turmas/100000447061,,Ter 18:00-20:00; Qui 18:00-20:00,Ter-Qui,SI,False,31;41;83,True,43,37,1,0,41,36,1,1,"[{""codigo_curso"":""83"",""curso"":""Sistemas de Informação"",""vagas_regular"":10,""vagas_vestibulando"":31,""vagas"":41,""inscritos_regular"":5,""inscritos_vestibulando"":31,""inscritos"":36},{""codigo_curso"":""31"",""curso"":""Ciência da Computação"",""vagas_regular"":1,""vagas_vestibulando"":0,""vagas"":1,""inscritos_regular"":0,""inscritos_vestibulando"":0,""inscritos"":0},{""codigo_curso"":""41"",""curso"":""Engenharia de Telecomunicações"",""vagas_regular"":1,""vagas_vestibulando"":0,""vagas"":1,""inscritos_regular"":1,""inscritos_vestibulando"":0,""inscritos"":1}]",Quadro de Horários UFF — páginas públicas de listagem e detalhe
2026-1,TCC00332,FUNDAMENTOS DE SISTEMAS DE INFORMAÇÃO,B1,/graduacao/quadrodehorarios/turmas/100000447062,,Ter 20:00-22:00; Qui 20:00-22:00,Ter-Qui,SI,False,83,False,40,31,0,0,40,31,0,0,"[{""codigo_curso"":""83"",""curso"":""Sistemas de Informação"",""vagas_regular"":10,""vagas_vestibulando"":30,""vagas"":40,""inscritos_regular"":2,""inscritos_vestibulando"":29,""inscritos"":31}]",Quadro de Horários UFF — páginas públicas de listagem e detalhe
2026-1,TCC00334,PRINCÍPIOS DE BANCO DE DADOS,A1,/graduacao/quadrodehorarios/turmas/100000447079,,Seg 18:00-20:00; Qua 18:00-20:00,Seg-Qua,SI,False,14;31;83,True,63,61,1,1,61,59,1,1,"[{""codigo_curso"":""83"",""curso"":""Sistemas de Informação"",""vagas_regular"":60,""vagas_vestibulando"":1,""vagas"":61,""inscritos_regular"":59,""inscritos_vestibulando"":0,""inscritos"":59},{""codigo_curso"":""14"",""curso"":""Arquivologia"",""vagas_regular"":1,""vagas_vestibulando"":0,""vagas"":1,""inscritos_regular"":1,""inscritos_vestibulando"":0,""inscritos"":1},{""codigo_curso"":""31"",""curso"":""Ciência da Computação"",""vagas_regular"":1,""vagas_vestibulando"":0,""vagas"":1,""inscritos_regular"":1,""inscritos_vestibulando"":0,""inscritos"":1}]",Quadro de Horários UFF — páginas públicas de listagem e detalhe
2026-1,TCC00335,PROJETO DE BANCO DE DADOS PARA SISTEMAS DE INFORMAÇÃO,A1,/graduacao/quadrodehorarios/turmas/100000447094,,Ter 20:00-22:00; Qui 20:00-22:00,Ter-Qui,SI,False,31;83,True,58,47,5,1,53,46,0,0,"[{""codigo_curso"":""83"",""curso"":""Sistemas de Informação"",""vagas_regular"":51,""vagas_vestibulando"":2,""vagas"":53,""inscritos_regular"":45,""inscritos_vestibulando"":1,""inscritos"":46},{""codigo_curso"":""31"",""curso"":""Ciência da Computação"",""vagas_regular"":5,""vagas_vestibulando"":0,""vagas"":5,""inscritos_regular"":1,""inscritos_vestibulando"":0,""inscritos"":1}]",Quadro de Horários UFF — páginas públicas de listagem e detalhe
2026-1,TCC00336,BANCOS DE DADOS NÃO CONVENCIONAIS,A1,/graduacao/quadrodehorarios/turmas/100000447040,,Seg 20:00-22:00; Qua 20:00-22:00,Seg-Qua,CC;SI,True,31;83,True,54,54,2,2,52,52,0,0,"[{""codigo_curso"":""83"",""curso"":""Sistemas de Informação"",""vagas_regular"":52,""vagas_vestibulando"":0,""vagas"":52,""inscritos_regular"":52,""inscritos_vestibulando"":0,""inscritos"":52},{""codigo_curso"":""31"",""curso"":""Ciência da Computação"",""vagas_regular"":2,""vagas_vestibulando"":0,""vagas"":2,""inscritos_regular"":2,""inscritos_vestibulando"":0,""inscritos"":2}]",Quadro de Horários UFF — páginas públicas de listagem e detalhe
2026-1,TCC00336,BANCOS DE DADOS NÃO CONVENCIONAIS,Z1,/graduacao/quadrodehorarios/turmas/100000447041,,Ter 18:00-20:00; Qui 18:00-20:00,Ter-Qui,CC;SI,True,31;60;83;97,True,59,34,6,1,50,31,3,2,"[{""codigo_curso"":""83"",""curso"":""Sistemas de Informação"",""vagas_regular"":50,""vagas_vestibulando"":0,""vagas"":50,""inscritos_regular"":31,""inscritos_vestibulando"":0,""inscritos"":31},{""codigo_curso"":""97"",""curso"":""Disciplina Isolada"",""vagas_regular"":1,""vagas_vestibulando"":0,""vagas"":1,""inscritos_regular"":1,""inscritos_vestibulando"":0,""inscritos"":1},{""codigo_curso"":""31"",""curso"":""Ciência da Computação"",""vagas_regular"":6,""vagas_vestibulando"":0,""vagas"":6,""inscritos_regular"":1,""inscritos_vestibulando"":0,""inscritos"":1},{""codigo_curso"":""60"",""curso"":""Ciência da Computação(Rio das Ostras)"",""vagas_regular"":2,""vagas_vestibulando"":0,""vagas"":2,""inscritos_regular"":1,""inscritos_vestibulando"":0,""inscritos"":1}]",Quadro de Horários UFF — páginas públicas de listagem e detalhe
2026-1,TCC00337,INTRODUÇÃO A INTERAÇÃO HUMANO-COMPUTADOR,A1,/graduacao/quadrodehorarios/turmas/100000447072,,Seg 18:00-20:00; Qua 18:00-20:00,Seg-Qua,SI,False,31;83,True,57,57,2,2,55,55,0,0,"[{""codigo_curso"":""83"",""curso"":""Sistemas de Informação"",""vagas_regular"":55,""vagas_vestibulando"":0,""vagas"":55,""inscritos_regular"":55,""inscritos_vestibulando"":0,""inscritos"":55},{""codigo_curso"":""31"",""curso"":""Ciência da Computação"",""vagas_regular"":2,""vagas_vestibulando"":0,""vagas"":2,""inscritos_regular"":2,""inscritos_vestibulando"":0,""inscritos"":2}]",Quadro de Horários UFF — páginas públicas de listagem e detalhe
2026-1,TCC00338,PROJETO DE SOFTWARE,A1,/graduacao/quadrodehorarios/turmas/100000447096,,Ter 18:00-20:00; Qui 18:00-20:00,Ter-Qui,SI,False,31;83,True,52,48,1,1,51,47,0,0,"[{""codigo_curso"":""83"",""curso"":""Sistemas de Informação"",""vagas_regular"":51,""vagas_vestibulando"":0,""vagas"":51,""inscritos_regular"":47,""inscritos_vestibulando"":0,""inscritos"":47},{""codigo_curso"":""31"",""curso"":""Ciência da Computação"",""vagas_regular"":1,""vagas_vestibulando"":0,""vagas"":1,""inscritos_regular"":1,""inscritos_vestibulando"":0,""inscritos"":1}]",Quadro de Horários UFF — páginas públicas de listagem e detalhe
2026-1,TCC00341,SEGURANÇA DA INFORMAÇÃO,A1,/graduacao/quadrodehorarios/turmas/100000447102,,Seg 20:00-22:00; Qua 20:00-22:00,Seg-Qua,SI,False,83,False,53,53,0,0,53,53,0,0,"[{""codigo_curso"":""83"",""curso"":""Sistemas de Informação"",""vagas_regular"":53,""vagas_vestibulando"":0,""vagas"":53,""inscritos_regular"":53,""inscritos_vestibulando"":0,""inscritos"":53}]",Quadro de Horários UFF — páginas públicas de listagem e detalhe
2026-1,TCC00344,LABORATÓRIO DE PROGRAMAÇÃO PARALELA I,AA,/graduacao/quadrodehorarios/turmas/100000447218,,Seg 07:00-09:00; Qua 07:00-09:00,Seg-Qua,CC,False,31,False,60,48,60,48,0,0,0,0,"[{""codigo_curso"":""31"",""curso"":""Ciência da Computação"",""vagas_regular"":60,""vagas_vestibulando"":0,""vagas"":60,""inscritos_regular"":48,""inscritos_vestibulando"":0,""inscritos"":48}]",Quadro de Horários UFF — páginas públicas de listagem e detalhe
2026-1,TCC00346,LABORATÓRIO DE RESOLUÇÃO DE PROBLEMAS,AA,/graduacao/quadrodehorarios/turmas/100000447214,,Ter 16:00-18:00,Ter,CC,False,31,False,35,34,35,34,0,0,0,0,"[{""codigo_curso"":""31"",""curso"":""Ciência da Computação"",""vagas_regular"":5,""vagas_vestibulando"":30,""vagas"":35,""inscritos_regular"":4,""inscritos_vestibulando"":30,""inscritos"":34}]",Quadro de Horários UFF — páginas públicas de listagem e detalhe
2026-1,TCC00346,LABORATÓRIO DE RESOLUÇÃO DE PROBLEMAS,BA,/graduacao/quadrodehorarios/turmas/100000447215,,Qui 16:00-18:00,Qui,CC,False,31,False,35,25,35,25,0,0,0,0,"[{""codigo_curso"":""31"",""curso"":""Ciência da Computação"",""vagas_regular"":15,""vagas_vestibulando"":20,""vagas"":35,""inscritos_regular"":9,""inscritos_vestibulando"":16,""inscritos"":25}]",Quadro de Horários UFF — páginas públicas de listagem e detalhe
2026-1,TCC00347,PROGRAMAÇÃO ESTRUTURADA,A1,/graduacao/quadrodehorarios/turmas/100000447088,,Ter 09:00-11:00; Qui 09:00-11:00,Ter-Qui,CC,False,31,False,45,43,45,43,0,0,0,0,"[{""codigo_curso"":""31"",""curso"":""Ciência da Computação"",""vagas_regular"":43,""vagas_vestibulando"":2,""vagas"":45,""inscritos_regular"":42,""inscritos_vestibulando"":1,""inscritos"":43}]",Quadro de Horários UFF — páginas públicas de listagem e detalhe
2026-1,TCC00347,PROGRAMAÇÃO ESTRUTURADA,B1,/graduacao/quadrodehorarios/turmas/100000447089,,Ter 09:00-11:00; Qui 09:00-11:00,Ter-Qui,CC,False,31;37,False,47,46,45,44,0,0,2,2,"[{""codigo_curso"":""31"",""curso"":""Ciência da Computação"",""vagas_regular"":43,""vagas_vestibulando"":2,""vagas"":45,""inscritos_regular"":43,""inscritos_vestibulando"":1,""inscritos"":44},{""codigo_curso"":""37"",""curso"":""Engenharia Civil"",""vagas_regular"":2,""vagas_vestibulando"":0,""vagas"":2,""inscritos_regular"":2,""inscritos_vestibulando"":0,""inscritos"":2}]",Quadro de Horários UFF — páginas públicas de listagem e detalhe
2026-1,TCC00347,PROGRAMAÇÃO ESTRUTURADA,X1,/graduacao/quadrodehorarios/turmas/100000451291,,Ter 09:00-11:00; Qui 09:00-11:00,Ter-Qui,CC,False,31;41;54,False,47,33,42,29,0,0,5,4,"[{""codigo_curso"":""41"",""curso"":""Engenharia de Telecomunicações"",""vagas_regular"":0,""vagas_vestibulando"":1,""vagas"":1,""inscritos_regular"":0,""inscritos_vestibulando"":1,""inscritos"":1},{""codigo_curso"":""54"",""curso"":""Estatística"",""vagas_regular"":4,""vagas_vestibulando"":0,""vagas"":4,""inscritos_regular"":3,""inscritos_vestibulando"":0,""inscritos"":3},{""codigo_curso"":""31"",""curso"":""Ciência da Computação"",""vagas_regular"":42,""vagas_vestibulando"":0,""vagas"":42,""inscritos_regular"":29,""inscritos_vestibulando"":0,""inscritos"":29}]",Quadro de Horários UFF — páginas públicas de listagem e detalhe
2026-1,TCC00348,ESTRUTURAS DE DADOS E SEUS ALGORITIMOS,A1,/graduacao/quadrodehorarios/turmas/100000447054,,Ter 11:00-13:00; Qui 11:00-13:00,Ter-Qui,CC,False,31,False,52,28,52,28,0,0,0,0,"[{""codigo_curso"":""31"",""curso"":""Ciência da Computação"",""vagas_regular"":49,""vagas_vestibulando"":3,""vagas"":52,""inscritos_regular"":26,""inscritos_vestibulando"":2,""inscritos"":28}]",Quadro de Horários UFF — páginas públicas de listagem e detalhe
2026-1,TCC00348,ESTRUTURAS DE DADOS E SEUS ALGORITIMOS,B1,/graduacao/quadrodehorarios/turmas/100000447055,,Ter 11:00-13:00; Qui 11:00-13:00,Ter-Qui,CC,False,31,False,41,40,41,40,0,0,0,0,"[{""codigo_curso"":""31"",""curso"":""Ciência da Computação"",""vagas_regular"":41,""vagas_vestibulando"":0,""vagas"":41,""inscritos_regular"":40,""inscritos_vestibulando"":0,""inscritos"":40}]",Quadro de Horários UFF — páginas públicas de listagem e detalhe
2026-1,TCC00349,AVALIAÇÃO DE DESEMPENHO,A1,/graduacao/quadrodehorarios/turmas/100000447039,,Ter 09:00-11:00; Qui 09:00-11:00,Ter-Qui,CC,False,31,False,60,48,60,48,0,0,0,0,"[{""codigo_curso"":""31"",""curso"":""Ciência da Computação"",""vagas_regular"":60,""vagas_vestibulando"":0,""vagas"":60,""inscritos_regular"":48,""inscritos_vestibulando"":0,""inscritos"":48}]",Quadro de Horários UFF — páginas públicas de listagem e detalhe
2026-1,TCC00354,FUNDAMENTOS MATEMÁTICOS PARA COMPUTAÇÃO,A1,/graduacao/quadrodehorarios/turmas/100000447067,,Ter 18:00-20:00; Qui 18:00-20:00,Ter-Qui,SI,False,83,False,50,42,0,0,50,42,0,0,"[{""codigo_curso"":""83"",""curso"":""Sistemas de Informação"",""vagas_regular"":20,""vagas_vestibulando"":30,""vagas"":50,""inscritos_regular"":15,""inscritos_vestibulando"":27,""inscritos"":42}]",Quadro de Horários UFF — páginas públicas de listagem e detalhe
2026-1,TCC00354,FUNDAMENTOS MATEMÁTICOS PARA COMPUTAÇÃO,B1,/graduacao/quadrodehorarios/turmas/100000447066,,Ter 20:00-22:00; Qui 20:00-22:00,Ter-Qui,SI,False,41;83,False,46,35,0,0,45,34,1,1,"[{""codigo_curso"":""83"",""curso"":""Sistemas de Informação"",""vagas_regular"":14,""vagas_vestibulando"":31,""vagas"":45,""inscritos_regular"":10,""inscritos_vestibulando"":24,""inscritos"":34},{""codigo_curso"":""41"",""curso"":""Engenharia de Telecomunicações"",""vagas_regular"":1,""vagas_vestibulando"":0,""vagas"":1,""inscritos_regular"":1,""inscritos_vestibulando"":0,""inscritos"":1}]",Quadro de Horários UFF — páginas públicas de listagem e detalhe
2026-1,TCC00355,LABORATÓRIO DE RESOLUÇÃO DE PROBLEMAS,EA,/graduacao/quadrodehorarios/turmas/100000447231,,Seg 20:00-22:00; Qua 20:00-22:00,Seg-Qua,SI,False,83,False,45,38,0,0,45,38,0,0,"[{""codigo_curso"":""83"",""curso"":""Sistemas de Informação"",""vagas_regular"":16,""vagas_vestibulando"":29,""vagas"":45,""inscritos_regular"":12,""inscritos_vestibulando"":26,""inscritos"":38}]",Quadro de Horários UFF — páginas públicas de listagem e detalhe
2026-1,TCC00355,LABORATÓRIO DE RESOLUÇÃO DE PROBLEMAS,FA,/graduacao/quadrodehorarios/turmas/100000447232,,Seg 20:00-22:00; Qua 20:00-22:00,Seg-Qua,SI,False,41;83,False,45,35,0,0,44,34,1,1,"[{""codigo_curso"":""83"",""curso"":""Sistemas de Informação"",""vagas_regular"":14,""vagas_vestibulando"":30,""vagas"":44,""inscritos_regular"":8,""inscritos_vestibulando"":26,""inscritos"":34},{""codigo_curso"":""41"",""curso"":""Engenharia de Telecomunicações"",""vagas_regular"":1,""vagas_vestibulando"":0,""vagas"":1,""inscritos_regular"":1,""inscritos_vestibulando"":0,""inscritos"":1}]",Quadro de Horários UFF — páginas públicas de listagem e detalhe
2026-1,TCC00356,PROGRAMAÇÃO DE COMPUTADORES II,A1,/graduacao/quadrodehorarios/turmas/100000447086,,Seg 18:00-20:00; Qua 18:00-20:00,Seg-Qua,SI,False,83,False,46,35,0,0,46,35,0,0,"[{""codigo_curso"":""83"",""curso"":""Sistemas de Informação"",""vagas_regular"":40,""vagas_vestibulando"":6,""vagas"":46,""inscritos_regular"":30,""inscritos_vestibulando"":5,""inscritos"":35}]",Quadro de Horários UFF — páginas públicas de listagem e detalhe
2026-1,TCC00356,PROGRAMAÇÃO DE COMPUTADORES II,B1,/graduacao/quadrodehorarios/turmas/100000447087,,Seg 20:00-22:00; Qua 20:00-22:00,Seg-Qua,SI,False,83,False,46,34,0,0,46,34,0,0,"[{""codigo_curso"":""83"",""curso"":""Sistemas de Informação"",""vagas_regular"":45,""vagas_vestibulando"":1,""vagas"":46,""inscritos_regular"":34,""inscritos_vestibulando"":0,""inscritos"":34}]",Quadro de Horários UFF — páginas públicas de listagem e detalhe
2026-1,TCC00357,PROGRAMAÇÃO ORIENTADA A OBJETOS I,A1,/graduacao/quadrodehorarios/turmas/100000447093,,Sex 18:00-22:00,Sex,SI,False,41;83,False,66,41,0,0,61,39,5,2,"[{""codigo_curso"":""83"",""curso"":""Sistemas de Informação"",""vagas_regular"":60,""vagas_vestibulando"":1,""vagas"":61,""inscritos_regular"":39,""inscritos_vestibulando"":0,""inscritos"":39},{""codigo_curso"":""41"",""curso"":""Engenharia de Telecomunicações"",""vagas_regular"":5,""vagas_vestibulando"":0,""vagas"":5,""inscritos_regular"":2,""inscritos_vestibulando"":0,""inscritos"":2}]",Quadro de Horários UFF — páginas públicas de listagem e detalhe
2026-1,TCC00358,SISTEMAS COMPUTACIONAIS,A1,/graduacao/quadrodehorarios/turmas/100000447103,,Qui 18:00-22:00,Qui,SI,False,31;83,True,50,46,1,1,49,45,0,0,"[{""codigo_curso"":""83"",""curso"":""Sistemas de Informação"",""vagas_regular"":47,""vagas_vestibulando"":2,""vagas"":49,""inscritos_regular"":45,""inscritos_vestibulando"":0,""inscritos"":45},{""codigo_curso"":""31"",""curso"":""Ciência da Computação"",""vagas_regular"":1,""vagas_vestibulando"":0,""vagas"":1,""inscritos_regular"":1,""inscritos_vestibulando"":0,""inscritos"":1}]",Quadro de Horários UFF — páginas públicas de listagem e detalhe
2026-1,TCC00358,SISTEMAS COMPUTACIONAIS,B1,/graduacao/quadrodehorarios/turmas/100000447104,,Qui 18:00-22:00,Qui,SI,False,83,False,50,39,0,0,50,39,0,0,"[{""codigo_curso"":""83"",""curso"":""Sistemas de Informação"",""vagas_regular"":48,""vagas_vestibulando"":2,""vagas"":50,""inscritos_regular"":39,""inscritos_vestibulando"":0,""inscritos"":39}]",Quadro de Horários UFF — páginas públicas de listagem e detalhe
2026-1,TCC00359,REDES DE COMPUTADORES,A1,/graduacao/quadrodehorarios/turmas/100000447099,,Seg 20:00-22:00; Qua 20:00-22:00,Seg-Qua,SI,False,83,False,70,69,0,0,70,69,0,0,"[{""codigo_curso"":""83"",""curso"":""Sistemas de Informação"",""vagas_regular"":70,""vagas_vestibulando"":0,""vagas"":70,""inscritos_regular"":69,""inscritos_vestibulando"":0,""inscritos"":69}]",Quadro de Horários UFF — páginas públicas de listagem e detalhe
2026-1,TCC00359,REDES DE COMPUTADORES,Z1,/graduacao/quadrodehorarios/turmas/100000448455,,Ter 14:00-16:00; Qui 14:00-16:00,Ter-Qui,SI,False,41;83,False,21,12,0,0,20,11,1,1,"[{""codigo_curso"":""83"",""curso"":""Sistemas de Informação"",""vagas_regular"":20,""vagas_vestibulando"":0,""vagas"":20,""inscritos_regular"":11,""inscritos_vestibulando"":0,""inscritos"":11},{""codigo_curso"":""41"",""curso"":""Engenharia de Telecomunicações"",""vagas_regular"":1,""vagas_vestibulando"":0,""vagas"":1,""inscritos_regular"":1,""inscritos_vestibulando"":0,""inscritos"":1}]",Quadro de Horários UFF — páginas públicas de listagem e detalhe
2026-1,TCC00360,VISUALIZAÇÃO DE DADOS,A1,/graduacao/quadrodehorarios/turmas/100000447108,,Seg 18:00-20:00; Qua 18:00-20:00,Seg-Qua,SI,False,83,False,60,57,0,0,60,57,0,0,"[{""codigo_curso"":""83"",""curso"":""Sistemas de Informação"",""vagas_regular"":60,""vagas_vestibulando"":0,""vagas"":60,""inscritos_regular"":57,""inscritos_vestibulando"":0,""inscritos"":57}]",Quadro de Horários UFF — páginas públicas de listagem e detalhe
2026-1,TCC00361,INTRODUÇÃO AO DESENVOLVIMENTO WEB,A1,/graduacao/quadrodehorarios/turmas/100000447073,,Ter 20:00-22:00; Qui 20:00-22:00,Ter-Qui,SI,False,83,False,41,41,0,0,41,41,0,0,"[{""codigo_curso"":""83"",""curso"":""Sistemas de Informação"",""vagas_regular"":41,""vagas_vestibulando"":0,""vagas"":41,""inscritos_regular"":41,""inscritos_vestibulando"":0,""inscritos"":41}]",Quadro de Horários UFF — páginas públicas de listagem e detalhe
2026-1,TCC00362,SISTEMAS DISTRIBUÍDOS PARA SISTEMAS DE INFORMAÇÃO,A1,/graduacao/quadrodehorarios/turmas/100000447106,,Seg 20:00-22:00; Qua 20:00-22:00,Seg-Qua,SI,False,31;83,True,57,50,1,1,56,49,0,0,"[{""codigo_curso"":""83"",""curso"":""Sistemas de Informação"",""vagas_regular"":55,""vagas_vestibulando"":1,""vagas"":56,""inscritos_regular"":49,""inscritos_vestibulando"":0,""inscritos"":49},{""codigo_curso"":""31"",""curso"":""Ciência da Computação"",""vagas_regular"":1,""vagas_vestibulando"":0,""vagas"":1,""inscritos_regular"":1,""inscritos_vestibulando"":0,""inscritos"":1}]",Quadro de Horários UFF — páginas públicas de listagem e detalhe
2026-1,TCC00363,GERÊNCIA DE PROJETO E MANUTENÇÃO DE SOFTWARE,A1,/graduacao/quadrodehorarios/turmas/100000447068,,Ter 20:00-22:00; Qui 20:00-22:00,Ter-Qui,SI,False,83,False,54,50,0,0,54,50,0,0,"[{""codigo_curso"":""83"",""curso"":""Sistemas de Informação"",""vagas_regular"":54,""vagas_vestibulando"":0,""vagas"":54,""inscritos_regular"":50,""inscritos_vestibulando"":0,""inscritos"":50}]",Quadro de Horários UFF — páginas públicas de listagem e detalhe
2026-1,TCC00365,QUALIDADE E TESTE DE SOFTWARE,A1,/graduacao/quadrodehorarios/turmas/100000447098,,Seg 18:00-20:00; Qua 18:00-20:00,Seg-Qua,SI,False,83,False,56,54,0,0,56,54,0,0,"[{""codigo_curso"":""83"",""curso"":""Sistemas de Informação"",""vagas_regular"":56,""vagas_vestibulando"":0,""vagas"":56,""inscritos_regular"":54,""inscritos_vestibulando"":0,""inscritos"":54}]",Quadro de Horários UFF — páginas públicas de listagem e detalhe
2026-1,TCC00366,PROGRAMAÇÃO DE COMPUTADORES I,A1,/graduacao/quadrodehorarios/turmas/100000447082,,Seg 18:00-20:00; Qua 18:00-20:00,Seg-Qua,SI,False,20;83,False,46,27,0,0,45,26,1,1,"[{""codigo_curso"":""83"",""curso"":""Sistemas de Informação"",""vagas_regular"":15,""vagas_vestibulando"":30,""vagas"":45,""inscritos_regular"":1,""inscritos_vestibulando"":25,""inscritos"":26},{""codigo_curso"":""20"",""curso"":""Matemática"",""vagas_regular"":1,""vagas_vestibulando"":0,""vagas"":1,""inscritos_regular"":1,""inscritos_vestibulando"":0,""inscritos"":1}]",Quadro de Horários UFF — páginas públicas de listagem e detalhe
2026-1,TCC00366,PROGRAMAÇÃO DE COMPUTADORES I,B1,/graduacao/quadrodehorarios/turmas/100000447083,,Seg 18:00-20:00; Qua 18:00-20:00,Seg-Qua,SI,False,83,False,45,36,0,0,45,36,0,0,"[{""codigo_curso"":""83"",""curso"":""Sistemas de Informação"",""vagas_regular"":14,""vagas_vestibulando"":31,""vagas"":45,""inscritos_regular"":12,""inscritos_vestibulando"":24,""inscritos"":36}]",Quadro de Horários UFF — páginas públicas de listagem e detalhe
2026-1,TCC00368,PESQUISA OPERACIONAL PARA SISTEMAS DE INFORMAÇÃO,A1,/graduacao/quadrodehorarios/turmas/100000447050,,Sex 18:00-22:00,Sex,SI,False,31;83,True,61,58,2,2,59,56,0,0,"[{""codigo_curso"":""83"",""curso"":""Sistemas de Informação"",""vagas_regular"":59,""vagas_vestibulando"":0,""vagas"":59,""inscritos_regular"":56,""inscritos_vestibulando"":0,""inscritos"":56},{""codigo_curso"":""31"",""curso"":""Ciência da Computação"",""vagas_regular"":2,""vagas_vestibulando"":0,""vagas"":2,""inscritos_regular"":2,""inscritos_vestibulando"":0,""inscritos"":2}]",Quadro de Horários UFF — páginas públicas de listagem e detalhe
2026-1,TCC00371,ÉTICA EM INTELIGÊNCIA ARTIFICIAL E CIÊNCIA DE DADOS,A1,/graduacao/quadrodehorarios/turmas/100000447058,,Ter 09:00-11:00; Qui 09:00-11:00,Ter-Qui,CC,False,123;31;97,False,31,31,10,10,0,0,21,21,"[{""codigo_curso"":""31"",""curso"":""Ciência da Computação"",""vagas_regular"":10,""vagas_vestibulando"":0,""vagas"":10,""inscritos_regular"":10,""inscritos_vestibulando"":0,""inscritos"":10},{""codigo_curso"":""123"",""curso"":""Inteligência Artificial e Ciência de Dados"",""vagas_regular"":0,""vagas_vestibulando"":20,""vagas"":20,""inscritos_regular"":0,""inscritos_vestibulando"":20,""inscritos"":20},{""codigo_curso"":""97"",""curso"":""Disciplina Isolada"",""vagas_regular"":1,""vagas_vestibulando"":0,""vagas"":1,""inscritos_regular"":1,""inscritos_vestibulando"":0,""inscritos"":1}]",Quadro de Horários UFF — páginas públicas de listagem e detalhe
2026-1,TEC00209,PROPRIEDADE INDUSTRIAL,A1,/graduacao/quadrodehorarios/turmas/100000440029,,Sex 14:00-18:00,Sex,CC,False,31;37;40;42;56;96,False,99,51,23,6,0,0,76,45,"[{""codigo_curso"":""96"",""curso"":""Desenho Industrial"",""vagas_regular"":40,""vagas_vestibulando"":0,""vagas"":40,""inscritos_regular"":32,""inscritos_vestibulando"":0,""inscritos"":32},{""codigo_curso"":""40"",""curso"":""Engenharia Mecânica"",""vagas_regular"":8,""vagas_vestibulando"":0,""vagas"":8,""inscritos_regular"":6,""inscritos_vestibulando"":0,""inscritos"":6},{""codigo_curso"":""31"",""curso"":""Ciência da Computação"",""vagas_regular"":23,""vagas_vestibulando"":0,""vagas"":23,""inscritos_regular"":6,""inscritos_vestibulando"":0,""inscritos"":6},{""codigo_curso"":""37"",""curso"":""Engenharia Civil"",""vagas_regular"":13,""vagas_vestibulando"":0,""vagas"":13,""inscritos_regular"":0,""inscritos_vestibulando"":0,""inscritos"":0},{""codigo_curso"":""56"",""curso"":""Eng. de Recursos Hídricos e Meio Ambiente"",""vagas_regular"":5,""vagas_vestibulando"":0,""vagas"":5,""inscritos_regular"":3,""inscritos_vestibulando"":0,""inscritos"":3},{""codigo_curso"":""42"",""curso"":""Engenharia de Produção"",""vagas_regular"":10,""vagas_vestibulando"":0,""vagas"":10,""inscritos_regular"":4,""inscritos_vestibulando"":0,""inscritos"":4}]",Quadro de Horários UFF — páginas públicas de listagem e detalhe
2026-1,TEC00209,PROPRIEDADE INDUSTRIAL,B1,/graduacao/quadrodehorarios/turmas/100000440052,,Sex 08:00-12:00,Sex,CC,False,31;37;40;42;56;96,False,83,42,23,18,0,0,60,24,"[{""codigo_curso"":""42"",""curso"":""Engenharia de Produção"",""vagas_regular"":10,""vagas_vestibulando"":0,""vagas"":10,""inscritos_regular"":3,""inscritos_vestibulando"":0,""inscritos"":3},{""codigo_curso"":""31"",""curso"":""Ciência da Computação"",""vagas_regular"":23,""vagas_vestibulando"":0,""vagas"":23,""inscritos_regular"":18,""inscritos_vestibulando"":0,""inscritos"":18},{""codigo_curso"":""37"",""curso"":""Engenharia Civil"",""vagas_regular"":10,""vagas_vestibulando"":0,""vagas"":10,""inscritos_regular"":2,""inscritos_vestibulando"":0,""inscritos"":2},{""codigo_curso"":""40"",""curso"":""Engenharia Mecânica"",""vagas_regular"":10,""vagas_vestibulando"":0,""vagas"":10,""inscritos_regular"":6,""inscritos_vestibulando"":0,""inscritos"":6},{""codigo_curso"":""56"",""curso"":""Eng. de Recursos Hídricos e Meio Ambiente"",""vagas_regular"":5,""vagas_vestibulando"":0,""vagas"":5,""inscritos_regular"":2,""inscritos_vestibulando"":0,""inscritos"":2},{""codigo_curso"":""96"",""curso"":""Desenho Industrial"",""vagas_regular"":25,""vagas_vestibulando"":0,""vagas"":25,""inscritos_regular"":11,""inscritos_vestibulando"":0,""inscritos"":11}]",Quadro de Horários UFF — páginas públicas de listagem e detalhe
2026-1,TEP00006,EMPREENDEDORISMO,A1,/graduacao/quadrodehorarios/turmas/100000446643,,Seg 14:00-18:00,Seg,SI,False,42;54;83;96;97,False,53,37,0,0,2,1,51,36,"[{""codigo_curso"":""42"",""curso"":""Engenharia de Produção"",""vagas_regular"":18,""vagas_vestibulando"":0,""vagas"":18,""inscritos_regular"":12,""inscritos_vestibulando"":0,""inscritos"":12},{""codigo_curso"":""54"",""curso"":""Estatística"",""vagas_regular"":4,""vagas_vestibulando"":0,""vagas"":4,""inscritos_regular"":2,""inscritos_vestibulando"":0,""inscritos"":2},{""codigo_curso"":""83"",""curso"":""Sistemas de Informação"",""vagas_regular"":2,""vagas_vestibulando"":0,""vagas"":2,""inscritos_regular"":1,""inscritos_vestibulando"":0,""inscritos"":1},{""codigo_curso"":""96"",""curso"":""Desenho Industrial"",""vagas_regular"":28,""vagas_vestibulando"":0,""vagas"":28,""inscritos_regular"":21,""inscritos_vestibulando"":0,""inscritos"":21},{""codigo_curso"":""97"",""curso"":""Disciplina Isolada"",""vagas_regular"":1,""vagas_vestibulando"":0,""vagas"":1,""inscritos_regular"":1,""inscritos_vestibulando"":0,""inscritos"":1}]",Quadro de Horários UFF — páginas públicas de listagem e detalhe
2026-1,TEP00006,EMPREENDEDORISMO,A2,/graduacao/quadrodehorarios/turmas/100000446668,,Ter 14:00-18:00,Ter,SI,False,42;83;96,False,55,51,0,0,5,5,50,46,"[{""codigo_curso"":""42"",""curso"":""Engenharia de Produção"",""vagas_regular"":19,""vagas_vestibulando"":1,""vagas"":20,""inscritos_regular"":17,""inscritos_vestibulando"":1,""inscritos"":18},{""codigo_curso"":""83"",""curso"":""Sistemas de Informação"",""vagas_regular"":5,""vagas_vestibulando"":0,""vagas"":5,""inscritos_regular"":5,""inscritos_vestibulando"":0,""inscritos"":5},{""codigo_curso"":""96"",""curso"":""Desenho Industrial"",""vagas_regular"":30,""vagas_vestibulando"":0,""vagas"":30,""inscritos_regular"":28,""inscritos_vestibulando"":0,""inscritos"":28}]",Quadro de Horários UFF — páginas públicas de listagem e detalhe
2026-1,TEP00108,ADMINISTRAÇÃO APLICADA À ENGENHARIA,A1,/graduacao/quadrodehorarios/turmas/100000446631,,Seg 09:00-13:00,Seg,CC,False,27;31;38;40;41;51;96,False,47,29,6,4,0,0,41,25,"[{""codigo_curso"":""27"",""curso"":""Engenharia Química"",""vagas_regular"":10,""vagas_vestibulando"":0,""vagas"":10,""inscritos_regular"":6,""inscritos_vestibulando"":0,""inscritos"":6},{""codigo_curso"":""31"",""curso"":""Ciência da Computação"",""vagas_regular"":6,""vagas_vestibulando"":0,""vagas"":6,""inscritos_regular"":4,""inscritos_vestibulando"":0,""inscritos"":4},{""codigo_curso"":""38"",""curso"":""Engenharia Elétrica"",""vagas_regular"":8,""vagas_vestibulando"":0,""vagas"":8,""inscritos_regular"":7,""inscritos_vestibulando"":0,""inscritos"":7},{""codigo_curso"":""40"",""curso"":""Engenharia Mecânica"",""vagas_regular"":5,""vagas_vestibulando"":0,""vagas"":5,""inscritos_regular"":2,""inscritos_vestibulando"":0,""inscritos"":2},{""codigo_curso"":""51"",""curso"":""Engenharia de Petróleo"",""vagas_regular"":5,""vagas_vestibulando"":0,""vagas"":5,""inscritos_regular"":2,""inscritos_vestibulando"":0,""inscritos"":2},{""codigo_curso"":""96"",""curso"":""Desenho Industrial"",""vagas_regular"":7,""vagas_vestibulando"":0,""vagas"":7,""inscritos_regular"":5,""inscritos_vestibulando"":0,""inscritos"":5},{""codigo_curso"":""41"",""curso"":""Engenharia de Telecomunicações"",""vagas_regular"":6,""vagas_vestibulando"":0,""vagas"":6,""inscritos_regular"":3,""inscritos_vestibulando"":0,""inscritos"":3}]",Quadro de Horários UFF — páginas públicas de listagem e detalhe
2026-1,TEP00108,ADMINISTRAÇÃO APLICADA À ENGENHARIA,B1,/graduacao/quadrodehorarios/turmas/100000446602,,Seg 14:00-18:00,Seg,CC;SI,True,27;31;37;38;40;41;51;83;96,True,49,28,7,7,7,0,35,21,"[{""codigo_curso"":""27"",""curso"":""Engenharia Química"",""vagas_regular"":8,""vagas_vestibulando"":0,""vagas"":8,""inscritos_regular"":7,""inscritos_vestibulando"":0,""inscritos"":7},{""codigo_curso"":""31"",""curso"":""Ciência da Computação"",""vagas_regular"":7,""vagas_vestibulando"":0,""vagas"":7,""inscritos_regular"":7,""inscritos_vestibulando"":0,""inscritos"":7},{""codigo_curso"":""38"",""curso"":""Engenharia Elétrica"",""vagas_regular"":7,""vagas_vestibulando"":0,""vagas"":7,""inscritos_regular"":6,""inscritos_vestibulando"":0,""inscritos"":6},{""codigo_curso"":""40"",""curso"":""Engenharia Mecânica"",""vagas_regular"":3,""vagas_vestibulando"":0,""vagas"":3,""inscritos_regular"":0,""inscritos_vestibulando"":0,""inscritos"":0},{""codigo_curso"":""51"",""curso"":""Engenharia de Petróleo"",""vagas_regular"":3,""vagas_vestibulando"":0,""vagas"":3,""inscritos_regular"":0,""inscritos_vestibulando"":0,""inscritos"":0},{""codigo_curso"":""83"",""curso"":""Sistemas de Informação"",""vagas_regular"":7,""vagas_vestibulando"":0,""vagas"":7,""inscritos_regular"":0,""inscritos_vestibulando"":0,""inscritos"":0},{""codigo_curso"":""96"",""curso"":""Desenho Industrial"",""vagas_regular"":10,""vagas_vestibulando"":0,""vagas"":10,""inscritos_regular"":6,""inscritos_vestibulando"":0,""inscritos"":6},{""codigo_curso"":""41"",""curso"":""Engenharia de Telecomunicações"",""vagas_regular"":2,""vagas_vestibulando"":0,""vagas"":2,""inscritos_regular"":0,""inscritos_vestibulando"":0,""inscritos"":0},{""codigo_curso"":""37"",""curso"":""Engenharia Civil"",""vagas_regular"":2,""vagas_vestibulando"":0,""vagas"":2,""inscritos_regular"":2,""inscritos_vestibulando"":0,""inscritos"":2}]",Quadro de Horários UFF — páginas públicas de listagem e detalhe
2026-1,TEP00108,ADMINISTRAÇÃO APLICADA À ENGENHARIA,C1,/graduacao/quadrodehorarios/turmas/100000446611,,Seg 18:00-22:00,Seg,CC,False,27;31;37;38;40;41;42;51;96,False,50,41,3,2,0,0,47,39,"[{""codigo_curso"":""27"",""curso"":""Engenharia Química"",""vagas_regular"":8,""vagas_vestibulando"":0,""vagas"":8,""inscritos_regular"":7,""inscritos_vestibulando"":0,""inscritos"":7},{""codigo_curso"":""38"",""curso"":""Engenharia Elétrica"",""vagas_regular"":7,""vagas_vestibulando"":0,""vagas"":7,""inscritos_regular"":6,""inscritos_vestibulando"":0,""inscritos"":6},{""codigo_curso"":""40"",""curso"":""Engenharia Mecânica"",""vagas_regular"":5,""vagas_vestibulando"":0,""vagas"":5,""inscritos_regular"":4,""inscritos_vestibulando"":0,""inscritos"":4},{""codigo_curso"":""41"",""curso"":""Engenharia de Telecomunicações"",""vagas_regular"":7,""vagas_vestibulando"":0,""vagas"":7,""inscritos_regular"":7,""inscritos_vestibulando"":0,""inscritos"":7},{""codigo_curso"":""51"",""curso"":""Engenharia de Petróleo"",""vagas_regular"":1,""vagas_vestibulando"":0,""vagas"":1,""inscritos_regular"":1,""inscritos_vestibulando"":0,""inscritos"":1},{""codigo_curso"":""96"",""curso"":""Desenho Industrial"",""vagas_regular"":13,""vagas_vestibulando"":0,""vagas"":13,""inscritos_regular"":13,""inscritos_vestibulando"":0,""inscritos"":13},{""codigo_curso"":""31"",""curso"":""Ciência da Computação"",""vagas_regular"":3,""vagas_vestibulando"":0,""vagas"":3,""inscritos_regular"":2,""inscritos_vestibulando"":0,""inscritos"":2},{""codigo_curso"":""37"",""curso"":""Engenharia Civil"",""vagas_regular"":5,""vagas_vestibulando"":0,""vagas"":5,""inscritos_regular"":1,""inscritos_vestibulando"":0,""inscritos"":1},{""codigo_curso"":""42"",""curso"":""Engenharia de Produção"",""vagas_regular"":1,""vagas_vestibulando"":0,""vagas"":1,""inscritos_regular"":0,""inscritos_vestibulando"":0,""inscritos"":0}]",Quadro de Horários UFF — páginas públicas de listagem e detalhe
2026-1,TEP00109,ECONOMIA APLICADA À ENGENHARIA,T1,/graduacao/quadrodehorarios/turmas/100000446600,,Qua 18:00-22:00,Qua,CC,False,31;37;38;40;41;42;51;56;96,False,48,34,5,3,0,0,43,31,"[{""codigo_curso"":""38"",""curso"":""Engenharia Elétrica"",""vagas_regular"":11,""vagas_vestibulando"":0,""vagas"":11,""inscritos_regular"":11,""inscritos_vestibulando"":0,""inscritos"":11},{""codigo_curso"":""40"",""curso"":""Engenharia Mecânica"",""vagas_regular"":3,""vagas_vestibulando"":0,""vagas"":3,""inscritos_regular"":0,""inscritos_vestibulando"":0,""inscritos"":0},{""codigo_curso"":""41"",""curso"":""Engenharia de Telecomunicações"",""vagas_regular"":4,""vagas_vestibulando"":0,""vagas"":4,""inscritos_regular"":2,""inscritos_vestibulando"":0,""inscritos"":2},{""codigo_curso"":""42"",""curso"":""Engenharia de Produção"",""vagas_regular"":7,""vagas_vestibulando"":0,""vagas"":7,""inscritos_regular"":2,""inscritos_vestibulando"":0,""inscritos"":2},{""codigo_curso"":""96"",""curso"":""Desenho Industrial"",""vagas_regular"":10,""vagas_vestibulando"":0,""vagas"":10,""inscritos_regular"":9,""inscritos_vestibulando"":0,""inscritos"":9},{""codigo_curso"":""31"",""curso"":""Ciência da Computação"",""vagas_regular"":5,""vagas_vestibulando"":0,""vagas"":5,""inscritos_regular"":3,""inscritos_vestibulando"":0,""inscritos"":3},{""codigo_curso"":""51"",""curso"":""Engenharia de Petróleo"",""vagas_regular"":5,""vagas_vestibulando"":0,""vagas"":5,""inscritos_regular"":4,""inscritos_vestibulando"":0,""inscritos"":4},{""codigo_curso"":""56"",""curso"":""Eng. de Recursos Hídricos e Meio Ambiente"",""vagas_regular"":2,""vagas_vestibulando"":0,""vagas"":2,""inscritos_regular"":2,""inscritos_vestibulando"":0,""inscritos"":2},{""codigo_curso"":""37"",""curso"":""Engenharia Civil"",""vagas_regular"":1,""vagas_vestibulando"":0,""vagas"":1,""inscritos_regular"":1,""inscritos_vestibulando"":0,""inscritos"":1}]",Quadro de Horários UFF — páginas públicas de listagem e detalhe
2026-1,TEP00110,ENGENHARIA ECONÔMICA,B1,/graduacao/quadrodehorarios/turmas/100000446619,,Sex 07:00-09:00,Sex,CC,False,31;38;40;42,False,36,13,10,6,0,0,26,7,"[{""codigo_curso"":""31"",""curso"":""Ciência da Computação"",""vagas_regular"":10,""vagas_vestibulando"":0,""vagas"":10,""inscritos_regular"":6,""inscritos_vestibulando"":0,""inscritos"":6},{""codigo_curso"":""40"",""curso"":""Engenharia Mecânica"",""vagas_regular"":5,""vagas_vestibulando"":0,""vagas"":5,""inscritos_regular"":3,""inscritos_vestibulando"":0,""inscritos"":3},{""codigo_curso"":""42"",""curso"":""Engenharia de Produção"",""vagas_regular"":20,""vagas_vestibulando"":0,""vagas"":20,""inscritos_regular"":4,""inscritos_vestibulando"":0,""inscritos"":4},{""codigo_curso"":""38"",""curso"":""Engenharia Elétrica"",""vagas_regular"":1,""vagas_vestibulando"":0,""vagas"":1,""inscritos_regular"":0,""inscritos_vestibulando"":0,""inscritos"":0}]",Quadro de Horários UFF — páginas públicas de listagem e detalhe
2026-1,TEP00110,ENGENHARIA ECONÔMICA,C1,/graduacao/quadrodehorarios/turmas/100000446627,,Sex 09:00-11:00,Sex,CC,False,115;31;40;42;51;96,False,44,14,10,5,0,0,34,9,"[{""codigo_curso"":""31"",""curso"":""Ciência da Computação"",""vagas_regular"":10,""vagas_vestibulando"":0,""vagas"":10,""inscritos_regular"":5,""inscritos_vestibulando"":0,""inscritos"":5},{""codigo_curso"":""40"",""curso"":""Engenharia Mecânica"",""vagas_regular"":5,""vagas_vestibulando"":0,""vagas"":5,""inscritos_regular"":2,""inscritos_vestibulando"":0,""inscritos"":2},{""codigo_curso"":""42"",""curso"":""Engenharia de Produção"",""vagas_regular"":20,""vagas_vestibulando"":0,""vagas"":20,""inscritos_regular"":4,""inscritos_vestibulando"":0,""inscritos"":4},{""codigo_curso"":""51"",""curso"":""Engenharia de Petróleo"",""vagas_regular"":3,""vagas_vestibulando"":0,""vagas"":3,""inscritos_regular"":3,""inscritos_vestibulando"":0,""inscritos"":3},{""codigo_curso"":""96"",""curso"":""Desenho Industrial"",""vagas_regular"":5,""vagas_vestibulando"":0,""vagas"":5,""inscritos_regular"":0,""inscritos_vestibulando"":0,""inscritos"":0},{""codigo_curso"":""115"",""curso"":""Engenharia de Produção (Petrópolis)"",""vagas_regular"":1,""vagas_vestibulando"":0,""vagas"":1,""inscritos_regular"":0,""inscritos_vestibulando"":0,""inscritos"":0}]",Quadro de Horários UFF — páginas públicas de listagem e detalhe
2026-1,TEP00110,ENGENHARIA ECONÔMICA,D1,/graduacao/quadrodehorarios/turmas/100000446639,,Sex 11:00-13:00,Sex,CC,False,31;40;42;51,False,37,18,10,5,0,0,27,13,"[{""codigo_curso"":""42"",""curso"":""Engenharia de Produção"",""vagas_regular"":20,""vagas_vestibulando"":0,""vagas"":20,""inscritos_regular"":11,""inscritos_vestibulando"":0,""inscritos"":11},{""codigo_curso"":""31"",""curso"":""Ciência da Computação"",""vagas_regular"":10,""vagas_vestibulando"":0,""vagas"":10,""inscritos_regular"":5,""inscritos_vestibulando"":0,""inscritos"":5},{""codigo_curso"":""40"",""curso"":""Engenharia Mecânica"",""vagas_regular"":5,""vagas_vestibulando"":0,""vagas"":5,""inscritos_regular"":2,""inscritos_vestibulando"":0,""inscritos"":2},{""codigo_curso"":""51"",""curso"":""Engenharia de Petróleo"",""vagas_regular"":2,""vagas_vestibulando"":0,""vagas"":2,""inscritos_regular"":0,""inscritos_vestibulando"":0,""inscritos"":0}]",Quadro de Horários UFF — páginas públicas de listagem e detalhe
2026-1,TEP00110,ENGENHARIA ECONÔMICA,E1,/graduacao/quadrodehorarios/turmas/100000446628,,Sex 14:00-16:00,Sex,CC,False,31;38;40;42;51;96,False,42,10,8,2,0,0,34,8,"[{""codigo_curso"":""42"",""curso"":""Engenharia de Produção"",""vagas_regular"":20,""vagas_vestibulando"":0,""vagas"":20,""inscritos_regular"":8,""inscritos_vestibulando"":0,""inscritos"":8},{""codigo_curso"":""31"",""curso"":""Ciência da Computação"",""vagas_regular"":8,""vagas_vestibulando"":0,""vagas"":8,""inscritos_regular"":2,""inscritos_vestibulando"":0,""inscritos"":2},{""codigo_curso"":""40"",""curso"":""Engenharia Mecânica"",""vagas_regular"":5,""vagas_vestibulando"":0,""vagas"":5,""inscritos_regular"":0,""inscritos_vestibulando"":0,""inscritos"":0},{""codigo_curso"":""51"",""curso"":""Engenharia de Petróleo"",""vagas_regular"":2,""vagas_vestibulando"":0,""vagas"":2,""inscritos_regular"":0,""inscritos_vestibulando"":0,""inscritos"":0},{""codigo_curso"":""96"",""curso"":""Desenho Industrial"",""vagas_regular"":5,""vagas_vestibulando"":0,""vagas"":5,""inscritos_regular"":0,""inscritos_vestibulando"":0,""inscritos"":0},{""codigo_curso"":""38"",""curso"":""Engenharia Elétrica"",""vagas_regular"":2,""vagas_vestibulando"":0,""vagas"":2,""inscritos_regular"":0,""inscritos_vestibulando"":0,""inscritos"":0}]",Quadro de Horários UFF — páginas públicas de listagem e detalhe
2026-1,TEP00111,GERENCIAMENTO DE PROJETOS I,A1,/graduacao/quadrodehorarios/turmas/100000446640,,Ter 07:00-11:00,Ter,CC;SI,True,27;31;42;51;54;83;96,True,45,15,2,2,1,0,42,13,"[{""codigo_curso"":""54"",""curso"":""Estatística"",""vagas_regular"":8,""vagas_vestibulando"":0,""vagas"":8,""inscritos_regular"":1,""inscritos_vestibulando"":0,""inscritos"":1},{""codigo_curso"":""31"",""curso"":""Ciência da Computação"",""vagas_regular"":2,""vagas_vestibulando"":0,""vagas"":2,""inscritos_regular"":2,""inscritos_vestibulando"":0,""inscritos"":2},{""codigo_curso"":""42"",""curso"":""Engenharia de Produção"",""vagas_regular"":25,""vagas_vestibulando"":0,""vagas"":25,""inscritos_regular"":11,""inscritos_vestibulando"":0,""inscritos"":11},{""codigo_curso"":""83"",""curso"":""Sistemas de Informação"",""vagas_regular"":1,""vagas_vestibulando"":0,""vagas"":1,""inscritos_regular"":0,""inscritos_vestibulando"":0,""inscritos"":0},{""codigo_curso"":""96"",""curso"":""Desenho Industrial"",""vagas_regular"":3,""vagas_vestibulando"":0,""vagas"":3,""inscritos_regular"":1,""inscritos_vestibulando"":0,""inscritos"":1},{""codigo_curso"":""27"",""curso"":""Engenharia Química"",""vagas_regular"":3,""vagas_vestibulando"":0,""vagas"":3,""inscritos_regular"":0,""inscritos_vestibulando"":0,""inscritos"":0},{""codigo_curso"":""51"",""curso"":""Engenharia de Petróleo"",""vagas_regular"":3,""vagas_vestibulando"":0,""vagas"":3,""inscritos_regular"":0,""inscritos_vestibulando"":0,""inscritos"":0}]",Quadro de Horários UFF — páginas públicas de listagem e detalhe
2026-1,TEP00111,GERENCIAMENTO DE PROJETOS I,B1,/graduacao/quadrodehorarios/turmas/100000446629,,Qua 09:00-13:00,Qua,CC;SI,True,27;31;40;42;43;54;56;83;96,True,45,21,4,2,1,0,40,19,"[{""codigo_curso"":""42"",""curso"":""Engenharia de Produção"",""vagas_regular"":15,""vagas_vestibulando"":0,""vagas"":15,""inscritos_regular"":14,""inscritos_vestibulando"":0,""inscritos"":14},{""codigo_curso"":""54"",""curso"":""Estatística"",""vagas_regular"":9,""vagas_vestibulando"":0,""vagas"":9,""inscritos_regular"":0,""inscritos_vestibulando"":0,""inscritos"":0},{""codigo_curso"":""96"",""curso"":""Desenho Industrial"",""vagas_regular"":7,""vagas_vestibulando"":0,""vagas"":7,""inscritos_regular"":3,""inscritos_vestibulando"":0,""inscritos"":3},{""codigo_curso"":""31"",""curso"":""Ciência da Computação"",""vagas_regular"":4,""vagas_vestibulando"":0,""vagas"":4,""inscritos_regular"":2,""inscritos_vestibulando"":0,""inscritos"":2},{""codigo_curso"":""40"",""curso"":""Engenharia Mecânica"",""vagas_regular"":1,""vagas_vestibulando"":0,""vagas"":1,""inscritos_regular"":0,""inscritos_vestibulando"":0,""inscritos"":0},{""codigo_curso"":""56"",""curso"":""Eng. de Recursos Hídricos e Meio Ambiente"",""vagas_regular"":6,""vagas_vestibulando"":0,""vagas"":6,""inscritos_regular"":0,""inscritos_vestibulando"":0,""inscritos"":0},{""codigo_curso"":""83"",""curso"":""Sistemas de Informação"",""vagas_regular"":1,""vagas_vestibulando"":0,""vagas"":1,""inscritos_regular"":0,""inscritos_vestibulando"":0,""inscritos"":0},{""codigo_curso"":""27"",""curso"":""Engenharia Química"",""vagas_regular"":1,""vagas_vestibulando"":0,""vagas"":1,""inscritos_regular"":1,""inscritos_vestibulando"":0,""inscritos"":1},{""codigo_curso"":""43"",""curso"":""Engenharia Agrícola e Ambiental"",""vagas_regular"":1,""vagas_vestibulando"":0,""vagas"":1,""inscritos_regular"":1,""inscritos_vestibulando"":0,""inscritos"":1}]",Quadro de Horários UFF — páginas públicas de listagem e detalhe
2026-1,TEP00124,CIÊNCIA E TECNOLOGIA,T1,/graduacao/quadrodehorarios/turmas/100000446620,,Qui 14:00-18:00,Qui,SI,False,83;96,False,49,47,0,0,8,8,41,39,"[{""codigo_curso"":""96"",""curso"":""Desenho Industrial"",""vagas_regular"":41,""vagas_vestibulando"":0,""vagas"":41,""inscritos_regular"":39,""inscritos_vestibulando"":0,""inscritos"":39},{""codigo_curso"":""83"",""curso"":""Sistemas de Informação"",""vagas_regular"":8,""vagas_vestibulando"":0,""vagas"":8,""inscritos_regular"":8,""inscritos_vestibulando"":0,""inscritos"":8}]",Quadro de Horários UFF — páginas públicas de listagem e detalhe
2026-1,TET00319,INTRODUÇÃO AO KIT DE DESENVOLVIMENTO ARDUINO I,AA,/graduacao/quadrodehorarios/turmas/100000439913,,Seg 18:00-20:00; Sab 09:00-11:00,Seg-Sab,CC,False,31;41,False,14,9,10,8,0,0,4,1,"[{""codigo_curso"":""31"",""curso"":""Ciência da Computação"",""vagas_regular"":10,""vagas_vestibulando"":0,""vagas"":10,""inscritos_regular"":8,""inscritos_vestibulando"":0,""inscritos"":8},{""codigo_curso"":""41"",""curso"":""Engenharia de Telecomunicações"",""vagas_regular"":4,""vagas_vestibulando"":0,""vagas"":4,""inscritos_regular"":1,""inscritos_vestibulando"":0,""inscritos"":1}]",Quadro de Horários UFF — páginas públicas de listagem e detalhe
2026-1,TET00347,CIRCUITOS DIGITAIS PARA CIÊNCIA DA COMPUTAÇÃO,A1,/graduacao/quadrodehorarios/turmas/100000439881,,Seg 14:00-16:00; Qua 14:00-16:00,Seg-Qua,CC,False,31,False,45,34,45,34,0,0,0,0,"[{""codigo_curso"":""31"",""curso"":""Ciência da Computação"",""vagas_regular"":42,""vagas_vestibulando"":3,""vagas"":45,""inscritos_regular"":34,""inscritos_vestibulando"":0,""inscritos"":34}]",Quadro de Horários UFF — páginas públicas de listagem e detalhe
2026-1,TET00347,CIRCUITOS DIGITAIS PARA CIÊNCIA DA COMPUTAÇÃO,B1,/graduacao/quadrodehorarios/turmas/100000439882,,Ter 14:00-16:00; Qui 14:00-16:00,Ter-Qui,CC,False,31,False,47,40,47,40,0,0,0,0,"[{""codigo_curso"":""31"",""curso"":""Ciência da Computação"",""vagas_regular"":44,""vagas_vestibulando"":3,""vagas"":47,""inscritos_regular"":39,""inscritos_vestibulando"":1,""inscritos"":40}]",Quadro de Horários UFF — páginas públicas de listagem e detalhe
2026-2,CGI00002,PROJETO DE APLICAÇÃO I,A1,/graduacao/quadrodehorarios/turmas/100000463154,,Sab 14:00-18:00,Sab,SI,False,83,False,60,36,0,0,60,36,0,0,"[{""codigo_curso"":""83"",""curso"":""Sistemas de Informação"",""vagas_regular"":60,""vagas_vestibulando"":0,""vagas"":60,""inscritos_regular"":36,""inscritos_vestibulando"":0,""inscritos"":36}]",Quadro de Horários UFF — páginas públicas de listagem e detalhe
2026-2,CGI00002,PROJETO DE APLICAÇÃO I,A2,/graduacao/quadrodehorarios/turmas/100000464701,,Sab 14:00-18:00,Sab,SI,False,83,False,1,1,0,0,1,1,0,0,"[{""codigo_curso"":""83"",""curso"":""Sistemas de Informação"",""vagas_regular"":1,""vagas_vestibulando"":0,""vagas"":1,""inscritos_regular"":1,""inscritos_vestibulando"":0,""inscritos"":1}]",Quadro de Horários UFF — páginas públicas de listagem e detalhe
2026-2,CGI00002,PROJETO DE APLICAÇÃO I,D1,/graduacao/quadrodehorarios/turmas/100000464248,,Sab 14:00-18:00,Sab,SI,False,83,False,5,5,0,0,5,5,0,0,"[{""codigo_curso"":""83"",""curso"":""Sistemas de Informação"",""vagas_regular"":5,""vagas_vestibulando"":0,""vagas"":5,""inscritos_regular"":5,""inscritos_vestibulando"":0,""inscritos"":5}]",Quadro de Horários UFF — páginas públicas de listagem e detalhe
2026-2,CGI00002,PROJETO DE APLICAÇÃO I,E1,/graduacao/quadrodehorarios/turmas/100000464252,,Sab 14:00-18:00,Sab,SI,False,83,False,2,2,0,0,2,2,0,0,"[{""codigo_curso"":""83"",""curso"":""Sistemas de Informação"",""vagas_regular"":2,""vagas_vestibulando"":0,""vagas"":2,""inscritos_regular"":2,""inscritos_vestibulando"":0,""inscritos"":2}]",Quadro de Horários UFF — páginas públicas de listagem e detalhe
2026-2,CGI00002,PROJETO DE APLICAÇÃO I,F1,/graduacao/quadrodehorarios/turmas/100000464249,,Sab 14:00-18:00,Sab,SI,False,83,False,2,2,0,0,2,2,0,0,"[{""codigo_curso"":""83"",""curso"":""Sistemas de Informação"",""vagas_regular"":2,""vagas_vestibulando"":0,""vagas"":2,""inscritos_regular"":2,""inscritos_vestibulando"":0,""inscritos"":2}]",Quadro de Horários UFF — páginas públicas de listagem e detalhe
2026-2,CGI00002,PROJETO DE APLICAÇÃO I,F2,/graduacao/quadrodehorarios/turmas/100000464250,,Sab 14:00-18:00,Sab,SI,False,83,False,1,1,0,0,1,1,0,0,"[{""codigo_curso"":""83"",""curso"":""Sistemas de Informação"",""vagas_regular"":1,""vagas_vestibulando"":0,""vagas"":1,""inscritos_regular"":1,""inscritos_vestibulando"":0,""inscritos"":1}]",Quadro de Horários UFF — páginas públicas de listagem e detalhe
2026-2,CGI00002,PROJETO DE APLICAÇÃO I,G1,/graduacao/quadrodehorarios/turmas/100000464255,,Sab 14:00-18:00,Sab,SI,False,83,False,2,2,0,0,2,2,0,0,"[{""codigo_curso"":""83"",""curso"":""Sistemas de Informação"",""vagas_regular"":2,""vagas_vestibulando"":0,""vagas"":2,""inscritos_regular"":2,""inscritos_vestibulando"":0,""inscritos"":2}]",Quadro de Horários UFF — páginas públicas de listagem e detalhe
2026-2,CGI00002,PROJETO DE APLICAÇÃO I,J1,/graduacao/quadrodehorarios/turmas/100000464699,,Sab 14:00-18:00,Sab,SI,False,83,False,2,2,0,0,2,2,0,0,"[{""codigo_curso"":""83"",""curso"":""Sistemas de Informação"",""vagas_regular"":2,""vagas_vestibulando"":0,""vagas"":2,""inscritos_regular"":2,""inscritos_vestibulando"":0,""inscritos"":2}]",Quadro de Horários UFF — páginas públicas de listagem e detalhe
2026-2,CGI00002,PROJETO DE APLICAÇÃO I,L1,/graduacao/quadrodehorarios/turmas/100000464615,,Sab 14:00-18:00,Sab,SI,False,83,False,1,1,0,0,1,1,0,0,"[{""codigo_curso"":""83"",""curso"":""Sistemas de Informação"",""vagas_regular"":1,""vagas_vestibulando"":0,""vagas"":1,""inscritos_regular"":1,""inscritos_vestibulando"":0,""inscritos"":1}]",Quadro de Horários UFF — páginas públicas de listagem e detalhe
2026-2,CGI00002,PROJETO DE APLICAÇÃO I,L2,/graduacao/quadrodehorarios/turmas/100000464700,,Sab 14:00-18:00,Sab,SI,False,83,False,2,2,0,0,2,2,0,0,"[{""codigo_curso"":""83"",""curso"":""Sistemas de Informação"",""vagas_regular"":2,""vagas_vestibulando"":0,""vagas"":2,""inscritos_regular"":2,""inscritos_vestibulando"":0,""inscritos"":2}]",Quadro de Horários UFF — páginas públicas de listagem e detalhe
2026-2,CGI00002,PROJETO DE APLICAÇÃO I,M1,/graduacao/quadrodehorarios/turmas/100000464254,,Sab 14:00-18:00,Sab,SI,False,83,False,2,2,0,0,2,2,0,0,"[{""codigo_curso"":""83"",""curso"":""Sistemas de Informação"",""vagas_regular"":2,""vagas_vestibulando"":0,""vagas"":2,""inscritos_regular"":2,""inscritos_vestibulando"":0,""inscritos"":2}]",Quadro de Horários UFF — páginas públicas de listagem e detalhe
2026-2,CGI00002,PROJETO DE APLICAÇÃO I,M2,/graduacao/quadrodehorarios/turmas/100000464613,,Sab 14:00-18:00,Sab,SI,False,83,False,2,2,0,0,2,2,0,0,"[{""codigo_curso"":""83"",""curso"":""Sistemas de Informação"",""vagas_regular"":2,""vagas_vestibulando"":0,""vagas"":2,""inscritos_regular"":2,""inscritos_vestibulando"":0,""inscritos"":2}]",Quadro de Horários UFF — páginas públicas de listagem e detalhe
2026-2,CGI00002,PROJETO DE APLICAÇÃO I,M3,/graduacao/quadrodehorarios/turmas/100000464698,,Sab 14:00-18:00,Sab,SI,False,83,False,1,1,0,0,1,1,0,0,"[{""codigo_curso"":""83"",""curso"":""Sistemas de Informação"",""vagas_regular"":1,""vagas_vestibulando"":0,""vagas"":1,""inscritos_regular"":1,""inscritos_vestibulando"":0,""inscritos"":1}]",Quadro de Horários UFF — páginas públicas de listagem e detalhe
2026-2,CGI00002,PROJETO DE APLICAÇÃO I,R1,/graduacao/quadrodehorarios/turmas/100000464251,,Sab 14:00-18:00,Sab,SI,False,83,False,5,5,0,0,5,5,0,0,"[{""codigo_curso"":""83"",""curso"":""Sistemas de Informação"",""vagas_regular"":5,""vagas_vestibulando"":0,""vagas"":5,""inscritos_regular"":5,""inscritos_vestibulando"":0,""inscritos"":5}]",Quadro de Horários UFF — páginas públicas de listagem e detalhe
2026-2,CGI00002,PROJETO DE APLICAÇÃO I,R2,/graduacao/quadrodehorarios/turmas/100000464253,,Sab 14:00-18:00,Sab,SI,False,83,False,3,3,0,0,3,3,0,0,"[{""codigo_curso"":""83"",""curso"":""Sistemas de Informação"",""vagas_regular"":3,""vagas_vestibulando"":0,""vagas"":3,""inscritos_regular"":3,""inscritos_vestibulando"":0,""inscritos"":3}]",Quadro de Horários UFF — páginas públicas de listagem e detalhe
2026-2,CGI00002,PROJETO DE APLICAÇÃO I,R3,/graduacao/quadrodehorarios/turmas/100000464614,,Sab 14:00-18:00,Sab,SI,False,83,False,2,2,0,0,2,2,0,0,"[{""codigo_curso"":""83"",""curso"":""Sistemas de Informação"",""vagas_regular"":2,""vagas_vestibulando"":0,""vagas"":2,""inscritos_regular"":2,""inscritos_vestibulando"":0,""inscritos"":2}]",Quadro de Horários UFF — páginas públicas de listagem e detalhe
2026-2,CGI00003,PROJETO DE APLICAÇÃO II,A1,/graduacao/quadrodehorarios/turmas/100000463153,,Sab 08:00-12:00,Sab,SI,False,83,False,75,74,0,0,75,74,0,0,"[{""codigo_curso"":""83"",""curso"":""Sistemas de Informação"",""vagas_regular"":75,""vagas_vestibulando"":0,""vagas"":75,""inscritos_regular"":74,""inscritos_vestibulando"":0,""inscritos"":74}]",Quadro de Horários UFF — páginas públicas de listagem e detalhe
2026-2,CGI00004,SEMINÁRIOS EM SISTEMAS DE INFORMAÇÃO,A1,/graduacao/quadrodehorarios/turmas/100000463152,,Sex 18:00-22:00,Sex,SI,False,31;83,True,71,66,2,1,69,65,0,0,"[{""codigo_curso"":""83"",""curso"":""Sistemas de Informação"",""vagas_regular"":8,""vagas_vestibulando"":61,""vagas"":69,""inscritos_regular"":6,""inscritos_vestibulando"":59,""inscritos"":65},{""codigo_curso"":""31"",""curso"":""Ciência da Computação"",""vagas_regular"":2,""vagas_vestibulando"":0,""vagas"":2,""inscritos_regular"":1,""inscritos_vestibulando"":0,""inscritos"":1}]",Quadro de Horários UFF — páginas públicas de listagem e detalhe
2026-2,CGI00005,ATIVIDADES COMPLEMENTARES II,A1,/graduacao/quadrodehorarios/turmas/100000463151,,Sab 12:00-14:00,Sab,SI,False,83,False,75,73,0,0,75,73,0,0,"[{""codigo_curso"":""83"",""curso"":""Sistemas de Informação"",""vagas_regular"":75,""vagas_vestibulando"":0,""vagas"":75,""inscritos_regular"":73,""inscritos_vestibulando"":0,""inscritos"":73}]",Quadro de Horários UFF — páginas públicas de listagem e detalhe
2026-2,GAN00140,ÁLGEBRA LINEAR,B2,/graduacao/quadrodehorarios/turmas/100000463180,,Seg 09:00-11:00; Qua 09:00-11:00,Seg-Qua,CC,False,123;27;31;37;40;41;42;52;56,False,60,60,30,30,0,0,30,30,"[{""codigo_curso"":""40"",""curso"":""Engenharia Mecânica"",""vagas_regular"":5,""vagas_vestibulando"":0,""vagas"":5,""inscritos_regular"":5,""inscritos_vestibulando"":0,""inscritos"":5},{""codigo_curso"":""42"",""curso"":""Engenharia de Produção"",""vagas_regular"":1,""vagas_vestibulando"":0,""vagas"":1,""inscritos_regular"":1,""inscritos_vestibulando"":0,""inscritos"":1},{""codigo_curso"":""41"",""curso"":""Engenharia de Telecomunicações"",""vagas_regular"":1,""vagas_vestibulando"":0,""vagas"":1,""inscritos_regular"":1,""inscritos_vestibulando"":0,""inscritos"":1},{""codigo_curso"":""31"",""curso"":""Ciência da Computação"",""vagas_regular"":30,""vagas_vestibulando"":0,""vagas"":30,""inscritos_regular"":30,""inscritos_vestibulando"":0,""inscritos"":30},{""codigo_curso"":""123"",""curso"":""Inteligência Artificial e Ciência de Dados"",""vagas_regular"":9,""vagas_vestibulando"":0,""vagas"":9,""inscritos_regular"":9,""inscritos_vestibulando"":0,""inscritos"":9},{""codigo_curso"":""27"",""curso"":""Engenharia Química"",""vagas_regular"":2,""vagas_vestibulando"":0,""vagas"":2,""inscritos_regular"":2,""inscritos_vestibulando"":0,""inscritos"":2},{""codigo_curso"":""37"",""curso"":""Engenharia Civil"",""vagas_regular"":7,""vagas_vestibulando"":0,""vagas"":7,""inscritos_regular"":7,""inscritos_vestibulando"":0,""inscritos"":7},{""codigo_curso"":""56"",""curso"":""Eng. de Recursos Hídricos e Meio Ambiente"",""vagas_regular"":4,""vagas_vestibulando"":0,""vagas"":4,""inscritos_regular"":4,""inscritos_vestibulando"":0,""inscritos"":4},{""codigo_curso"":""52"",""curso"":""Engenharia de Agronegócios(Volta Redonda)"",""vagas_regular"":1,""vagas_vestibulando"":0,""vagas"":1,""inscritos_regular"":1,""inscritos_vestibulando"":0,""inscritos"":1}]",Quadro de Horários UFF — páginas públicas de listagem e detalhe
2026-2,GAN00140,ÁLGEBRA LINEAR,I2,/graduacao/quadrodehorarios/turmas/100000463187,,Seg 16:00-18:00; Qua 16:00-18:00,Seg-Qua,CC,False,25;27;31;37;40;41;42;50,False,60,35,36,12,0,0,24,23,"[{""codigo_curso"":""40"",""curso"":""Engenharia Mecânica"",""vagas_regular"":3,""vagas_vestibulando"":0,""vagas"":3,""inscritos_regular"":3,""inscritos_vestibulando"":0,""inscritos"":3},{""codigo_curso"":""42"",""curso"":""Engenharia de Produção"",""vagas_regular"":2,""vagas_vestibulando"":0,""vagas"":2,""inscritos_regular"":1,""inscritos_vestibulando"":0,""inscritos"":1},{""codigo_curso"":""41"",""curso"":""Engenharia de Telecomunicações"",""vagas_regular"":2,""vagas_vestibulando"":0,""vagas"":2,""inscritos_regular"":2,""inscritos_vestibulando"":0,""inscritos"":2},{""codigo_curso"":""31"",""curso"":""Ciência da Computação"",""vagas_regular"":31,""vagas_vestibulando"":5,""vagas"":36,""inscritos_regular"":12,""inscritos_vestibulando"":0,""inscritos"":12},{""codigo_curso"":""37"",""curso"":""Engenharia Civil"",""vagas_regular"":14,""vagas_vestibulando"":0,""vagas"":14,""inscritos_regular"":14,""inscritos_vestibulando"":0,""inscritos"":14},{""codigo_curso"":""27"",""curso"":""Engenharia Química"",""vagas_regular"":1,""vagas_vestibulando"":0,""vagas"":1,""inscritos_regular"":1,""inscritos_vestibulando"":0,""inscritos"":1},{""codigo_curso"":""50"",""curso"":""Geofísica"",""vagas_regular"":1,""vagas_vestibulando"":0,""vagas"":1,""inscritos_regular"":1,""inscritos_vestibulando"":0,""inscritos"":1},{""codigo_curso"":""25"",""curso"":""Física"",""vagas_regular"":1,""vagas_vestibulando"":0,""vagas"":1,""inscritos_regular"":1,""inscritos_vestibulando"":0,""inscritos"":1}]",Quadro de Horários UFF — páginas públicas de listagem e detalhe
2026-2,GAN00140,ÁLGEBRA LINEAR,M2,/graduacao/quadrodehorarios/turmas/100000463191,,Ter 16:00-18:00; Qui 16:00-18:00,Ter-Qui,SI,False,25;27;38;40;41;50;83,False,60,58,0,0,4,3,56,55,"[{""codigo_curso"":""40"",""curso"":""Engenharia Mecânica"",""vagas_regular"":3,""vagas_vestibulando"":0,""vagas"":3,""inscritos_regular"":3,""inscritos_vestibulando"":0,""inscritos"":3},{""codigo_curso"":""50"",""curso"":""Geofísica"",""vagas_regular"":31,""vagas_vestibulando"":0,""vagas"":31,""inscritos_regular"":30,""inscritos_vestibulando"":0,""inscritos"":30},{""codigo_curso"":""38"",""curso"":""Engenharia Elétrica"",""vagas_regular"":18,""vagas_vestibulando"":0,""vagas"":18,""inscritos_regular"":18,""inscritos_vestibulando"":0,""inscritos"":18},{""codigo_curso"":""83"",""curso"":""Sistemas de Informação"",""vagas_regular"":4,""vagas_vestibulando"":0,""vagas"":4,""inscritos_regular"":3,""inscritos_vestibulando"":0,""inscritos"":3},{""codigo_curso"":""41"",""curso"":""Engenharia de Telecomunicações"",""vagas_regular"":1,""vagas_vestibulando"":0,""vagas"":1,""inscritos_regular"":1,""inscritos_vestibulando"":0,""inscritos"":1},{""codigo_curso"":""25"",""curso"":""Física"",""vagas_regular"":1,""vagas_vestibulando"":0,""vagas"":1,""inscritos_regular"":1,""inscritos_vestibulando"":0,""inscritos"":1},{""codigo_curso"":""27"",""curso"":""Engenharia Química"",""vagas_regular"":2,""vagas_vestibulando"":0,""vagas"":2,""inscritos_regular"":2,""inscritos_vestibulando"":0,""inscritos"":2}]",Quadro de Horários UFF — páginas públicas de listagem e detalhe
2026-2,GAN00144,COMPLEMENTOS DE MATEMÁTICA APLICADA,B2,/graduacao/quadrodehorarios/turmas/100000463193,,Seg 16:00-18:00; Qua 16:00-18:00,Seg-Qua,SI,False,117;22;48;83;95,False,47,44,0,0,7,7,40,37,"[{""codigo_curso"":""48"",""curso"":""Biomedicina"",""vagas_regular"":4,""vagas_vestibulando"":0,""vagas"":4,""inscritos_regular"":4,""inscritos_vestibulando"":0,""inscritos"":4},{""codigo_curso"":""117"",""curso"":""Administração Pública"",""vagas_regular"":1,""vagas_vestibulando"":0,""vagas"":1,""inscritos_regular"":1,""inscritos_vestibulando"":0,""inscritos"":1},{""codigo_curso"":""22"",""curso"":""Ciências Contábeis"",""vagas_regular"":25,""vagas_vestibulando"":0,""vagas"":25,""inscritos_regular"":25,""inscritos_vestibulando"":0,""inscritos"":25},{""codigo_curso"":""83"",""curso"":""Sistemas de Informação"",""vagas_regular"":7,""vagas_vestibulando"":0,""vagas"":7,""inscritos_regular"":7,""inscritos_vestibulando"":0,""inscritos"":7},{""codigo_curso"":""95"",""curso"":""Ciência Ambiental"",""vagas_regular"":10,""vagas_vestibulando"":0,""vagas"":10,""inscritos_regular"":7,""inscritos_vestibulando"":0,""inscritos"":7}]",Quadro de Horários UFF — páginas públicas de listagem e detalhe
2026-2,GAN00144,COMPLEMENTOS DE MATEMÁTICA APLICADA,D2,/graduacao/quadrodehorarios/turmas/100000463195,,Seg 18:00-20:00; Qua 18:00-20:00,Seg-Qua,SI,False,117;83,False,60,48,0,0,29,27,31,21,"[{""codigo_curso"":""83"",""curso"":""Sistemas de Informação"",""vagas_regular"":29,""vagas_vestibulando"":0,""vagas"":29,""inscritos_regular"":27,""inscritos_vestibulando"":0,""inscritos"":27},{""codigo_curso"":""117"",""curso"":""Administração Pública"",""vagas_regular"":31,""vagas_vestibulando"":0,""vagas"":31,""inscritos_regular"":21,""inscritos_vestibulando"":0,""inscritos"":21}]",Quadro de Horários UFF — páginas públicas de listagem e detalhe
2026-2,GAN00144,COMPLEMENTOS DE MATEMÁTICA APLICADA,E2,/graduacao/quadrodehorarios/turmas/100000463196,,Seg 18:00-20:00; Qua 18:00-20:00,Seg-Qua,SI,False,22;23;83;86,False,50,2,0,0,6,0,44,2,"[{""codigo_curso"":""22"",""curso"":""Ciências Contábeis"",""vagas_regular"":15,""vagas_vestibulando"":15,""vagas"":30,""inscritos_regular"":0,""inscritos_vestibulando"":0,""inscritos"":0},{""codigo_curso"":""83"",""curso"":""Sistemas de Informação"",""vagas_regular"":1,""vagas_vestibulando"":5,""vagas"":6,""inscritos_regular"":0,""inscritos_vestibulando"":0,""inscritos"":0},{""codigo_curso"":""23"",""curso"":""Administração"",""vagas_regular"":5,""vagas_vestibulando"":0,""vagas"":5,""inscritos_regular"":2,""inscritos_vestibulando"":0,""inscritos"":2},{""codigo_curso"":""86"",""curso"":""Administração Pública"",""vagas_regular"":9,""vagas_vestibulando"":0,""vagas"":9,""inscritos_regular"":0,""inscritos_vestibulando"":0,""inscritos"":0}]",Quadro de Horários UFF — páginas públicas de listagem e detalhe
2026-2,GAN00144,COMPLEMENTOS DE MATEMÁTICA APLICADA,F2,/graduacao/quadrodehorarios/turmas/100000463197,,Seg 20:00-22:00; Qua 20:00-22:00,Seg-Qua,SI,False,23;83,False,61,56,0,0,31,31,30,25,"[{""codigo_curso"":""83"",""curso"":""Sistemas de Informação"",""vagas_regular"":31,""vagas_vestibulando"":0,""vagas"":31,""inscritos_regular"":31,""inscritos_vestibulando"":0,""inscritos"":31},{""codigo_curso"":""23"",""curso"":""Administração"",""vagas_regular"":30,""vagas_vestibulando"":0,""vagas"":30,""inscritos_regular"":25,""inscritos_vestibulando"":0,""inscritos"":25}]",Quadro de Horários UFF — páginas públicas de listagem e detalhe
2026-2,GAN00166,LÓGICA PARA A CIÊNCIA DA COMPUTAÇÃO,A2,/graduacao/quadrodehorarios/turmas/100000463207,,Seg 14:00-16:00; Qua 14:00-16:00,Seg-Qua,CC,False,123;31;58,False,60,34,39,22,0,0,21,12,"[{""codigo_curso"":""31"",""curso"":""Ciência da Computação"",""vagas_regular"":38,""vagas_vestibulando"":1,""vagas"":39,""inscritos_regular"":21,""inscritos_vestibulando"":1,""inscritos"":22},{""codigo_curso"":""123"",""curso"":""Inteligência Artificial e Ciência de Dados"",""vagas_regular"":20,""vagas_vestibulando"":0,""vagas"":20,""inscritos_regular"":11,""inscritos_vestibulando"":0,""inscritos"":11},{""codigo_curso"":""58"",""curso"":""Filosofia"",""vagas_regular"":1,""vagas_vestibulando"":0,""vagas"":1,""inscritos_regular"":1,""inscritos_vestibulando"":0,""inscritos"":1}]",Quadro de Horários UFF — páginas públicas de listagem e detalhe
2026-2,GAN00166,LÓGICA PARA A CIÊNCIA DA COMPUTAÇÃO,B2,/graduacao/quadrodehorarios/turmas/100000463208,,Ter 14:00-16:00; Qui 14:00-16:00,Ter-Qui,CC,False,31;54;83,True,60,54,55,53,4,0,1,1,"[{""codigo_curso"":""54"",""curso"":""Estatística"",""vagas_regular"":1,""vagas_vestibulando"":0,""vagas"":1,""inscritos_regular"":1,""inscritos_vestibulando"":0,""inscritos"":1},{""codigo_curso"":""31"",""curso"":""Ciência da Computação"",""vagas_regular"":55,""vagas_vestibulando"":0,""vagas"":55,""inscritos_regular"":53,""inscritos_vestibulando"":0,""inscritos"":53},{""codigo_curso"":""83"",""curso"":""Sistemas de Informação"",""vagas_regular"":4,""vagas_vestibulando"":0,""vagas"":4,""inscritos_regular"":0,""inscritos_vestibulando"":0,""inscritos"":0}]",Quadro de Horários UFF — páginas públicas de listagem e detalhe
2026-2,GAN00167,MATEMÁTICA DISCRETA,B2,/graduacao/quadrodehorarios/turmas/100000463210,,Seg 14:00-16:00; Qua 14:00-16:00,Seg-Qua,CC,False,31,False,50,47,50,47,0,0,0,0,"[{""codigo_curso"":""31"",""curso"":""Ciência da Computação"",""vagas_regular"":0,""vagas_vestibulando"":50,""vagas"":50,""inscritos_regular"":0,""inscritos_vestibulando"":47,""inscritos"":47}]",Quadro de Horários UFF — páginas públicas de listagem e detalhe
2026-2,GAN00167,MATEMÁTICA DISCRETA,C2,/graduacao/quadrodehorarios/turmas/100000463211,,Seg 14:00-16:00; Qua 14:00-16:00,Seg-Qua,CC,False,31,False,50,42,50,42,0,0,0,0,"[{""codigo_curso"":""31"",""curso"":""Ciência da Computação"",""vagas_regular"":50,""vagas_vestibulando"":0,""vagas"":50,""inscritos_regular"":42,""inscritos_vestibulando"":0,""inscritos"":42}]",Quadro de Horários UFF — páginas públicas de listagem e detalhe
2026-2,GET00116,FUNDAMENTOS DE ESTATISTICA APLICADA,C1,/graduacao/quadrodehorarios/turmas/100000458304,,Seg 11:00-13:00; Qua 11:00-13:00,Seg-Qua,SI,False,20;50;83;95,False,35,10,0,0,5,0,30,10,"[{""codigo_curso"":""20"",""curso"":""Matemática"",""vagas_regular"":10,""vagas_vestibulando"":0,""vagas"":10,""inscritos_regular"":2,""inscritos_vestibulando"":0,""inscritos"":2},{""codigo_curso"":""95"",""curso"":""Ciência Ambiental"",""vagas_regular"":10,""vagas_vestibulando"":0,""vagas"":10,""inscritos_regular"":5,""inscritos_vestibulando"":0,""inscritos"":5},{""codigo_curso"":""50"",""curso"":""Geofísica"",""vagas_regular"":10,""vagas_vestibulando"":0,""vagas"":10,""inscritos_regular"":3,""inscritos_vestibulando"":0,""inscritos"":3},{""codigo_curso"":""83"",""curso"":""Sistemas de Informação"",""vagas_regular"":5,""vagas_vestibulando"":0,""vagas"":5,""inscritos_regular"":0,""inscritos_vestibulando"":0,""inscritos"":0}]",Quadro de Horários UFF — páginas públicas de listagem e detalhe
2026-2,GET00116,FUNDAMENTOS DE ESTATISTICA APLICADA,E1,/graduacao/quadrodehorarios/turmas/100000458326,,Seg 18:00-20:00; Qua 18:00-20:00,Seg-Qua,SI,False,20;22;50;83;96,False,56,47,0,0,5,3,51,44,"[{""codigo_curso"":""96"",""curso"":""Desenho Industrial"",""vagas_regular"":26,""vagas_vestibulando"":0,""vagas"":26,""inscritos_regular"":26,""inscritos_vestibulando"":0,""inscritos"":26},{""codigo_curso"":""50"",""curso"":""Geofísica"",""vagas_regular"":11,""vagas_vestibulando"":0,""vagas"":11,""inscritos_regular"":11,""inscritos_vestibulando"":0,""inscritos"":11},{""codigo_curso"":""20"",""curso"":""Matemática"",""vagas_regular"":10,""vagas_vestibulando"":0,""vagas"":10,""inscritos_regular"":7,""inscritos_vestibulando"":0,""inscritos"":7},{""codigo_curso"":""22"",""curso"":""Ciências Contábeis"",""vagas_regular"":4,""vagas_vestibulando"":0,""vagas"":4,""inscritos_regular"":0,""inscritos_vestibulando"":0,""inscritos"":0},{""codigo_curso"":""83"",""curso"":""Sistemas de Informação"",""vagas_regular"":4,""vagas_vestibulando"":1,""vagas"":5,""inscritos_regular"":2,""inscritos_vestibulando"":1,""inscritos"":3}]",Quadro de Horários UFF — páginas públicas de listagem e detalhe
2026-2,GET00116,FUNDAMENTOS DE ESTATISTICA APLICADA,F1,/graduacao/quadrodehorarios/turmas/100000458328,,Seg 20:00-22:00; Qua 20:00-22:00,Seg-Qua,SI,False,20;59;83;95,False,60,59,0,0,45,44,15,15,"[{""codigo_curso"":""20"",""curso"":""Matemática"",""vagas_regular"":8,""vagas_vestibulando"":0,""vagas"":8,""inscritos_regular"":8,""inscritos_vestibulando"":0,""inscritos"":8},{""codigo_curso"":""83"",""curso"":""Sistemas de Informação"",""vagas_regular"":45,""vagas_vestibulando"":0,""vagas"":45,""inscritos_regular"":44,""inscritos_vestibulando"":0,""inscritos"":44},{""codigo_curso"":""95"",""curso"":""Ciência Ambiental"",""vagas_regular"":3,""vagas_vestibulando"":0,""vagas"":3,""inscritos_regular"":3,""inscritos_vestibulando"":0,""inscritos"":3},{""codigo_curso"":""59"",""curso"":""Relações Internacionais"",""vagas_regular"":4,""vagas_vestibulando"":0,""vagas"":4,""inscritos_regular"":4,""inscritos_vestibulando"":0,""inscritos"":4}]",Quadro de Horários UFF — páginas públicas de listagem e detalhe
2026-2,GET00116,FUNDAMENTOS DE ESTATISTICA APLICADA,G2,/graduacao/quadrodehorarios/turmas/100000458334,,Ter 11:00-13:00; Qui 11:00-13:00,Ter-Qui,SI,False,20;28;29;83;96,False,43,34,0,0,5,5,38,29,"[{""codigo_curso"":""96"",""curso"":""Desenho Industrial"",""vagas_regular"":20,""vagas_vestibulando"":0,""vagas"":20,""inscritos_regular"":20,""inscritos_vestibulando"":0,""inscritos"":20},{""codigo_curso"":""20"",""curso"":""Matemática"",""vagas_regular"":5,""vagas_vestibulando"":0,""vagas"":5,""inscritos_regular"":2,""inscritos_vestibulando"":0,""inscritos"":2},{""codigo_curso"":""28"",""curso"":""Química"",""vagas_regular"":1,""vagas_vestibulando"":0,""vagas"":1,""inscritos_regular"":0,""inscritos_vestibulando"":0,""inscritos"":0},{""codigo_curso"":""29"",""curso"":""Química Industrial"",""vagas_regular"":12,""vagas_vestibulando"":0,""vagas"":12,""inscritos_regular"":7,""inscritos_vestibulando"":0,""inscritos"":7},{""codigo_curso"":""83"",""curso"":""Sistemas de Informação"",""vagas_regular"":5,""vagas_vestibulando"":0,""vagas"":5,""inscritos_regular"":5,""inscritos_vestibulando"":0,""inscritos"":5}]",Quadro de Horários UFF — páginas públicas de listagem e detalhe
2026-2,GET00116,FUNDAMENTOS DE ESTATISTICA APLICADA,H1,/graduacao/quadrodehorarios/turmas/100000458335,,Ter 18:00-20:00; Qui 18:00-20:00,Ter-Qui,SI,False,20;44;50;59;83;95;96,False,59,52,0,0,15,13,44,39,"[{""codigo_curso"":""95"",""curso"":""Ciência Ambiental"",""vagas_regular"":5,""vagas_vestibulando"":0,""vagas"":5,""inscritos_regular"":3,""inscritos_vestibulando"":0,""inscritos"":3},{""codigo_curso"":""44"",""curso"":""Ciências Biológicas"",""vagas_regular"":23,""vagas_vestibulando"":0,""vagas"":23,""inscritos_regular"":21,""inscritos_vestibulando"":0,""inscritos"":21},{""codigo_curso"":""96"",""curso"":""Desenho Industrial"",""vagas_regular"":6,""vagas_vestibulando"":0,""vagas"":6,""inscritos_regular"":6,""inscritos_vestibulando"":0,""inscritos"":6},{""codigo_curso"":""50"",""curso"":""Geofísica"",""vagas_regular"":5,""vagas_vestibulando"":0,""vagas"":5,""inscritos_regular"":4,""inscritos_vestibulando"":0,""inscritos"":4},{""codigo_curso"":""20"",""curso"":""Matemática"",""vagas_regular"":4,""vagas_vestibulando"":0,""vagas"":4,""inscritos_regular"":4,""inscritos_vestibulando"":0,""inscritos"":4},{""codigo_curso"":""83"",""curso"":""Sistemas de Informação"",""vagas_regular"":14,""vagas_vestibulando"":1,""vagas"":15,""inscritos_regular"":12,""inscritos_vestibulando"":1,""inscritos"":13},{""codigo_curso"":""59"",""curso"":""Relações Internacionais"",""vagas_regular"":1,""vagas_vestibulando"":0,""vagas"":1,""inscritos_regular"":1,""inscritos_vestibulando"":0,""inscritos"":1}]",Quadro de Horários UFF — páginas públicas de listagem e detalhe
2026-2,GET00177,ESTATÍSTICA BÁSICA,A1,/graduacao/quadrodehorarios/turmas/100000459116,,Seg 09:00-11:00; Qua 09:00-11:00,Seg-Qua,CC,False,27;31;41;42;56,False,57,53,10,9,0,0,47,44,"[{""codigo_curso"":""31"",""curso"":""Ciência da Computação"",""vagas_regular"":9,""vagas_vestibulando"":1,""vagas"":10,""inscritos_regular"":8,""inscritos_vestibulando"":1,""inscritos"":9},{""codigo_curso"":""42"",""curso"":""Engenharia de Produção"",""vagas_regular"":22,""vagas_vestibulando"":0,""vagas"":22,""inscritos_regular"":20,""inscritos_vestibulando"":0,""inscritos"":20},{""codigo_curso"":""56"",""curso"":""Eng. de Recursos Hídricos e Meio Ambiente"",""vagas_regular"":11,""vagas_vestibulando"":0,""vagas"":11,""inscritos_regular"":10,""inscritos_vestibulando"":0,""inscritos"":10},{""codigo_curso"":""41"",""curso"":""Engenharia de Telecomunicações"",""vagas_regular"":5,""vagas_vestibulando"":0,""vagas"":5,""inscritos_regular"":5,""inscritos_vestibulando"":0,""inscritos"":5},{""codigo_curso"":""27"",""curso"":""Engenharia Química"",""vagas_regular"":9,""vagas_vestibulando"":0,""vagas"":9,""inscritos_regular"":9,""inscritos_vestibulando"":0,""inscritos"":9}]",Quadro de Horários UFF — páginas públicas de listagem e detalhe
2026-2,GET00177,ESTATÍSTICA BÁSICA,B1,/graduacao/quadrodehorarios/turmas/100000459118,,Seg 11:00-13:00; Qua 11:00-13:00,Seg-Qua,CC,False,31;37;38;40;41;42;43;56,False,57,33,15,10,0,0,42,23,"[{""codigo_curso"":""43"",""curso"":""Engenharia Agrícola e Ambiental"",""vagas_regular"":2,""vagas_vestibulando"":0,""vagas"":2,""inscritos_regular"":2,""inscritos_vestibulando"":0,""inscritos"":2},{""codigo_curso"":""37"",""curso"":""Engenharia Civil"",""vagas_regular"":6,""vagas_vestibulando"":0,""vagas"":6,""inscritos_regular"":3,""inscritos_vestibulando"":0,""inscritos"":3},{""codigo_curso"":""42"",""curso"":""Engenharia de Produção"",""vagas_regular"":1,""vagas_vestibulando"":0,""vagas"":1,""inscritos_regular"":1,""inscritos_vestibulando"":0,""inscritos"":1},{""codigo_curso"":""31"",""curso"":""Ciência da Computação"",""vagas_regular"":15,""vagas_vestibulando"":0,""vagas"":15,""inscritos_regular"":10,""inscritos_vestibulando"":0,""inscritos"":10},{""codigo_curso"":""56"",""curso"":""Eng. de Recursos Hídricos e Meio Ambiente"",""vagas_regular"":5,""vagas_vestibulando"":0,""vagas"":5,""inscritos_regular"":3,""inscritos_vestibulando"":0,""inscritos"":3},{""codigo_curso"":""41"",""curso"":""Engenharia de Telecomunicações"",""vagas_regular"":2,""vagas_vestibulando"":0,""vagas"":2,""inscritos_regular"":1,""inscritos_vestibulando"":0,""inscritos"":1},{""codigo_curso"":""38"",""curso"":""Engenharia Elétrica"",""vagas_regular"":11,""vagas_vestibulando"":0,""vagas"":11,""inscritos_regular"":5,""inscritos_vestibulando"":0,""inscritos"":5},{""codigo_curso"":""40"",""curso"":""Engenharia Mecânica"",""vagas_regular"":15,""vagas_vestibulando"":0,""vagas"":15,""inscritos_regular"":8,""inscritos_vestibulando"":0,""inscritos"":8}]",Quadro de Horários UFF — páginas públicas de listagem e detalhe
2026-2,GET00177,ESTATÍSTICA BÁSICA,C1,/graduacao/quadrodehorarios/turmas/100000459121,,Seg 14:00-16:00; Qua 14:00-16:00,Seg-Qua,CC,False,27;31;37;38;40;41;42;56,False,61,61,24,24,0,0,37,37,"[{""codigo_curso"":""31"",""curso"":""Ciência da Computação"",""vagas_regular"":24,""vagas_vestibulando"":0,""vagas"":24,""inscritos_regular"":24,""inscritos_vestibulando"":0,""inscritos"":24},{""codigo_curso"":""37"",""curso"":""Engenharia Civil"",""vagas_regular"":3,""vagas_vestibulando"":0,""vagas"":3,""inscritos_regular"":3,""inscritos_vestibulando"":0,""inscritos"":3},{""codigo_curso"":""42"",""curso"":""Engenharia de Produção"",""vagas_regular"":10,""vagas_vestibulando"":0,""vagas"":10,""inscritos_regular"":10,""inscritos_vestibulando"":0,""inscritos"":10},{""codigo_curso"":""56"",""curso"":""Eng. de Recursos Hídricos e Meio Ambiente"",""vagas_regular"":3,""vagas_vestibulando"":0,""vagas"":3,""inscritos_regular"":3,""inscritos_vestibulando"":0,""inscritos"":3},{""codigo_curso"":""41"",""curso"":""Engenharia de Telecomunicações"",""vagas_regular"":2,""vagas_vestibulando"":0,""vagas"":2,""inscritos_regular"":2,""inscritos_vestibulando"":0,""inscritos"":2},{""codigo_curso"":""38"",""curso"":""Engenharia Elétrica"",""vagas_regular"":10,""vagas_vestibulando"":0,""vagas"":10,""inscritos_regular"":10,""inscritos_vestibulando"":0,""inscritos"":10},{""codigo_curso"":""40"",""curso"":""Engenharia Mecânica"",""vagas_regular"":3,""vagas_vestibulando"":0,""vagas"":3,""inscritos_regular"":3,""inscritos_vestibulando"":0,""inscritos"":3},{""codigo_curso"":""27"",""curso"":""Engenharia Química"",""vagas_regular"":6,""vagas_vestibulando"":0,""vagas"":6,""inscritos_regular"":6,""inscritos_vestibulando"":0,""inscritos"":6}]",Quadro de Horários UFF — páginas públicas de listagem e detalhe
2026-2,GET00177,ESTATÍSTICA BÁSICA,E1,/graduacao/quadrodehorarios/turmas/100000459127,,Seg 18:00-20:00; Qua 18:00-20:00,Seg-Qua,CC,False,102;27;31;37;38;40;41;42;43;56;83;95;98,True,60,48,5,5,1,0,54,43,"[{""codigo_curso"":""31"",""curso"":""Ciência da Computação"",""vagas_regular"":5,""vagas_vestibulando"":0,""vagas"":5,""inscritos_regular"":5,""inscritos_vestibulando"":0,""inscritos"":5},{""codigo_curso"":""43"",""curso"":""Engenharia Agrícola e Ambiental"",""vagas_regular"":7,""vagas_vestibulando"":0,""vagas"":7,""inscritos_regular"":6,""inscritos_vestibulando"":0,""inscritos"":6},{""codigo_curso"":""42"",""curso"":""Engenharia de Produção"",""vagas_regular"":6,""vagas_vestibulando"":0,""vagas"":6,""inscritos_regular"":6,""inscritos_vestibulando"":0,""inscritos"":6},{""codigo_curso"":""56"",""curso"":""Eng. de Recursos Hídricos e Meio Ambiente"",""vagas_regular"":8,""vagas_vestibulando"":0,""vagas"":8,""inscritos_regular"":7,""inscritos_vestibulando"":0,""inscritos"":7},{""codigo_curso"":""38"",""curso"":""Engenharia Elétrica"",""vagas_regular"":5,""vagas_vestibulando"":0,""vagas"":5,""inscritos_regular"":4,""inscritos_vestibulando"":0,""inscritos"":4},{""codigo_curso"":""40"",""curso"":""Engenharia Mecânica"",""vagas_regular"":5,""vagas_vestibulando"":0,""vagas"":5,""inscritos_regular"":1,""inscritos_vestibulando"":0,""inscritos"":1},{""codigo_curso"":""37"",""curso"":""Engenharia Civil"",""vagas_regular"":14,""vagas_vestibulando"":0,""vagas"":14,""inscritos_regular"":14,""inscritos_vestibulando"":0,""inscritos"":14},{""codigo_curso"":""41"",""curso"":""Engenharia de Telecomunicações"",""vagas_regular"":5,""vagas_vestibulando"":0,""vagas"":5,""inscritos_regular"":2,""inscritos_vestibulando"":0,""inscritos"":2},{""codigo_curso"":""27"",""curso"":""Engenharia Química"",""vagas_regular"":1,""vagas_vestibulando"":0,""vagas"":1,""inscritos_regular"":1,""inscritos_vestibulando"":0,""inscritos"":1},{""codigo_curso"":""95"",""curso"":""Ciência Ambiental"",""vagas_regular"":1,""vagas_vestibulando"":0,""vagas"":1,""inscritos_regular"":1,""inscritos_vestibulando"":0,""inscritos"":1},{""codigo_curso"":""83"",""curso"":""Sistemas de Informação"",""vagas_regular"":1,""vagas_vestibulando"":0,""vagas"":1,""inscritos_regular"":0,""inscritos_vestibulando"":0,""inscritos"":0},{""codigo_curso"":""98"",""curso"":""Sociologia"",""vagas_regular"":1,""vagas_vestibulando"":0,""vagas"":1,""inscritos_regular"":1,""inscritos_vestibulando"":0,""inscritos"":1},{""codigo_curso"":""102"",""curso"":""Segurança Pública"",""vagas_regular"":1,""vagas_vestibulando"":0,""vagas"":1,""inscritos_regular"":0,""inscritos_vestibulando"":0,""inscritos"":0}]",Quadro de Horários UFF — páginas públicas de listagem e detalhe
2026-2,GET00177,ESTATÍSTICA BÁSICA,F1,/graduacao/quadrodehorarios/turmas/100000459128,,Ter 09:00-11:00; Qui 09:00-11:00,Ter-Qui,CC,False,27;31;38;40;42;56,False,60,47,15,15,0,0,45,32,"[{""codigo_curso"":""38"",""curso"":""Engenharia Elétrica"",""vagas_regular"":2,""vagas_vestibulando"":0,""vagas"":2,""inscritos_regular"":2,""inscritos_vestibulando"":0,""inscritos"":2},{""codigo_curso"":""31"",""curso"":""Ciência da Computação"",""vagas_regular"":15,""vagas_vestibulando"":0,""vagas"":15,""inscritos_regular"":15,""inscritos_vestibulando"":0,""inscritos"":15},{""codigo_curso"":""42"",""curso"":""Engenharia de Produção"",""vagas_regular"":5,""vagas_vestibulando"":0,""vagas"":5,""inscritos_regular"":4,""inscritos_vestibulando"":0,""inscritos"":4},{""codigo_curso"":""56"",""curso"":""Eng. de Recursos Hídricos e Meio Ambiente"",""vagas_regular"":6,""vagas_vestibulando"":1,""vagas"":7,""inscritos_regular"":5,""inscritos_vestibulando"":1,""inscritos"":6},{""codigo_curso"":""40"",""curso"":""Engenharia Mecânica"",""vagas_regular"":20,""vagas_vestibulando"":0,""vagas"":20,""inscritos_regular"":13,""inscritos_vestibulando"":0,""inscritos"":13},{""codigo_curso"":""27"",""curso"":""Engenharia Química"",""vagas_regular"":11,""vagas_vestibulando"":0,""vagas"":11,""inscritos_regular"":7,""inscritos_vestibulando"":0,""inscritos"":7}]",Quadro de Horários UFF — páginas públicas de listagem e detalhe
2026-2,GET00177,ESTATÍSTICA BÁSICA,H1,/graduacao/quadrodehorarios/turmas/100000459130,,Ter 14:00-16:00; Qui 14:00-16:00,Ter-Qui,CC,False,27;31;37;38;40;42;51;56;97,False,62,16,9,1,0,0,53,15,"[{""codigo_curso"":""37"",""curso"":""Engenharia Civil"",""vagas_regular"":2,""vagas_vestibulando"":0,""vagas"":2,""inscritos_regular"":1,""inscritos_vestibulando"":0,""inscritos"":1},{""codigo_curso"":""31"",""curso"":""Ciência da Computação"",""vagas_regular"":9,""vagas_vestibulando"":0,""vagas"":9,""inscritos_regular"":1,""inscritos_vestibulando"":0,""inscritos"":1},{""codigo_curso"":""51"",""curso"":""Engenharia de Petróleo"",""vagas_regular"":5,""vagas_vestibulando"":0,""vagas"":5,""inscritos_regular"":0,""inscritos_vestibulando"":0,""inscritos"":0},{""codigo_curso"":""42"",""curso"":""Engenharia de Produção"",""vagas_regular"":5,""vagas_vestibulando"":0,""vagas"":5,""inscritos_regular"":3,""inscritos_vestibulando"":0,""inscritos"":3},{""codigo_curso"":""56"",""curso"":""Eng. de Recursos Hídricos e Meio Ambiente"",""vagas_regular"":13,""vagas_vestibulando"":0,""vagas"":13,""inscritos_regular"":4,""inscritos_vestibulando"":0,""inscritos"":4},{""codigo_curso"":""38"",""curso"":""Engenharia Elétrica"",""vagas_regular"":9,""vagas_vestibulando"":0,""vagas"":9,""inscritos_regular"":3,""inscritos_vestibulando"":0,""inscritos"":3},{""codigo_curso"":""40"",""curso"":""Engenharia Mecânica"",""vagas_regular"":5,""vagas_vestibulando"":0,""vagas"":5,""inscritos_regular"":3,""inscritos_vestibulando"":0,""inscritos"":3},{""codigo_curso"":""27"",""curso"":""Engenharia Química"",""vagas_regular"":13,""vagas_vestibulando"":0,""vagas"":13,""inscritos_regular"":1,""inscritos_vestibulando"":0,""inscritos"":1},{""codigo_curso"":""97"",""curso"":""Disciplina Isolada"",""vagas_regular"":1,""vagas_vestibulando"":0,""vagas"":1,""inscritos_regular"":0,""inscritos_vestibulando"":0,""inscritos"":0}]",Quadro de Horários UFF — páginas públicas de listagem e detalhe
2026-2,GET00177,ESTATÍSTICA BÁSICA,J1,/graduacao/quadrodehorarios/turmas/100000459132,,Ter 18:00-20:00; Qui 18:00-20:00,Ter-Qui,CC,False,27;31;37;38;40;41;42,False,37,27,5,0,0,0,32,27,"[{""codigo_curso"":""40"",""curso"":""Engenharia Mecânica"",""vagas_regular"":1,""vagas_vestibulando"":0,""vagas"":1,""inscritos_regular"":1,""inscritos_vestibulando"":0,""inscritos"":1},{""codigo_curso"":""31"",""curso"":""Ciência da Computação"",""vagas_regular"":5,""vagas_vestibulando"":0,""vagas"":5,""inscritos_regular"":0,""inscritos_vestibulando"":0,""inscritos"":0},{""codigo_curso"":""37"",""curso"":""Engenharia Civil"",""vagas_regular"":11,""vagas_vestibulando"":0,""vagas"":11,""inscritos_regular"":9,""inscritos_vestibulando"":0,""inscritos"":9},{""codigo_curso"":""42"",""curso"":""Engenharia de Produção"",""vagas_regular"":3,""vagas_vestibulando"":0,""vagas"":3,""inscritos_regular"":3,""inscritos_vestibulando"":0,""inscritos"":3},{""codigo_curso"":""41"",""curso"":""Engenharia de Telecomunicações"",""vagas_regular"":3,""vagas_vestibulando"":0,""vagas"":3,""inscritos_regular"":2,""inscritos_vestibulando"":0,""inscritos"":2},{""codigo_curso"":""38"",""curso"":""Engenharia Elétrica"",""vagas_regular"":8,""vagas_vestibulando"":0,""vagas"":8,""inscritos_regular"":7,""inscritos_vestibulando"":0,""inscritos"":7},{""codigo_curso"":""27"",""curso"":""Engenharia Química"",""vagas_regular"":5,""vagas_vestibulando"":1,""vagas"":6,""inscritos_regular"":4,""inscritos_vestibulando"":1,""inscritos"":5}]",Quadro de Horários UFF — páginas públicas de listagem e detalhe
2026-2,GET00212,PROBABILIDADE 1,A1,/graduacao/quadrodehorarios/turmas/100000459276,,Seg 11:00-13:00; Qua 11:00-13:00; Sex 11:00-13:00,Seg-Qua-Sex,CC,False,20;31;54,False,60,43,1,1,0,0,59,42,"[{""codigo_curso"":""54"",""curso"":""Estatística"",""vagas_regular"":40,""vagas_vestibulando"":0,""vagas"":40,""inscritos_regular"":34,""inscritos_vestibulando"":0,""inscritos"":34},{""codigo_curso"":""20"",""curso"":""Matemática"",""vagas_regular"":19,""vagas_vestibulando"":0,""vagas"":19,""inscritos_regular"":8,""inscritos_vestibulando"":0,""inscritos"":8},{""codigo_curso"":""31"",""curso"":""Ciência da Computação"",""vagas_regular"":1,""vagas_vestibulando"":0,""vagas"":1,""inscritos_regular"":1,""inscritos_vestibulando"":0,""inscritos"":1}]",Quadro de Horários UFF — páginas públicas de listagem e detalhe
2026-2,GFI00158,FÍSICA I,A3,/graduacao/quadrodehorarios/turmas/100000455639,,Seg 11:00-13:00; Qua 11:00-13:00; Sab 08:00-10:00,Seg-Qua-Sab,CC,False,20;25;27;28;29;31;37;38;40;42;43;50;51;56,False,100,100,9,9,0,0,91,91,"[{""codigo_curso"":""28"",""curso"":""Química"",""vagas_regular"":7,""vagas_vestibulando"":0,""vagas"":7,""inscritos_regular"":7,""inscritos_vestibulando"":0,""inscritos"":7},{""codigo_curso"":""29"",""curso"":""Química Industrial"",""vagas_regular"":8,""vagas_vestibulando"":0,""vagas"":8,""inscritos_regular"":8,""inscritos_vestibulando"":0,""inscritos"":8},{""codigo_curso"":""42"",""curso"":""Engenharia de Produção"",""vagas_regular"":6,""vagas_vestibulando"":0,""vagas"":6,""inscritos_regular"":6,""inscritos_vestibulando"":0,""inscritos"":6},{""codigo_curso"":""20"",""curso"":""Matemática"",""vagas_regular"":6,""vagas_vestibulando"":0,""vagas"":6,""inscritos_regular"":6,""inscritos_vestibulando"":0,""inscritos"":6},{""codigo_curso"":""25"",""curso"":""Física"",""vagas_regular"":8,""vagas_vestibulando"":0,""vagas"":8,""inscritos_regular"":8,""inscritos_vestibulando"":0,""inscritos"":8},{""codigo_curso"":""37"",""curso"":""Engenharia Civil"",""vagas_regular"":8,""vagas_vestibulando"":0,""vagas"":8,""inscritos_regular"":8,""inscritos_vestibulando"":0,""inscritos"":8},{""codigo_curso"":""38"",""curso"":""Engenharia Elétrica"",""vagas_regular"":7,""vagas_vestibulando"":0,""vagas"":7,""inscritos_regular"":7,""inscritos_vestibulando"":0,""inscritos"":7},{""codigo_curso"":""40"",""curso"":""Engenharia Mecânica"",""vagas_regular"":7,""vagas_vestibulando"":0,""vagas"":7,""inscritos_regular"":7,""inscritos_vestibulando"":0,""inscritos"":7},{""codigo_curso"":""50"",""curso"":""Geofísica"",""vagas_regular"":9,""vagas_vestibulando"":0,""vagas"":9,""inscritos_regular"":9,""inscritos_vestibulando"":0,""inscritos"":9},{""codigo_curso"":""51"",""curso"":""Engenharia de Petróleo"",""vagas_regular"":7,""vagas_vestibulando"":0,""vagas"":7,""inscritos_regular"":7,""inscritos_vestibulando"":0,""inscritos"":7},{""codigo_curso"":""56"",""curso"":""Eng. de Recursos Hídricos e Meio Ambiente"",""vagas_regular"":6,""vagas_vestibulando"":0,""vagas"":6,""inscritos_regular"":6,""inscritos_vestibulando"":0,""inscritos"":6},{""codigo_curso"":""43"",""curso"":""Engenharia Agrícola e Ambiental"",""vagas_regular"":7,""vagas_vestibulando"":0,""vagas"":7,""inscritos_regular"":7,""inscritos_vestibulando"":0,""inscritos"":7},{""codigo_curso"":""27"",""curso"":""Engenharia Química"",""vagas_regular"":5,""vagas_vestibulando"":0,""vagas"":5,""inscritos_regular"":5,""inscritos_vestibulando"":0,""inscritos"":5},{""codigo_curso"":""31"",""curso"":""Ciência da Computação"",""vagas_regular"":9,""vagas_vestibulando"":0,""vagas"":9,""inscritos_regular"":9,""inscritos_vestibulando"":0,""inscritos"":9}]",Quadro de Horários UFF — páginas públicas de listagem e detalhe
2026-2,GFI00158,FÍSICA I,A4,/graduacao/quadrodehorarios/turmas/100000455640,,Seg 14:00-16:00; Qua 14:00-16:00; Sab 08:00-10:00,Seg-Qua-Sab,CC,False,20;25;27;28;29;31;37;38;40;41;42;43;50;51;56,False,100,99,9,9,0,0,91,90,"[{""codigo_curso"":""50"",""curso"":""Geofísica"",""vagas_regular"":1,""vagas_vestibulando"":0,""vagas"":1,""inscritos_regular"":1,""inscritos_vestibulando"":0,""inscritos"":1},{""codigo_curso"":""40"",""curso"":""Engenharia Mecânica"",""vagas_regular"":8,""vagas_vestibulando"":0,""vagas"":8,""inscritos_regular"":8,""inscritos_vestibulando"":0,""inscritos"":8},{""codigo_curso"":""28"",""curso"":""Química"",""vagas_regular"":7,""vagas_vestibulando"":0,""vagas"":7,""inscritos_regular"":7,""inscritos_vestibulando"":0,""inscritos"":7},{""codigo_curso"":""29"",""curso"":""Química Industrial"",""vagas_regular"":3,""vagas_vestibulando"":0,""vagas"":3,""inscritos_regular"":3,""inscritos_vestibulando"":0,""inscritos"":3},{""codigo_curso"":""20"",""curso"":""Matemática"",""vagas_regular"":3,""vagas_vestibulando"":0,""vagas"":3,""inscritos_regular"":3,""inscritos_vestibulando"":0,""inscritos"":3},{""codigo_curso"":""25"",""curso"":""Física"",""vagas_regular"":10,""vagas_vestibulando"":0,""vagas"":10,""inscritos_regular"":9,""inscritos_vestibulando"":0,""inscritos"":9},{""codigo_curso"":""27"",""curso"":""Engenharia Química"",""vagas_regular"":8,""vagas_vestibulando"":0,""vagas"":8,""inscritos_regular"":8,""inscritos_vestibulando"":0,""inscritos"":8},{""codigo_curso"":""31"",""curso"":""Ciência da Computação"",""vagas_regular"":9,""vagas_vestibulando"":0,""vagas"":9,""inscritos_regular"":9,""inscritos_vestibulando"":0,""inscritos"":9},{""codigo_curso"":""37"",""curso"":""Engenharia Civil"",""vagas_regular"":12,""vagas_vestibulando"":0,""vagas"":12,""inscritos_regular"":12,""inscritos_vestibulando"":0,""inscritos"":12},{""codigo_curso"":""38"",""curso"":""Engenharia Elétrica"",""vagas_regular"":4,""vagas_vestibulando"":0,""vagas"":4,""inscritos_regular"":4,""inscritos_vestibulando"":0,""inscritos"":4},{""codigo_curso"":""41"",""curso"":""Engenharia de Telecomunicações"",""vagas_regular"":7,""vagas_vestibulando"":0,""vagas"":7,""inscritos_regular"":7,""inscritos_vestibulando"":0,""inscritos"":7},{""codigo_curso"":""43"",""curso"":""Engenharia Agrícola e Ambiental"",""vagas_regular"":6,""vagas_vestibulando"":0,""vagas"":6,""inscritos_regular"":6,""inscritos_vestibulando"":0,""inscritos"":6},{""codigo_curso"":""51"",""curso"":""Engenharia de Petróleo"",""vagas_regular"":15,""vagas_vestibulando"":0,""vagas"":15,""inscritos_regular"":15,""inscritos_vestibulando"":0,""inscritos"":15},{""codigo_curso"":""56"",""curso"":""Eng. de Recursos Hídricos e Meio Ambiente"",""vagas_regular"":5,""vagas_vestibulando"":0,""vagas"":5,""inscritos_regular"":5,""inscritos_vestibulando"":0,""inscritos"":5},{""codigo_curso"":""42"",""curso"":""Engenharia de Produção"",""vagas_regular"":2,""vagas_vestibulando"":0,""vagas"":2,""inscritos_regular"":2,""inscritos_vestibulando"":0,""inscritos"":2}]",Quadro de Horários UFF — páginas públicas de listagem e detalhe
2026-2,GFI00158,FÍSICA I,A5,/graduacao/quadrodehorarios/turmas/100000455673,,Seg 16:00-18:00; Qua 16:00-18:00; Sab 08:00-10:00,Seg-Qua-Sab,CC,False,25;27;29;31;37;38;40;41;42;43;50;51;56,False,100,99,15,15,0,0,85,84,"[{""codigo_curso"":""27"",""curso"":""Engenharia Química"",""vagas_regular"":7,""vagas_vestibulando"":0,""vagas"":7,""inscritos_regular"":7,""inscritos_vestibulando"":0,""inscritos"":7},{""codigo_curso"":""41"",""curso"":""Engenharia de Telecomunicações"",""vagas_regular"":10,""vagas_vestibulando"":0,""vagas"":10,""inscritos_regular"":10,""inscritos_vestibulando"":0,""inscritos"":10},{""codigo_curso"":""25"",""curso"":""Física"",""vagas_regular"":4,""vagas_vestibulando"":0,""vagas"":4,""inscritos_regular"":4,""inscritos_vestibulando"":0,""inscritos"":4},{""codigo_curso"":""29"",""curso"":""Química Industrial"",""vagas_regular"":3,""vagas_vestibulando"":0,""vagas"":3,""inscritos_regular"":3,""inscritos_vestibulando"":0,""inscritos"":3},{""codigo_curso"":""37"",""curso"":""Engenharia Civil"",""vagas_regular"":6,""vagas_vestibulando"":0,""vagas"":6,""inscritos_regular"":6,""inscritos_vestibulando"":0,""inscritos"":6},{""codigo_curso"":""38"",""curso"":""Engenharia Elétrica"",""vagas_regular"":8,""vagas_vestibulando"":0,""vagas"":8,""inscritos_regular"":8,""inscritos_vestibulando"":0,""inscritos"":8},{""codigo_curso"":""40"",""curso"":""Engenharia Mecânica"",""vagas_regular"":2,""vagas_vestibulando"":0,""vagas"":2,""inscritos_regular"":2,""inscritos_vestibulando"":0,""inscritos"":2},{""codigo_curso"":""42"",""curso"":""Engenharia de Produção"",""vagas_regular"":24,""vagas_vestibulando"":0,""vagas"":24,""inscritos_regular"":23,""inscritos_vestibulando"":0,""inscritos"":23},{""codigo_curso"":""43"",""curso"":""Engenharia Agrícola e Ambiental"",""vagas_regular"":6,""vagas_vestibulando"":0,""vagas"":6,""inscritos_regular"":6,""inscritos_vestibulando"":0,""inscritos"":6},{""codigo_curso"":""51"",""curso"":""Engenharia de Petróleo"",""vagas_regular"":3,""vagas_vestibulando"":0,""vagas"":3,""inscritos_regular"":3,""inscritos_vestibulando"":0,""inscritos"":3},{""codigo_curso"":""56"",""curso"":""Eng. de Recursos Hídricos e Meio Ambiente"",""vagas_regular"":10,""vagas_vestibulando"":0,""vagas"":10,""inscritos_regular"":10,""inscritos_vestibulando"":0,""inscritos"":10},{""codigo_curso"":""50"",""curso"":""Geofísica"",""vagas_regular"":2,""vagas_vestibulando"":0,""vagas"":2,""inscritos_regular"":2,""inscritos_vestibulando"":0,""inscritos"":2},{""codigo_curso"":""31"",""curso"":""Ciência da Computação"",""vagas_regular"":15,""vagas_vestibulando"":0,""vagas"":15,""inscritos_regular"":15,""inscritos_vestibulando"":0,""inscritos"":15}]",Quadro de Horários UFF — páginas públicas de listagem e detalhe
2026-2,GFI00158,FÍSICA I,A7,/graduacao/quadrodehorarios/turmas/100000455674,,Seg 20:00-22:00; Qua 20:00-22:00; Sab 08:00-10:00,Seg-Qua-Sab,CC,False,100;20;25;27;28;29;31;37;38;40;41;42;43;50;51;56,False,100,97,3,3,0,0,97,94,"[{""codigo_curso"":""29"",""curso"":""Química Industrial"",""vagas_regular"":6,""vagas_vestibulando"":0,""vagas"":6,""inscritos_regular"":5,""inscritos_vestibulando"":0,""inscritos"":5},{""codigo_curso"":""50"",""curso"":""Geofísica"",""vagas_regular"":4,""vagas_vestibulando"":0,""vagas"":4,""inscritos_regular"":4,""inscritos_vestibulando"":0,""inscritos"":4},{""codigo_curso"":""20"",""curso"":""Matemática"",""vagas_regular"":1,""vagas_vestibulando"":0,""vagas"":1,""inscritos_regular"":1,""inscritos_vestibulando"":0,""inscritos"":1},{""codigo_curso"":""25"",""curso"":""Física"",""vagas_regular"":9,""vagas_vestibulando"":0,""vagas"":9,""inscritos_regular"":9,""inscritos_vestibulando"":0,""inscritos"":9},{""codigo_curso"":""27"",""curso"":""Engenharia Química"",""vagas_regular"":4,""vagas_vestibulando"":0,""vagas"":4,""inscritos_regular"":3,""inscritos_vestibulando"":0,""inscritos"":3},{""codigo_curso"":""28"",""curso"":""Química"",""vagas_regular"":5,""vagas_vestibulando"":0,""vagas"":5,""inscritos_regular"":5,""inscritos_vestibulando"":0,""inscritos"":5},{""codigo_curso"":""31"",""curso"":""Ciência da Computação"",""vagas_regular"":3,""vagas_vestibulando"":0,""vagas"":3,""inscritos_regular"":3,""inscritos_vestibulando"":0,""inscritos"":3},{""codigo_curso"":""37"",""curso"":""Engenharia Civil"",""vagas_regular"":4,""vagas_vestibulando"":0,""vagas"":4,""inscritos_regular"":4,""inscritos_vestibulando"":0,""inscritos"":4},{""codigo_curso"":""38"",""curso"":""Engenharia Elétrica"",""vagas_regular"":8,""vagas_vestibulando"":0,""vagas"":8,""inscritos_regular"":8,""inscritos_vestibulando"":0,""inscritos"":8},{""codigo_curso"":""40"",""curso"":""Engenharia Mecânica"",""vagas_regular"":8,""vagas_vestibulando"":1,""vagas"":9,""inscritos_regular"":7,""inscritos_vestibulando"":1,""inscritos"":8},{""codigo_curso"":""41"",""curso"":""Engenharia de Telecomunicações"",""vagas_regular"":10,""vagas_vestibulando"":0,""vagas"":10,""inscritos_regular"":10,""inscritos_vestibulando"":0,""inscritos"":10},{""codigo_curso"":""42"",""curso"":""Engenharia de Produção"",""vagas_regular"":8,""vagas_vestibulando"":0,""vagas"":8,""inscritos_regular"":8,""inscritos_vestibulando"":0,""inscritos"":8},{""codigo_curso"":""43"",""curso"":""Engenharia Agrícola e Ambiental"",""vagas_regular"":10,""vagas_vestibulando"":0,""vagas"":10,""inscritos_regular"":10,""inscritos_vestibulando"":0,""inscritos"":10},{""codigo_curso"":""51"",""curso"":""Engenharia de Petróleo"",""vagas_regular"":5,""vagas_vestibulando"":0,""vagas"":5,""inscritos_regular"":5,""inscritos_vestibulando"":0,""inscritos"":5},{""codigo_curso"":""56"",""curso"":""Eng. de Recursos Hídricos e Meio Ambiente"",""vagas_regular"":13,""vagas_vestibulando"":0,""vagas"":13,""inscritos_regular"":13,""inscritos_vestibulando"":0,""inscritos"":13},{""codigo_curso"":""100"",""curso"":""Artes"",""vagas_regular"":1,""vagas_vestibulando"":0,""vagas"":1,""inscritos_regular"":1,""inscritos_vestibulando"":0,""inscritos"":1}]",Quadro de Horários UFF — páginas públicas de listagem e detalhe
2026-2,GFI00158,FÍSICA I,B1,/graduacao/quadrodehorarios/turmas/100000455641,,Ter 09:00-11:00; Qui 09:00-11:00; Sab 08:00-10:00,Ter-Qui-Sab,CC,False,25;27;28;29;31;37;38;40;41;42;43;50;51;56,False,82,81,9,9,0,0,73,72,"[{""codigo_curso"":""25"",""curso"":""Física"",""vagas_regular"":1,""vagas_vestibulando"":0,""vagas"":1,""inscritos_regular"":1,""inscritos_vestibulando"":0,""inscritos"":1},{""codigo_curso"":""43"",""curso"":""Engenharia Agrícola e Ambiental"",""vagas_regular"":7,""vagas_vestibulando"":0,""vagas"":7,""inscritos_regular"":7,""inscritos_vestibulando"":0,""inscritos"":7},{""codigo_curso"":""51"",""curso"":""Engenharia de Petróleo"",""vagas_regular"":2,""vagas_vestibulando"":0,""vagas"":2,""inscritos_regular"":2,""inscritos_vestibulando"":0,""inscritos"":2},{""codigo_curso"":""27"",""curso"":""Engenharia Química"",""vagas_regular"":9,""vagas_vestibulando"":0,""vagas"":9,""inscritos_regular"":9,""inscritos_vestibulando"":0,""inscritos"":9},{""codigo_curso"":""28"",""curso"":""Química"",""vagas_regular"":7,""vagas_vestibulando"":0,""vagas"":7,""inscritos_regular"":7,""inscritos_vestibulando"":0,""inscritos"":7},{""codigo_curso"":""29"",""curso"":""Química Industrial"",""vagas_regular"":3,""vagas_vestibulando"":0,""vagas"":3,""inscritos_regular"":3,""inscritos_vestibulando"":0,""inscritos"":3},{""codigo_curso"":""31"",""curso"":""Ciência da Computação"",""vagas_regular"":9,""vagas_vestibulando"":0,""vagas"":9,""inscritos_regular"":9,""inscritos_vestibulando"":0,""inscritos"":9},{""codigo_curso"":""37"",""curso"":""Engenharia Civil"",""vagas_regular"":3,""vagas_vestibulando"":0,""vagas"":3,""inscritos_regular"":3,""inscritos_vestibulando"":0,""inscritos"":3},{""codigo_curso"":""38"",""curso"":""Engenharia Elétrica"",""vagas_regular"":1,""vagas_vestibulando"":0,""vagas"":1,""inscritos_regular"":1,""inscritos_vestibulando"":0,""inscritos"":1},{""codigo_curso"":""40"",""curso"":""Engenharia Mecânica"",""vagas_regular"":16,""vagas_vestibulando"":0,""vagas"":16,""inscritos_regular"":16,""inscritos_vestibulando"":0,""inscritos"":16},{""codigo_curso"":""42"",""curso"":""Engenharia de Produção"",""vagas_regular"":3,""vagas_vestibulando"":0,""vagas"":3,""inscritos_regular"":3,""inscritos_vestibulando"":0,""inscritos"":3},{""codigo_curso"":""50"",""curso"":""Geofísica"",""vagas_regular"":10,""vagas_vestibulando"":0,""vagas"":10,""inscritos_regular"":9,""inscritos_vestibulando"":0,""inscritos"":9},{""codigo_curso"":""56"",""curso"":""Eng. de Recursos Hídricos e Meio Ambiente"",""vagas_regular"":4,""vagas_vestibulando"":0,""vagas"":4,""inscritos_regular"":4,""inscritos_vestibulando"":0,""inscritos"":4},{""codigo_curso"":""41"",""curso"":""Engenharia de Telecomunicações"",""vagas_regular"":7,""vagas_vestibulando"":0,""vagas"":7,""inscritos_regular"":7,""inscritos_vestibulando"":0,""inscritos"":7}]",Quadro de Horários UFF — páginas públicas de listagem e detalhe
2026-2,GFI00158,FÍSICA I,B3,/graduacao/quadrodehorarios/turmas/100000455677,,Ter 11:00-13:00; Qui 11:00-13:00; Sab 08:00-10:00,Ter-Qui-Sab,CC,False,25;27;31;38;40;41;42;43;50;51;56,False,75,74,5,5,0,0,70,69,"[{""codigo_curso"":""41"",""curso"":""Engenharia de Telecomunicações"",""vagas_regular"":12,""vagas_vestibulando"":0,""vagas"":12,""inscritos_regular"":12,""inscritos_vestibulando"":0,""inscritos"":12},{""codigo_curso"":""51"",""curso"":""Engenharia de Petróleo"",""vagas_regular"":12,""vagas_vestibulando"":0,""vagas"":12,""inscritos_regular"":12,""inscritos_vestibulando"":0,""inscritos"":12},{""codigo_curso"":""42"",""curso"":""Engenharia de Produção"",""vagas_regular"":4,""vagas_vestibulando"":0,""vagas"":4,""inscritos_regular"":3,""inscritos_vestibulando"":0,""inscritos"":3},{""codigo_curso"":""56"",""curso"":""Eng. de Recursos Hídricos e Meio Ambiente"",""vagas_regular"":9,""vagas_vestibulando"":0,""vagas"":9,""inscritos_regular"":9,""inscritos_vestibulando"":0,""inscritos"":9},{""codigo_curso"":""40"",""curso"":""Engenharia Mecânica"",""vagas_regular"":6,""vagas_vestibulando"":0,""vagas"":6,""inscritos_regular"":6,""inscritos_vestibulando"":0,""inscritos"":6},{""codigo_curso"":""27"",""curso"":""Engenharia Química"",""vagas_regular"":3,""vagas_vestibulando"":0,""vagas"":3,""inscritos_regular"":3,""inscritos_vestibulando"":0,""inscritos"":3},{""codigo_curso"":""50"",""curso"":""Geofísica"",""vagas_regular"":2,""vagas_vestibulando"":0,""vagas"":2,""inscritos_regular"":2,""inscritos_vestibulando"":0,""inscritos"":2},{""codigo_curso"":""25"",""curso"":""Física"",""vagas_regular"":7,""vagas_vestibulando"":0,""vagas"":7,""inscritos_regular"":7,""inscritos_vestibulando"":0,""inscritos"":7},{""codigo_curso"":""43"",""curso"":""Engenharia Agrícola e Ambiental"",""vagas_regular"":6,""vagas_vestibulando"":0,""vagas"":6,""inscritos_regular"":6,""inscritos_vestibulando"":0,""inscritos"":6},{""codigo_curso"":""38"",""curso"":""Engenharia Elétrica"",""vagas_regular"":9,""vagas_vestibulando"":0,""vagas"":9,""inscritos_regular"":9,""inscritos_vestibulando"":0,""inscritos"":9},{""codigo_curso"":""31"",""curso"":""Ciência da Computação"",""vagas_regular"":5,""vagas_vestibulando"":0,""vagas"":5,""inscritos_regular"":5,""inscritos_vestibulando"":0,""inscritos"":5}]",Quadro de Horários UFF — páginas públicas de listagem e detalhe
2026-2,GFI00158,FÍSICA I,C1,/graduacao/quadrodehorarios/turmas/100000455659,,Qua 09:00-11:00; Sex 09:00-11:00; Sab 08:00-10:00,Qua-Sex-Sab,CC,False,25;27;28;29;31;37;38;40;41;42;43;50;51;56,False,75,71,8,8,0,0,67,63,"[{""codigo_curso"":""51"",""curso"":""Engenharia de Petróleo"",""vagas_regular"":3,""vagas_vestibulando"":0,""vagas"":3,""inscritos_regular"":2,""inscritos_vestibulando"":0,""inscritos"":2},{""codigo_curso"":""56"",""curso"":""Eng. de Recursos Hídricos e Meio Ambiente"",""vagas_regular"":3,""vagas_vestibulando"":0,""vagas"":3,""inscritos_regular"":2,""inscritos_vestibulando"":0,""inscritos"":2},{""codigo_curso"":""43"",""curso"":""Engenharia Agrícola e Ambiental"",""vagas_regular"":6,""vagas_vestibulando"":0,""vagas"":6,""inscritos_regular"":6,""inscritos_vestibulando"":0,""inscritos"":6},{""codigo_curso"":""38"",""curso"":""Engenharia Elétrica"",""vagas_regular"":9,""vagas_vestibulando"":0,""vagas"":9,""inscritos_regular"":9,""inscritos_vestibulando"":0,""inscritos"":9},{""codigo_curso"":""25"",""curso"":""Física"",""vagas_regular"":3,""vagas_vestibulando"":1,""vagas"":4,""inscritos_regular"":3,""inscritos_vestibulando"":0,""inscritos"":3},{""codigo_curso"":""28"",""curso"":""Química"",""vagas_regular"":3,""vagas_vestibulando"":0,""vagas"":3,""inscritos_regular"":2,""inscritos_vestibulando"":0,""inscritos"":2},{""codigo_curso"":""31"",""curso"":""Ciência da Computação"",""vagas_regular"":8,""vagas_vestibulando"":0,""vagas"":8,""inscritos_regular"":8,""inscritos_vestibulando"":0,""inscritos"":8},{""codigo_curso"":""37"",""curso"":""Engenharia Civil"",""vagas_regular"":6,""vagas_vestibulando"":0,""vagas"":6,""inscritos_regular"":6,""inscritos_vestibulando"":0,""inscritos"":6},{""codigo_curso"":""40"",""curso"":""Engenharia Mecânica"",""vagas_regular"":5,""vagas_vestibulando"":0,""vagas"":5,""inscritos_regular"":5,""inscritos_vestibulando"":0,""inscritos"":5},{""codigo_curso"":""41"",""curso"":""Engenharia de Telecomunicações"",""vagas_regular"":19,""vagas_vestibulando"":0,""vagas"":19,""inscritos_regular"":19,""inscritos_vestibulando"":0,""inscritos"":19},{""codigo_curso"":""42"",""curso"":""Engenharia de Produção"",""vagas_regular"":1,""vagas_vestibulando"":1,""vagas"":2,""inscritos_regular"":1,""inscritos_vestibulando"":1,""inscritos"":2},{""codigo_curso"":""50"",""curso"":""Geofísica"",""vagas_regular"":2,""vagas_vestibulando"":0,""vagas"":2,""inscritos_regular"":2,""inscritos_vestibulando"":0,""inscritos"":2},{""codigo_curso"":""27"",""curso"":""Engenharia Química"",""vagas_regular"":4,""vagas_vestibulando"":0,""vagas"":4,""inscritos_regular"":4,""inscritos_vestibulando"":0,""inscritos"":4},{""codigo_curso"":""29"",""curso"":""Química Industrial"",""vagas_regular"":1,""vagas_vestibulando"":0,""vagas"":1,""inscritos_regular"":1,""inscritos_vestibulando"":0,""inscritos"":1}]",Quadro de Horários UFF — páginas públicas de listagem e detalhe
2026-2,GFI00158,FÍSICA I,C3,/graduacao/quadrodehorarios/turmas/100000455648,,Qua 11:00-13:00; Sex 11:00-13:00; Sab 08:00-10:00,Qua-Sex-Sab,CC,False,20;25;27;31;37;38;40;41;42;43;50;51;56,False,98,94,1,1,0,0,97,93,"[{""codigo_curso"":""51"",""curso"":""Engenharia de Petróleo"",""vagas_regular"":1,""vagas_vestibulando"":0,""vagas"":1,""inscritos_regular"":1,""inscritos_vestibulando"":0,""inscritos"":1},{""codigo_curso"":""27"",""curso"":""Engenharia Química"",""vagas_regular"":1,""vagas_vestibulando"":0,""vagas"":1,""inscritos_regular"":0,""inscritos_vestibulando"":0,""inscritos"":0},{""codigo_curso"":""50"",""curso"":""Geofísica"",""vagas_regular"":6,""vagas_vestibulando"":0,""vagas"":6,""inscritos_regular"":5,""inscritos_vestibulando"":0,""inscritos"":5},{""codigo_curso"":""20"",""curso"":""Matemática"",""vagas_regular"":1,""vagas_vestibulando"":0,""vagas"":1,""inscritos_regular"":1,""inscritos_vestibulando"":0,""inscritos"":1},{""codigo_curso"":""42"",""curso"":""Engenharia de Produção"",""vagas_regular"":11,""vagas_vestibulando"":1,""vagas"":12,""inscritos_regular"":10,""inscritos_vestibulando"":1,""inscritos"":11},{""codigo_curso"":""25"",""curso"":""Física"",""vagas_regular"":3,""vagas_vestibulando"":0,""vagas"":3,""inscritos_regular"":3,""inscritos_vestibulando"":0,""inscritos"":3},{""codigo_curso"":""37"",""curso"":""Engenharia Civil"",""vagas_regular"":9,""vagas_vestibulando"":0,""vagas"":9,""inscritos_regular"":9,""inscritos_vestibulando"":0,""inscritos"":9},{""codigo_curso"":""38"",""curso"":""Engenharia Elétrica"",""vagas_regular"":2,""vagas_vestibulando"":0,""vagas"":2,""inscritos_regular"":2,""inscritos_vestibulando"":0,""inscritos"":2},{""codigo_curso"":""40"",""curso"":""Engenharia Mecânica"",""vagas_regular"":33,""vagas_vestibulando"":0,""vagas"":33,""inscritos_regular"":33,""inscritos_vestibulando"":0,""inscritos"":33},{""codigo_curso"":""43"",""curso"":""Engenharia Agrícola e Ambiental"",""vagas_regular"":8,""vagas_vestibulando"":1,""vagas"":9,""inscritos_regular"":7,""inscritos_vestibulando"":1,""inscritos"":8},{""codigo_curso"":""56"",""curso"":""Eng. de Recursos Hídricos e Meio Ambiente"",""vagas_regular"":19,""vagas_vestibulando"":0,""vagas"":19,""inscritos_regular"":19,""inscritos_vestibulando"":0,""inscritos"":19},{""codigo_curso"":""31"",""curso"":""Ciência da Computação"",""vagas_regular"":1,""vagas_vestibulando"":0,""vagas"":1,""inscritos_regular"":1,""inscritos_vestibulando"":0,""inscritos"":1},{""codigo_curso"":""41"",""curso"":""Engenharia de Telecomunicações"",""vagas_regular"":1,""vagas_vestibulando"":0,""vagas"":1,""inscritos_regular"":1,""inscritos_vestibulando"":0,""inscritos"":1}]",Quadro de Horários UFF — páginas públicas de listagem e detalhe
2026-2,GFI00158,FÍSICA I,F4,/graduacao/quadrodehorarios/turmas/100000455662,,Seg 14:00-16:00; Qua 14:00-16:00; Sab 08:00-10:00,Seg-Qua-Sab,CC,False,27;28;29;31;37;38;40;41;42;43;56,False,75,75,19,19,0,0,56,56,"[{""codigo_curso"":""40"",""curso"":""Engenharia Mecânica"",""vagas_regular"":1,""vagas_vestibulando"":0,""vagas"":1,""inscritos_regular"":1,""inscritos_vestibulando"":0,""inscritos"":1},{""codigo_curso"":""43"",""curso"":""Engenharia Agrícola e Ambiental"",""vagas_regular"":3,""vagas_vestibulando"":0,""vagas"":3,""inscritos_regular"":3,""inscritos_vestibulando"":0,""inscritos"":3},{""codigo_curso"":""37"",""curso"":""Engenharia Civil"",""vagas_regular"":11,""vagas_vestibulando"":0,""vagas"":11,""inscritos_regular"":11,""inscritos_vestibulando"":0,""inscritos"":11},{""codigo_curso"":""38"",""curso"":""Engenharia Elétrica"",""vagas_regular"":5,""vagas_vestibulando"":0,""vagas"":5,""inscritos_regular"":5,""inscritos_vestibulando"":0,""inscritos"":5},{""codigo_curso"":""27"",""curso"":""Engenharia Química"",""vagas_regular"":13,""vagas_vestibulando"":0,""vagas"":13,""inscritos_regular"":13,""inscritos_vestibulando"":0,""inscritos"":13},{""codigo_curso"":""56"",""curso"":""Eng. de Recursos Hídricos e Meio Ambiente"",""vagas_regular"":9,""vagas_vestibulando"":0,""vagas"":9,""inscritos_regular"":9,""inscritos_vestibulando"":0,""inscritos"":9},{""codigo_curso"":""31"",""curso"":""Ciência da Computação"",""vagas_regular"":19,""vagas_vestibulando"":0,""vagas"":19,""inscritos_regular"":19,""inscritos_vestibulando"":0,""inscritos"":19},{""codigo_curso"":""28"",""curso"":""Química"",""vagas_regular"":4,""vagas_vestibulando"":0,""vagas"":4,""inscritos_regular"":4,""inscritos_vestibulando"":0,""inscritos"":4},{""codigo_curso"":""29"",""curso"":""Química Industrial"",""vagas_regular"":3,""vagas_vestibulando"":0,""vagas"":3,""inscritos_regular"":3,""inscritos_vestibulando"":0,""inscritos"":3},{""codigo_curso"":""41"",""curso"":""Engenharia de Telecomunicações"",""vagas_regular"":6,""vagas_vestibulando"":0,""vagas"":6,""inscritos_regular"":6,""inscritos_vestibulando"":0,""inscritos"":6},{""codigo_curso"":""42"",""curso"":""Engenharia de Produção"",""vagas_regular"":1,""vagas_vestibulando"":0,""vagas"":1,""inscritos_regular"":1,""inscritos_vestibulando"":0,""inscritos"":1}]",Quadro de Horários UFF — páginas públicas de listagem e detalhe
2026-2,GFI00159,FÍSICA II,A5,/graduacao/quadrodehorarios/turmas/100000455638,,Seg 16:00-18:00; Qua 16:00-18:00; Sab 11:00-13:00,Seg-Qua-Sab,CC,False,25;27;28;31;37;38;40;41;42;43;50;51;56,False,56,48,3,2,0,0,53,46,"[{""codigo_curso"":""25"",""curso"":""Física"",""vagas_regular"":3,""vagas_vestibulando"":0,""vagas"":3,""inscritos_regular"":3,""inscritos_vestibulando"":0,""inscritos"":3},{""codigo_curso"":""27"",""curso"":""Engenharia Química"",""vagas_regular"":7,""vagas_vestibulando"":0,""vagas"":7,""inscritos_regular"":6,""inscritos_vestibulando"":0,""inscritos"":6},{""codigo_curso"":""28"",""curso"":""Química"",""vagas_regular"":3,""vagas_vestibulando"":0,""vagas"":3,""inscritos_regular"":3,""inscritos_vestibulando"":0,""inscritos"":3},{""codigo_curso"":""31"",""curso"":""Ciência da Computação"",""vagas_regular"":3,""vagas_vestibulando"":0,""vagas"":3,""inscritos_regular"":2,""inscritos_vestibulando"":0,""inscritos"":2},{""codigo_curso"":""37"",""curso"":""Engenharia Civil"",""vagas_regular"":5,""vagas_vestibulando"":0,""vagas"":5,""inscritos_regular"":4,""inscritos_vestibulando"":0,""inscritos"":4},{""codigo_curso"":""38"",""curso"":""Engenharia Elétrica"",""vagas_regular"":4,""vagas_vestibulando"":0,""vagas"":4,""inscritos_regular"":4,""inscritos_vestibulando"":0,""inscritos"":4},{""codigo_curso"":""41"",""curso"":""Engenharia de Telecomunicações"",""vagas_regular"":1,""vagas_vestibulando"":0,""vagas"":1,""inscritos_regular"":1,""inscritos_vestibulando"":0,""inscritos"":1},{""codigo_curso"":""42"",""curso"":""Engenharia de Produção"",""vagas_regular"":4,""vagas_vestibulando"":1,""vagas"":5,""inscritos_regular"":3,""inscritos_vestibulando"":0,""inscritos"":3},{""codigo_curso"":""43"",""curso"":""Engenharia Agrícola e Ambiental"",""vagas_regular"":12,""vagas_vestibulando"":0,""vagas"":12,""inscritos_regular"":9,""inscritos_vestibulando"":0,""inscritos"":9},{""codigo_curso"":""51"",""curso"":""Engenharia de Petróleo"",""vagas_regular"":2,""vagas_vestibulando"":0,""vagas"":2,""inscritos_regular"":2,""inscritos_vestibulando"":0,""inscritos"":2},{""codigo_curso"":""56"",""curso"":""Eng. de Recursos Hídricos e Meio Ambiente"",""vagas_regular"":9,""vagas_vestibulando"":0,""vagas"":9,""inscritos_regular"":9,""inscritos_vestibulando"":0,""inscritos"":9},{""codigo_curso"":""40"",""curso"":""Engenharia Mecânica"",""vagas_regular"":1,""vagas_vestibulando"":0,""vagas"":1,""inscritos_regular"":1,""inscritos_vestibulando"":0,""inscritos"":1},{""codigo_curso"":""50"",""curso"":""Geofísica"",""vagas_regular"":1,""vagas_vestibulando"":0,""vagas"":1,""inscritos_regular"":1,""inscritos_vestibulando"":0,""inscritos"":1}]",Quadro de Horários UFF — páginas públicas de listagem e detalhe
2026-2,GFI00159,FÍSICA II,A6,/graduacao/quadrodehorarios/turmas/100000455651,,Seg 18:00-20:00; Qua 18:00-20:00; Sab 11:00-13:00,Seg-Qua-Sab,CC,False,25;27;28;31;37;41;42;43;50;56,False,33,27,1,1,0,0,32,26,"[{""codigo_curso"":""25"",""curso"":""Física"",""vagas_regular"":1,""vagas_vestibulando"":0,""vagas"":1,""inscritos_regular"":1,""inscritos_vestibulando"":0,""inscritos"":1},{""codigo_curso"":""28"",""curso"":""Química"",""vagas_regular"":3,""vagas_vestibulando"":0,""vagas"":3,""inscritos_regular"":3,""inscritos_vestibulando"":0,""inscritos"":3},{""codigo_curso"":""31"",""curso"":""Ciência da Computação"",""vagas_regular"":1,""vagas_vestibulando"":0,""vagas"":1,""inscritos_regular"":1,""inscritos_vestibulando"":0,""inscritos"":1},{""codigo_curso"":""37"",""curso"":""Engenharia Civil"",""vagas_regular"":5,""vagas_vestibulando"":0,""vagas"":5,""inscritos_regular"":5,""inscritos_vestibulando"":0,""inscritos"":5},{""codigo_curso"":""41"",""curso"":""Engenharia de Telecomunicações"",""vagas_regular"":3,""vagas_vestibulando"":0,""vagas"":3,""inscritos_regular"":3,""inscritos_vestibulando"":0,""inscritos"":3},{""codigo_curso"":""42"",""curso"":""Engenharia de Produção"",""vagas_regular"":5,""vagas_vestibulando"":0,""vagas"":5,""inscritos_regular"":4,""inscritos_vestibulando"":0,""inscritos"":4},{""codigo_curso"":""43"",""curso"":""Engenharia Agrícola e Ambiental"",""vagas_regular"":5,""vagas_vestibulando"":0,""vagas"":5,""inscritos_regular"":1,""inscritos_vestibulando"":0,""inscritos"":1},{""codigo_curso"":""50"",""curso"":""Geofísica"",""vagas_regular"":5,""vagas_vestibulando"":0,""vagas"":5,""inscritos_regular"":4,""inscritos_vestibulando"":0,""inscritos"":4},{""codigo_curso"":""56"",""curso"":""Eng. de Recursos Hídricos e Meio Ambiente"",""vagas_regular"":1,""vagas_vestibulando"":0,""vagas"":1,""inscritos_regular"":1,""inscritos_vestibulando"":0,""inscritos"":1},{""codigo_curso"":""27"",""curso"":""Engenharia Química"",""vagas_regular"":4,""vagas_vestibulando"":0,""vagas"":4,""inscritos_regular"":4,""inscritos_vestibulando"":0,""inscritos"":4}]",Quadro de Horários UFF — páginas públicas de listagem e detalhe
2026-2,GFI00161,FÍSICA EXPERIMENTAL I,AG,/graduacao/quadrodehorarios/turmas/100000455702,,Seg 18:00-20:00,Seg,CC,False,25;31;37;40;41;42;43,False,24,23,2,2,0,0,22,21,"[{""codigo_curso"":""25"",""curso"":""Física"",""vagas_regular"":3,""vagas_vestibulando"":0,""vagas"":3,""inscritos_regular"":3,""inscritos_vestibulando"":0,""inscritos"":3},{""codigo_curso"":""41"",""curso"":""Engenharia de Telecomunicações"",""vagas_regular"":6,""vagas_vestibulando"":0,""vagas"":6,""inscritos_regular"":6,""inscritos_vestibulando"":0,""inscritos"":6},{""codigo_curso"":""40"",""curso"":""Engenharia Mecânica"",""vagas_regular"":3,""vagas_vestibulando"":0,""vagas"":3,""inscritos_regular"":3,""inscritos_vestibulando"":0,""inscritos"":3},{""codigo_curso"":""31"",""curso"":""Ciência da Computação"",""vagas_regular"":2,""vagas_vestibulando"":0,""vagas"":2,""inscritos_regular"":2,""inscritos_vestibulando"":0,""inscritos"":2},{""codigo_curso"":""37"",""curso"":""Engenharia Civil"",""vagas_regular"":3,""vagas_vestibulando"":0,""vagas"":3,""inscritos_regular"":2,""inscritos_vestibulando"":0,""inscritos"":2},{""codigo_curso"":""42"",""curso"":""Engenharia de Produção"",""vagas_regular"":5,""vagas_vestibulando"":0,""vagas"":5,""inscritos_regular"":5,""inscritos_vestibulando"":0,""inscritos"":5},{""codigo_curso"":""43"",""curso"":""Engenharia Agrícola e Ambiental"",""vagas_regular"":2,""vagas_vestibulando"":0,""vagas"":2,""inscritos_regular"":2,""inscritos_vestibulando"":0,""inscritos"":2}]",Quadro de Horários UFF — páginas públicas de listagem e detalhe
2026-2,GFI00161,FÍSICA EXPERIMENTAL I,DE,/graduacao/quadrodehorarios/turmas/100000455730,,Qui 14:00-16:00,Qui,CC,False,25;27;31;37;40;41;43;51,False,24,23,6,6,0,0,18,17,"[{""codigo_curso"":""43"",""curso"":""Engenharia Agrícola e Ambiental"",""vagas_regular"":1,""vagas_vestibulando"":0,""vagas"":1,""inscritos_regular"":1,""inscritos_vestibulando"":0,""inscritos"":1},{""codigo_curso"":""40"",""curso"":""Engenharia Mecânica"",""vagas_regular"":2,""vagas_vestibulando"":0,""vagas"":2,""inscritos_regular"":2,""inscritos_vestibulando"":0,""inscritos"":2},{""codigo_curso"":""51"",""curso"":""Engenharia de Petróleo"",""vagas_regular"":2,""vagas_vestibulando"":0,""vagas"":2,""inscritos_regular"":2,""inscritos_vestibulando"":0,""inscritos"":2},{""codigo_curso"":""25"",""curso"":""Física"",""vagas_regular"":4,""vagas_vestibulando"":0,""vagas"":4,""inscritos_regular"":4,""inscritos_vestibulando"":0,""inscritos"":4},{""codigo_curso"":""27"",""curso"":""Engenharia Química"",""vagas_regular"":4,""vagas_vestibulando"":0,""vagas"":4,""inscritos_regular"":4,""inscritos_vestibulando"":0,""inscritos"":4},{""codigo_curso"":""31"",""curso"":""Ciência da Computação"",""vagas_regular"":6,""vagas_vestibulando"":0,""vagas"":6,""inscritos_regular"":6,""inscritos_vestibulando"":0,""inscritos"":6},{""codigo_curso"":""41"",""curso"":""Engenharia de Telecomunicações"",""vagas_regular"":4,""vagas_vestibulando"":0,""vagas"":4,""inscritos_regular"":3,""inscritos_vestibulando"":0,""inscritos"":3},{""codigo_curso"":""37"",""curso"":""Engenharia Civil"",""vagas_regular"":1,""vagas_vestibulando"":0,""vagas"":1,""inscritos_regular"":1,""inscritos_vestibulando"":0,""inscritos"":1}]",Quadro de Horários UFF — páginas públicas de listagem e detalhe
2026-2,GFI00161,FÍSICA EXPERIMENTAL I,DF,/graduacao/quadrodehorarios/turmas/100000455701,,Qui 16:00-18:00,Qui,CC,False,25;31;40;41;42;43,False,24,24,1,1,0,0,23,23,"[{""codigo_curso"":""41"",""curso"":""Engenharia de Telecomunicações"",""vagas_regular"":4,""vagas_vestibulando"":0,""vagas"":4,""inscritos_regular"":4,""inscritos_vestibulando"":0,""inscritos"":4},{""codigo_curso"":""25"",""curso"":""Física"",""vagas_regular"":3,""vagas_vestibulando"":0,""vagas"":3,""inscritos_regular"":3,""inscritos_vestibulando"":0,""inscritos"":3},{""codigo_curso"":""31"",""curso"":""Ciência da Computação"",""vagas_regular"":1,""vagas_vestibulando"":0,""vagas"":1,""inscritos_regular"":1,""inscritos_vestibulando"":0,""inscritos"":1},{""codigo_curso"":""40"",""curso"":""Engenharia Mecânica"",""vagas_regular"":4,""vagas_vestibulando"":0,""vagas"":4,""inscritos_regular"":4,""inscritos_vestibulando"":0,""inscritos"":4},{""codigo_curso"":""42"",""curso"":""Engenharia de Produção"",""vagas_regular"":8,""vagas_vestibulando"":0,""vagas"":8,""inscritos_regular"":8,""inscritos_vestibulando"":0,""inscritos"":8},{""codigo_curso"":""43"",""curso"":""Engenharia Agrícola e Ambiental"",""vagas_regular"":4,""vagas_vestibulando"":0,""vagas"":4,""inscritos_regular"":4,""inscritos_vestibulando"":0,""inscritos"":4}]",Quadro de Horários UFF — páginas públicas de listagem e detalhe
2026-2,GFI00161,FÍSICA EXPERIMENTAL I,HF,/graduacao/quadrodehorarios/turmas/100000455710,,Qua 16:00-18:00,Qua,CC,False,27;31;37;38;43;51;56,False,24,21,3,3,0,0,21,18,"[{""codigo_curso"":""38"",""curso"":""Engenharia Elétrica"",""vagas_regular"":2,""vagas_vestibulando"":0,""vagas"":2,""inscritos_regular"":2,""inscritos_vestibulando"":0,""inscritos"":2},{""codigo_curso"":""56"",""curso"":""Eng. de Recursos Hídricos e Meio Ambiente"",""vagas_regular"":3,""vagas_vestibulando"":0,""vagas"":3,""inscritos_regular"":2,""inscritos_vestibulando"":0,""inscritos"":2},{""codigo_curso"":""37"",""curso"":""Engenharia Civil"",""vagas_regular"":4,""vagas_vestibulando"":0,""vagas"":4,""inscritos_regular"":4,""inscritos_vestibulando"":0,""inscritos"":4},{""codigo_curso"":""27"",""curso"":""Engenharia Química"",""vagas_regular"":2,""vagas_vestibulando"":0,""vagas"":2,""inscritos_regular"":2,""inscritos_vestibulando"":0,""inscritos"":2},{""codigo_curso"":""43"",""curso"":""Engenharia Agrícola e Ambiental"",""vagas_regular"":6,""vagas_vestibulando"":0,""vagas"":6,""inscritos_regular"":4,""inscritos_vestibulando"":0,""inscritos"":4},{""codigo_curso"":""51"",""curso"":""Engenharia de Petróleo"",""vagas_regular"":4,""vagas_vestibulando"":0,""vagas"":4,""inscritos_regular"":4,""inscritos_vestibulando"":0,""inscritos"":4},{""codigo_curso"":""31"",""curso"":""Ciência da Computação"",""vagas_regular"":3,""vagas_vestibulando"":0,""vagas"":3,""inscritos_regular"":3,""inscritos_vestibulando"":0,""inscritos"":3}]",Quadro de Horários UFF — páginas públicas de listagem e detalhe
2026-2,GFI00161,FÍSICA EXPERIMENTAL I,IF,/graduacao/quadrodehorarios/turmas/100000455700,,Qui 16:00-18:00,Qui,CC,False,25;27;31;38;41;42;43;51;56,False,24,24,2,2,0,0,22,22,"[{""codigo_curso"":""51"",""curso"":""Engenharia de Petróleo"",""vagas_regular"":1,""vagas_vestibulando"":0,""vagas"":1,""inscritos_regular"":1,""inscritos_vestibulando"":0,""inscritos"":1},{""codigo_curso"":""43"",""curso"":""Engenharia Agrícola e Ambiental"",""vagas_regular"":1,""vagas_vestibulando"":1,""vagas"":2,""inscritos_regular"":1,""inscritos_vestibulando"":1,""inscritos"":2},{""codigo_curso"":""41"",""curso"":""Engenharia de Telecomunicações"",""vagas_regular"":3,""vagas_vestibulando"":0,""vagas"":3,""inscritos_regular"":3,""inscritos_vestibulando"":0,""inscritos"":3},{""codigo_curso"":""27"",""curso"":""Engenharia Química"",""vagas_regular"":4,""vagas_vestibulando"":0,""vagas"":4,""inscritos_regular"":4,""inscritos_vestibulando"":0,""inscritos"":4},{""codigo_curso"":""38"",""curso"":""Engenharia Elétrica"",""vagas_regular"":1,""vagas_vestibulando"":0,""vagas"":1,""inscritos_regular"":1,""inscritos_vestibulando"":0,""inscritos"":1},{""codigo_curso"":""42"",""curso"":""Engenharia de Produção"",""vagas_regular"":3,""vagas_vestibulando"":0,""vagas"":3,""inscritos_regular"":3,""inscritos_vestibulando"":0,""inscritos"":3},{""codigo_curso"":""56"",""curso"":""Eng. de Recursos Hídricos e Meio Ambiente"",""vagas_regular"":6,""vagas_vestibulando"":0,""vagas"":6,""inscritos_regular"":6,""inscritos_vestibulando"":0,""inscritos"":6},{""codigo_curso"":""25"",""curso"":""Física"",""vagas_regular"":2,""vagas_vestibulando"":0,""vagas"":2,""inscritos_regular"":2,""inscritos_vestibulando"":0,""inscritos"":2},{""codigo_curso"":""31"",""curso"":""Ciência da Computação"",""vagas_regular"":2,""vagas_vestibulando"":0,""vagas"":2,""inscritos_regular"":2,""inscritos_vestibulando"":0,""inscritos"":2}]",Quadro de Horários UFF — páginas públicas de listagem e detalhe
2026-2,GGM00137,FUNDAMENTOS DE CÁLCULO E GEOMETRIA,A9,/graduacao/quadrodehorarios/turmas/100000459533,,Seg 09:00-11:00; Qua 09:00-11:00,Seg-Qua,CC,False,123;27;31;37;38;40;41;42;43;50;51;56,False,62,42,4,3,0,0,58,39,"[{""codigo_curso"":""31"",""curso"":""Ciência da Computação"",""vagas_regular"":4,""vagas_vestibulando"":0,""vagas"":4,""inscritos_regular"":3,""inscritos_vestibulando"":0,""inscritos"":3},{""codigo_curso"":""42"",""curso"":""Engenharia de Produção"",""vagas_regular"":5,""vagas_vestibulando"":0,""vagas"":5,""inscritos_regular"":5,""inscritos_vestibulando"":0,""inscritos"":5},{""codigo_curso"":""56"",""curso"":""Eng. de Recursos Hídricos e Meio Ambiente"",""vagas_regular"":4,""vagas_vestibulando"":0,""vagas"":4,""inscritos_regular"":2,""inscritos_vestibulando"":0,""inscritos"":2},{""codigo_curso"":""50"",""curso"":""Geofísica"",""vagas_regular"":5,""vagas_vestibulando"":0,""vagas"":5,""inscritos_regular"":2,""inscritos_vestibulando"":0,""inscritos"":2},{""codigo_curso"":""43"",""curso"":""Engenharia Agrícola e Ambiental"",""vagas_regular"":10,""vagas_vestibulando"":0,""vagas"":10,""inscritos_regular"":9,""inscritos_vestibulando"":0,""inscritos"":9},{""codigo_curso"":""27"",""curso"":""Engenharia Química"",""vagas_regular"":8,""vagas_vestibulando"":0,""vagas"":8,""inscritos_regular"":3,""inscritos_vestibulando"":0,""inscritos"":3},{""codigo_curso"":""41"",""curso"":""Engenharia de Telecomunicações"",""vagas_regular"":6,""vagas_vestibulando"":0,""vagas"":6,""inscritos_regular"":4,""inscritos_vestibulando"":0,""inscritos"":4},{""codigo_curso"":""38"",""curso"":""Engenharia Elétrica"",""vagas_regular"":3,""vagas_vestibulando"":0,""vagas"":3,""inscritos_regular"":3,""inscritos_vestibulando"":0,""inscritos"":3},{""codigo_curso"":""40"",""curso"":""Engenharia Mecânica"",""vagas_regular"":3,""vagas_vestibulando"":0,""vagas"":3,""inscritos_regular"":2,""inscritos_vestibulando"":0,""inscritos"":2},{""codigo_curso"":""37"",""curso"":""Engenharia Civil"",""vagas_regular"":6,""vagas_vestibulando"":0,""vagas"":6,""inscritos_regular"":5,""inscritos_vestibulando"":0,""inscritos"":5},{""codigo_curso"":""51"",""curso"":""Engenharia de Petróleo"",""vagas_regular"":5,""vagas_vestibulando"":0,""vagas"":5,""inscritos_regular"":4,""inscritos_vestibulando"":0,""inscritos"":4},{""codigo_curso"":""123"",""curso"":""Inteligência Artificial e Ciência de Dados"",""vagas_regular"":3,""vagas_vestibulando"":0,""vagas"":3,""inscritos_regular"":0,""inscritos_vestibulando"":0,""inscritos"":0}]",Quadro de Horários UFF — páginas públicas de listagem e detalhe
2026-2,GGM00137,FUNDAMENTOS DE CÁLCULO E GEOMETRIA,B3,/graduacao/quadrodehorarios/turmas/100000459505,,Seg 11:00-13:00; Qua 11:00-13:00,Seg-Qua,CC,False,31;41;43;50;51;54,False,57,48,5,5,0,0,52,43,"[{""codigo_curso"":""54"",""curso"":""Estatística"",""vagas_regular"":30,""vagas_vestibulando"":0,""vagas"":30,""inscritos_regular"":25,""inscritos_vestibulando"":0,""inscritos"":25},{""codigo_curso"":""41"",""curso"":""Engenharia de Telecomunicações"",""vagas_regular"":6,""vagas_vestibulando"":0,""vagas"":6,""inscritos_regular"":6,""inscritos_vestibulando"":0,""inscritos"":6},{""codigo_curso"":""50"",""curso"":""Geofísica"",""vagas_regular"":1,""vagas_vestibulando"":0,""vagas"":1,""inscritos_regular"":0,""inscritos_vestibulando"":0,""inscritos"":0},{""codigo_curso"":""51"",""curso"":""Engenharia de Petróleo"",""vagas_regular"":3,""vagas_vestibulando"":0,""vagas"":3,""inscritos_regular"":0,""inscritos_vestibulando"":0,""inscritos"":0},{""codigo_curso"":""43"",""curso"":""Engenharia Agrícola e Ambiental"",""vagas_regular"":12,""vagas_vestibulando"":0,""vagas"":12,""inscritos_regular"":12,""inscritos_vestibulando"":0,""inscritos"":12},{""codigo_curso"":""31"",""curso"":""Ciência da Computação"",""vagas_regular"":5,""vagas_vestibulando"":0,""vagas"":5,""inscritos_regular"":5,""inscritos_vestibulando"":0,""inscritos"":5}]",Quadro de Horários UFF — páginas públicas de listagem e detalhe
2026-2,GGM00137,FUNDAMENTOS DE CÁLCULO E GEOMETRIA,B8,/graduacao/quadrodehorarios/turmas/100000459540,,Seg 11:00-13:00; Qua 11:00-13:00,Seg-Qua,CC;SI,True,123;27;31;37;38;40;41;42;43;50;51;56;83,True,73,54,6,5,3,0,64,49,"[{""codigo_curso"":""40"",""curso"":""Engenharia Mecânica"",""vagas_regular"":3,""vagas_vestibulando"":0,""vagas"":3,""inscritos_regular"":1,""inscritos_vestibulando"":0,""inscritos"":1},{""codigo_curso"":""38"",""curso"":""Engenharia Elétrica"",""vagas_regular"":3,""vagas_vestibulando"":0,""vagas"":3,""inscritos_regular"":2,""inscritos_vestibulando"":0,""inscritos"":2},{""codigo_curso"":""31"",""curso"":""Ciência da Computação"",""vagas_regular"":6,""vagas_vestibulando"":0,""vagas"":6,""inscritos_regular"":5,""inscritos_vestibulando"":0,""inscritos"":5},{""codigo_curso"":""41"",""curso"":""Engenharia de Telecomunicações"",""vagas_regular"":10,""vagas_vestibulando"":0,""vagas"":10,""inscritos_regular"":10,""inscritos_vestibulando"":0,""inscritos"":10},{""codigo_curso"":""37"",""curso"":""Engenharia Civil"",""vagas_regular"":3,""vagas_vestibulando"":0,""vagas"":3,""inscritos_regular"":1,""inscritos_vestibulando"":0,""inscritos"":1},{""codigo_curso"":""56"",""curso"":""Eng. de Recursos Hídricos e Meio Ambiente"",""vagas_regular"":5,""vagas_vestibulando"":0,""vagas"":5,""inscritos_regular"":5,""inscritos_vestibulando"":0,""inscritos"":5},{""codigo_curso"":""42"",""curso"":""Engenharia de Produção"",""vagas_regular"":7,""vagas_vestibulando"":0,""vagas"":7,""inscritos_regular"":5,""inscritos_vestibulando"":0,""inscritos"":5},{""codigo_curso"":""43"",""curso"":""Engenharia Agrícola e Ambiental"",""vagas_regular"":9,""vagas_vestibulando"":0,""vagas"":9,""inscritos_regular"":8,""inscritos_vestibulando"":0,""inscritos"":8},{""codigo_curso"":""51"",""curso"":""Engenharia de Petróleo"",""vagas_regular"":6,""vagas_vestibulando"":0,""vagas"":6,""inscritos_regular"":6,""inscritos_vestibulando"":0,""inscritos"":6},{""codigo_curso"":""27"",""curso"":""Engenharia Química"",""vagas_regular"":7,""vagas_vestibulando"":0,""vagas"":7,""inscritos_regular"":0,""inscritos_vestibulando"":0,""inscritos"":0},{""codigo_curso"":""83"",""curso"":""Sistemas de Informação"",""vagas_regular"":3,""vagas_vestibulando"":0,""vagas"":3,""inscritos_regular"":0,""inscritos_vestibulando"":0,""inscritos"":0},{""codigo_curso"":""50"",""curso"":""Geofísica"",""vagas_regular"":8,""vagas_vestibulando"":0,""vagas"":8,""inscritos_regular"":8,""inscritos_vestibulando"":0,""inscritos"":8},{""codigo_curso"":""123"",""curso"":""Inteligência Artificial e Ciência de Dados"",""vagas_regular"":3,""vagas_vestibulando"":0,""vagas"":3,""inscritos_regular"":3,""inscritos_vestibulando"":0,""inscritos"":3}]",Quadro de Horários UFF — páginas públicas de listagem e detalhe
2026-2,GGM00137,FUNDAMENTOS DE CÁLCULO E GEOMETRIA,B9,/graduacao/quadrodehorarios/turmas/100000459532,,Seg 11:00-13:00; Qua 11:00-13:00,Seg-Qua,CC,False,123;27;31;37;38;40;41;42;43;50;51;56,False,57,56,6,5,0,0,51,51,"[{""codigo_curso"":""41"",""curso"":""Engenharia de Telecomunicações"",""vagas_regular"":5,""vagas_vestibulando"":0,""vagas"":5,""inscritos_regular"":5,""inscritos_vestibulando"":0,""inscritos"":5},{""codigo_curso"":""38"",""curso"":""Engenharia Elétrica"",""vagas_regular"":6,""vagas_vestibulando"":0,""vagas"":6,""inscritos_regular"":6,""inscritos_vestibulando"":0,""inscritos"":6},{""codigo_curso"":""56"",""curso"":""Eng. de Recursos Hídricos e Meio Ambiente"",""vagas_regular"":5,""vagas_vestibulando"":0,""vagas"":5,""inscritos_regular"":5,""inscritos_vestibulando"":0,""inscritos"":5},{""codigo_curso"":""42"",""curso"":""Engenharia de Produção"",""vagas_regular"":7,""vagas_vestibulando"":0,""vagas"":7,""inscritos_regular"":7,""inscritos_vestibulando"":0,""inscritos"":7},{""codigo_curso"":""31"",""curso"":""Ciência da Computação"",""vagas_regular"":5,""vagas_vestibulando"":1,""vagas"":6,""inscritos_regular"":5,""inscritos_vestibulando"":0,""inscritos"":5},{""codigo_curso"":""40"",""curso"":""Engenharia Mecânica"",""vagas_regular"":3,""vagas_vestibulando"":0,""vagas"":3,""inscritos_regular"":3,""inscritos_vestibulando"":0,""inscritos"":3},{""codigo_curso"":""37"",""curso"":""Engenharia Civil"",""vagas_regular"":4,""vagas_vestibulando"":0,""vagas"":4,""inscritos_regular"":4,""inscritos_vestibulando"":0,""inscritos"":4},{""codigo_curso"":""43"",""curso"":""Engenharia Agrícola e Ambiental"",""vagas_regular"":5,""vagas_vestibulando"":0,""vagas"":5,""inscritos_regular"":5,""inscritos_vestibulando"":0,""inscritos"":5},{""codigo_curso"":""51"",""curso"":""Engenharia de Petróleo"",""vagas_regular"":5,""vagas_vestibulando"":0,""vagas"":5,""inscritos_regular"":5,""inscritos_vestibulando"":0,""inscritos"":5},{""codigo_curso"":""27"",""curso"":""Engenharia Química"",""vagas_regular"":3,""vagas_vestibulando"":0,""vagas"":3,""inscritos_regular"":3,""inscritos_vestibulando"":0,""inscritos"":3},{""codigo_curso"":""50"",""curso"":""Geofísica"",""vagas_regular"":6,""vagas_vestibulando"":0,""vagas"":6,""inscritos_regular"":6,""inscritos_vestibulando"":0,""inscritos"":6},{""codigo_curso"":""123"",""curso"":""Inteligência Artificial e Ciência de Dados"",""vagas_regular"":2,""vagas_vestibulando"":0,""vagas"":2,""inscritos_regular"":2,""inscritos_vestibulando"":0,""inscritos"":2}]",Quadro de Horários UFF — páginas públicas de listagem e detalhe
2026-2,GGM00137,FUNDAMENTOS DE CÁLCULO E GEOMETRIA,C9,/graduacao/quadrodehorarios/turmas/100000461312,,Seg 14:00-16:00; Qua 14:00-16:00,Seg-Qua,CC;SI,True,123;27;31;37;38;40;41;42;43;50;51;56;83,True,63,46,3,1,3,1,57,44,"[{""codigo_curso"":""50"",""curso"":""Geofísica"",""vagas_regular"":6,""vagas_vestibulando"":0,""vagas"":6,""inscritos_regular"":6,""inscritos_vestibulando"":0,""inscritos"":6},{""codigo_curso"":""40"",""curso"":""Engenharia Mecânica"",""vagas_regular"":4,""vagas_vestibulando"":0,""vagas"":4,""inscritos_regular"":4,""inscritos_vestibulando"":0,""inscritos"":4},{""codigo_curso"":""38"",""curso"":""Engenharia Elétrica"",""vagas_regular"":6,""vagas_vestibulando"":0,""vagas"":6,""inscritos_regular"":5,""inscritos_vestibulando"":0,""inscritos"":5},{""codigo_curso"":""31"",""curso"":""Ciência da Computação"",""vagas_regular"":3,""vagas_vestibulando"":0,""vagas"":3,""inscritos_regular"":1,""inscritos_vestibulando"":0,""inscritos"":1},{""codigo_curso"":""41"",""curso"":""Engenharia de Telecomunicações"",""vagas_regular"":7,""vagas_vestibulando"":0,""vagas"":7,""inscritos_regular"":6,""inscritos_vestibulando"":0,""inscritos"":6},{""codigo_curso"":""37"",""curso"":""Engenharia Civil"",""vagas_regular"":3,""vagas_vestibulando"":0,""vagas"":3,""inscritos_regular"":2,""inscritos_vestibulando"":0,""inscritos"":2},{""codigo_curso"":""56"",""curso"":""Eng. de Recursos Hídricos e Meio Ambiente"",""vagas_regular"":10,""vagas_vestibulando"":0,""vagas"":10,""inscritos_regular"":7,""inscritos_vestibulando"":0,""inscritos"":7},{""codigo_curso"":""42"",""curso"":""Engenharia de Produção"",""vagas_regular"":6,""vagas_vestibulando"":0,""vagas"":6,""inscritos_regular"":3,""inscritos_vestibulando"":0,""inscritos"":3},{""codigo_curso"":""43"",""curso"":""Engenharia Agrícola e Ambiental"",""vagas_regular"":3,""vagas_vestibulando"":0,""vagas"":3,""inscritos_regular"":3,""inscritos_vestibulando"":0,""inscritos"":3},{""codigo_curso"":""51"",""curso"":""Engenharia de Petróleo"",""vagas_regular"":6,""vagas_vestibulando"":0,""vagas"":6,""inscritos_regular"":6,""inscritos_vestibulando"":0,""inscritos"":6},{""codigo_curso"":""27"",""curso"":""Engenharia Química"",""vagas_regular"":3,""vagas_vestibulando"":0,""vagas"":3,""inscritos_regular"":2,""inscritos_vestibulando"":0,""inscritos"":2},{""codigo_curso"":""83"",""curso"":""Sistemas de Informação"",""vagas_regular"":3,""vagas_vestibulando"":0,""vagas"":3,""inscritos_regular"":1,""inscritos_vestibulando"":0,""inscritos"":1},{""codigo_curso"":""123"",""curso"":""Inteligência Artificial e Ciência de Dados"",""vagas_regular"":3,""vagas_vestibulando"":0,""vagas"":3,""inscritos_regular"":0,""inscritos_vestibulando"":0,""inscritos"":0}]",Quadro de Horários UFF — páginas públicas de listagem e detalhe
2026-2,GGM00137,FUNDAMENTOS DE CÁLCULO E GEOMETRIA,D1,/graduacao/quadrodehorarios/turmas/100000459504,,Seg 16:00-18:00; Qua 16:00-18:00,Seg-Qua,SI,False,37;41;83,False,63,53,0,0,5,3,58,50,"[{""codigo_curso"":""37"",""curso"":""Engenharia Civil"",""vagas_regular"":10,""vagas_vestibulando"":45,""vagas"":55,""inscritos_regular"":8,""inscritos_vestibulando"":39,""inscritos"":47},{""codigo_curso"":""83"",""curso"":""Sistemas de Informação"",""vagas_regular"":5,""vagas_vestibulando"":0,""vagas"":5,""inscritos_regular"":3,""inscritos_vestibulando"":0,""inscritos"":3},{""codigo_curso"":""41"",""curso"":""Engenharia de Telecomunicações"",""vagas_regular"":3,""vagas_vestibulando"":0,""vagas"":3,""inscritos_regular"":3,""inscritos_vestibulando"":0,""inscritos"":3}]",Quadro de Horários UFF — páginas públicas de listagem e detalhe
2026-2,GGM00137,FUNDAMENTOS DE CÁLCULO E GEOMETRIA,E9,/graduacao/quadrodehorarios/turmas/100000459526,,Ter 09:00-11:00; Qui 09:00-11:00,Ter-Qui,CC,False,123;27;31;37;38;40;41;42;43;50;51;56,False,51,38,5,5,0,0,46,33,"[{""codigo_curso"":""41"",""curso"":""Engenharia de Telecomunicações"",""vagas_regular"":3,""vagas_vestibulando"":0,""vagas"":3,""inscritos_regular"":2,""inscritos_vestibulando"":0,""inscritos"":2},{""codigo_curso"":""31"",""curso"":""Ciência da Computação"",""vagas_regular"":5,""vagas_vestibulando"":0,""vagas"":5,""inscritos_regular"":5,""inscritos_vestibulando"":0,""inscritos"":5},{""codigo_curso"":""27"",""curso"":""Engenharia Química"",""vagas_regular"":7,""vagas_vestibulando"":0,""vagas"":7,""inscritos_regular"":4,""inscritos_vestibulando"":0,""inscritos"":4},{""codigo_curso"":""37"",""curso"":""Engenharia Civil"",""vagas_regular"":4,""vagas_vestibulando"":0,""vagas"":4,""inscritos_regular"":4,""inscritos_vestibulando"":0,""inscritos"":4},{""codigo_curso"":""50"",""curso"":""Geofísica"",""vagas_regular"":5,""vagas_vestibulando"":0,""vagas"":5,""inscritos_regular"":5,""inscritos_vestibulando"":0,""inscritos"":5},{""codigo_curso"":""43"",""curso"":""Engenharia Agrícola e Ambiental"",""vagas_regular"":5,""vagas_vestibulando"":0,""vagas"":5,""inscritos_regular"":4,""inscritos_vestibulando"":0,""inscritos"":4},{""codigo_curso"":""42"",""curso"":""Engenharia de Produção"",""vagas_regular"":3,""vagas_vestibulando"":0,""vagas"":3,""inscritos_regular"":1,""inscritos_vestibulando"":0,""inscritos"":1},{""codigo_curso"":""40"",""curso"":""Engenharia Mecânica"",""vagas_regular"":3,""vagas_vestibulando"":0,""vagas"":3,""inscritos_regular"":3,""inscritos_vestibulando"":0,""inscritos"":3},{""codigo_curso"":""38"",""curso"":""Engenharia Elétrica"",""vagas_regular"":3,""vagas_vestibulando"":0,""vagas"":3,""inscritos_regular"":2,""inscritos_vestibulando"":0,""inscritos"":2},{""codigo_curso"":""56"",""curso"":""Eng. de Recursos Hídricos e Meio Ambiente"",""vagas_regular"":7,""vagas_vestibulando"":0,""vagas"":7,""inscritos_regular"":6,""inscritos_vestibulando"":0,""inscritos"":6},{""codigo_curso"":""51"",""curso"":""Engenharia de Petróleo"",""vagas_regular"":3,""vagas_vestibulando"":0,""vagas"":3,""inscritos_regular"":1,""inscritos_vestibulando"":0,""inscritos"":1},{""codigo_curso"":""123"",""curso"":""Inteligência Artificial e Ciência de Dados"",""vagas_regular"":3,""vagas_vestibulando"":0,""vagas"":3,""inscritos_regular"":1,""inscritos_vestibulando"":0,""inscritos"":1}]",Quadro de Horários UFF — páginas públicas de listagem e detalhe
2026-2,GGM00137,FUNDAMENTOS DE CÁLCULO E GEOMETRIA,F1,/graduacao/quadrodehorarios/turmas/100000459502,,Ter 11:00-13:00; Qui 11:00-13:00,Ter-Qui,CC,False,31,False,50,48,50,48,0,0,0,0,"[{""codigo_curso"":""31"",""curso"":""Ciência da Computação"",""vagas_regular"":5,""vagas_vestibulando"":45,""vagas"":50,""inscritos_regular"":3,""inscritos_vestibulando"":45,""inscritos"":48}]",Quadro de Horários UFF — páginas públicas de listagem e detalhe
2026-2,GGM00137,FUNDAMENTOS DE CÁLCULO E GEOMETRIA,F9,/graduacao/quadrodehorarios/turmas/100000459534,,Ter 11:00-13:00; Qui 11:00-13:00,Ter-Qui,CC,False,123;26;27;31;37;38;40;41;42;43;50;51;56,False,62,41,9,4,0,0,53,37,"[{""codigo_curso"":""31"",""curso"":""Ciência da Computação"",""vagas_regular"":9,""vagas_vestibulando"":0,""vagas"":9,""inscritos_regular"":4,""inscritos_vestibulando"":0,""inscritos"":4},{""codigo_curso"":""56"",""curso"":""Eng. de Recursos Hídricos e Meio Ambiente"",""vagas_regular"":5,""vagas_vestibulando"":0,""vagas"":5,""inscritos_regular"":4,""inscritos_vestibulando"":0,""inscritos"":4},{""codigo_curso"":""43"",""curso"":""Engenharia Agrícola e Ambiental"",""vagas_regular"":8,""vagas_vestibulando"":0,""vagas"":8,""inscritos_regular"":8,""inscritos_vestibulando"":0,""inscritos"":8},{""codigo_curso"":""42"",""curso"":""Engenharia de Produção"",""vagas_regular"":3,""vagas_vestibulando"":0,""vagas"":3,""inscritos_regular"":1,""inscritos_vestibulando"":0,""inscritos"":1},{""codigo_curso"":""50"",""curso"":""Geofísica"",""vagas_regular"":3,""vagas_vestibulando"":0,""vagas"":3,""inscritos_regular"":2,""inscritos_vestibulando"":0,""inscritos"":2},{""codigo_curso"":""40"",""curso"":""Engenharia Mecânica"",""vagas_regular"":3,""vagas_vestibulando"":0,""vagas"":3,""inscritos_regular"":1,""inscritos_vestibulando"":0,""inscritos"":1},{""codigo_curso"":""38"",""curso"":""Engenharia Elétrica"",""vagas_regular"":5,""vagas_vestibulando"":0,""vagas"":5,""inscritos_regular"":5,""inscritos_vestibulando"":0,""inscritos"":5},{""codigo_curso"":""41"",""curso"":""Engenharia de Telecomunicações"",""vagas_regular"":5,""vagas_vestibulando"":0,""vagas"":5,""inscritos_regular"":5,""inscritos_vestibulando"":0,""inscritos"":5},{""codigo_curso"":""37"",""curso"":""Engenharia Civil"",""vagas_regular"":3,""vagas_vestibulando"":0,""vagas"":3,""inscritos_regular"":3,""inscritos_vestibulando"":0,""inscritos"":3},{""codigo_curso"":""51"",""curso"":""Engenharia de Petróleo"",""vagas_regular"":4,""vagas_vestibulando"":0,""vagas"":4,""inscritos_regular"":4,""inscritos_vestibulando"":0,""inscritos"":4},{""codigo_curso"":""27"",""curso"":""Engenharia Química"",""vagas_regular"":3,""vagas_vestibulando"":0,""vagas"":3,""inscritos_regular"":2,""inscritos_vestibulando"":0,""inscritos"":2},{""codigo_curso"":""26"",""curso"":""Arquitetura e Urbanismo"",""vagas_regular"":1,""vagas_vestibulando"":0,""vagas"":1,""inscritos_regular"":0,""inscritos_vestibulando"":0,""inscritos"":0},{""codigo_curso"":""123"",""curso"":""Inteligência Artificial e Ciência de Dados"",""vagas_regular"":10,""vagas_vestibulando"":0,""vagas"":10,""inscritos_regular"":2,""inscritos_vestibulando"":0,""inscritos"":2}]",Quadro de Horários UFF — páginas públicas de listagem e detalhe
2026-2,GGM00137,FUNDAMENTOS DE CÁLCULO E GEOMETRIA,G9,/graduacao/quadrodehorarios/turmas/100000461324,,Ter 14:00-16:00; Qui 14:00-16:00,Ter-Qui,CC,False,123;27;31;37;38;40;41;42;43;50;51;56,False,41,26,3,2,0,0,38,24,"[{""codigo_curso"":""50"",""curso"":""Geofísica"",""vagas_regular"":5,""vagas_vestibulando"":0,""vagas"":5,""inscritos_regular"":5,""inscritos_vestibulando"":0,""inscritos"":5},{""codigo_curso"":""40"",""curso"":""Engenharia Mecânica"",""vagas_regular"":3,""vagas_vestibulando"":0,""vagas"":3,""inscritos_regular"":3,""inscritos_vestibulando"":0,""inscritos"":3},{""codigo_curso"":""38"",""curso"":""Engenharia Elétrica"",""vagas_regular"":3,""vagas_vestibulando"":0,""vagas"":3,""inscritos_regular"":2,""inscritos_vestibulando"":0,""inscritos"":2},{""codigo_curso"":""31"",""curso"":""Ciência da Computação"",""vagas_regular"":3,""vagas_vestibulando"":0,""vagas"":3,""inscritos_regular"":2,""inscritos_vestibulando"":0,""inscritos"":2},{""codigo_curso"":""41"",""curso"":""Engenharia de Telecomunicações"",""vagas_regular"":3,""vagas_vestibulando"":0,""vagas"":3,""inscritos_regular"":3,""inscritos_vestibulando"":0,""inscritos"":3},{""codigo_curso"":""37"",""curso"":""Engenharia Civil"",""vagas_regular"":3,""vagas_vestibulando"":0,""vagas"":3,""inscritos_regular"":1,""inscritos_vestibulando"":0,""inscritos"":1},{""codigo_curso"":""56"",""curso"":""Eng. de Recursos Hídricos e Meio Ambiente"",""vagas_regular"":3,""vagas_vestibulando"":0,""vagas"":3,""inscritos_regular"":1,""inscritos_vestibulando"":0,""inscritos"":1},{""codigo_curso"":""42"",""curso"":""Engenharia de Produção"",""vagas_regular"":3,""vagas_vestibulando"":0,""vagas"":3,""inscritos_regular"":2,""inscritos_vestibulando"":0,""inscritos"":2},{""codigo_curso"":""43"",""curso"":""Engenharia Agrícola e Ambiental"",""vagas_regular"":3,""vagas_vestibulando"":0,""vagas"":3,""inscritos_regular"":2,""inscritos_vestibulando"":0,""inscritos"":2},{""codigo_curso"":""51"",""curso"":""Engenharia de Petróleo"",""vagas_regular"":6,""vagas_vestibulando"":0,""vagas"":6,""inscritos_regular"":5,""inscritos_vestibulando"":0,""inscritos"":5},{""codigo_curso"":""27"",""curso"":""Engenharia Química"",""vagas_regular"":3,""vagas_vestibulando"":0,""vagas"":3,""inscritos_regular"":0,""inscritos_vestibulando"":0,""inscritos"":0},{""codigo_curso"":""123"",""curso"":""Inteligência Artificial e Ciência de Dados"",""vagas_regular"":3,""vagas_vestibulando"":0,""vagas"":3,""inscritos_regular"":0,""inscritos_vestibulando"":0,""inscritos"":0}]",Quadro de Horários UFF — páginas públicas de listagem e detalhe
2026-2,GGM00137,FUNDAMENTOS DE CÁLCULO E GEOMETRIA,H9,/graduacao/quadrodehorarios/turmas/100000459528,,Ter 16:00-18:00; Qui 16:00-18:00,Ter-Qui,CC;SI,True,123;27;31;37;38;40;41;42;43;50;51;56;83,True,47,22,3,1,3,1,41,20,"[{""codigo_curso"":""31"",""curso"":""Ciência da Computação"",""vagas_regular"":3,""vagas_vestibulando"":0,""vagas"":3,""inscritos_regular"":1,""inscritos_vestibulando"":0,""inscritos"":1},{""codigo_curso"":""37"",""curso"":""Engenharia Civil"",""vagas_regular"":4,""vagas_vestibulando"":0,""vagas"":4,""inscritos_regular"":3,""inscritos_vestibulando"":0,""inscritos"":3},{""codigo_curso"":""41"",""curso"":""Engenharia de Telecomunicações"",""vagas_regular"":7,""vagas_vestibulando"":0,""vagas"":7,""inscritos_regular"":5,""inscritos_vestibulando"":0,""inscritos"":5},{""codigo_curso"":""83"",""curso"":""Sistemas de Informação"",""vagas_regular"":3,""vagas_vestibulando"":0,""vagas"":3,""inscritos_regular"":1,""inscritos_vestibulando"":0,""inscritos"":1},{""codigo_curso"":""56"",""curso"":""Eng. de Recursos Hídricos e Meio Ambiente"",""vagas_regular"":3,""vagas_vestibulando"":0,""vagas"":3,""inscritos_regular"":3,""inscritos_vestibulando"":0,""inscritos"":3},{""codigo_curso"":""42"",""curso"":""Engenharia de Produção"",""vagas_regular"":3,""vagas_vestibulando"":0,""vagas"":3,""inscritos_regular"":2,""inscritos_vestibulando"":0,""inscritos"":2},{""codigo_curso"":""38"",""curso"":""Engenharia Elétrica"",""vagas_regular"":3,""vagas_vestibulando"":0,""vagas"":3,""inscritos_regular"":0,""inscritos_vestibulando"":0,""inscritos"":0},{""codigo_curso"":""50"",""curso"":""Geofísica"",""vagas_regular"":3,""vagas_vestibulando"":0,""vagas"":3,""inscritos_regular"":1,""inscritos_vestibulando"":0,""inscritos"":1},{""codigo_curso"":""43"",""curso"":""Engenharia Agrícola e Ambiental"",""vagas_regular"":6,""vagas_vestibulando"":0,""vagas"":6,""inscritos_regular"":4,""inscritos_vestibulando"":0,""inscritos"":4},{""codigo_curso"":""40"",""curso"":""Engenharia Mecânica"",""vagas_regular"":3,""vagas_vestibulando"":0,""vagas"":3,""inscritos_regular"":0,""inscritos_vestibulando"":0,""inscritos"":0},{""codigo_curso"":""51"",""curso"":""Engenharia de Petróleo"",""vagas_regular"":3,""vagas_vestibulando"":0,""vagas"":3,""inscritos_regular"":1,""inscritos_vestibulando"":0,""inscritos"":1},{""codigo_curso"":""27"",""curso"":""Engenharia Química"",""vagas_regular"":3,""vagas_vestibulando"":0,""vagas"":3,""inscritos_regular"":1,""inscritos_vestibulando"":0,""inscritos"":1},{""codigo_curso"":""123"",""curso"":""Inteligência Artificial e Ciência de Dados"",""vagas_regular"":3,""vagas_vestibulando"":0,""vagas"":3,""inscritos_regular"":0,""inscritos_vestibulando"":0,""inscritos"":0}]",Quadro de Horários UFF — páginas públicas de listagem e detalhe
2026-2,GLC00292,LIBRAS I,I2,/graduacao/quadrodehorarios/turmas/100000453168,,Seg 09:00-11:00,Seg,CC,False,1;10;20;21;31;38;54;56;96,False,41,40,22,22,0,0,19,18,"[{""codigo_curso"":""31"",""curso"":""Ciência da Computação"",""vagas_regular"":22,""vagas_vestibulando"":0,""vagas"":22,""inscritos_regular"":22,""inscritos_vestibulando"":0,""inscritos"":22},{""codigo_curso"":""1"",""curso"":""Biblioteconomia e Documentação"",""vagas_regular"":2,""vagas_vestibulando"":0,""vagas"":2,""inscritos_regular"":1,""inscritos_vestibulando"":0,""inscritos"":1},{""codigo_curso"":""21"",""curso"":""Letras"",""vagas_regular"":5,""vagas_vestibulando"":0,""vagas"":5,""inscritos_regular"":5,""inscritos_vestibulando"":0,""inscritos"":5},{""codigo_curso"":""54"",""curso"":""Estatística"",""vagas_regular"":1,""vagas_vestibulando"":0,""vagas"":1,""inscritos_regular"":1,""inscritos_vestibulando"":0,""inscritos"":1},{""codigo_curso"":""38"",""curso"":""Engenharia Elétrica"",""vagas_regular"":1,""vagas_vestibulando"":0,""vagas"":1,""inscritos_regular"":1,""inscritos_vestibulando"":0,""inscritos"":1},{""codigo_curso"":""56"",""curso"":""Eng. de Recursos Hídricos e Meio Ambiente"",""vagas_regular"":1,""vagas_vestibulando"":0,""vagas"":1,""inscritos_regular"":1,""inscritos_vestibulando"":0,""inscritos"":1},{""codigo_curso"":""96"",""curso"":""Desenho Industrial"",""vagas_regular"":5,""vagas_vestibulando"":0,""vagas"":5,""inscritos_regular"":5,""inscritos_vestibulando"":0,""inscritos"":5},{""codigo_curso"":""10"",""curso"":""Pedagogia"",""vagas_regular"":2,""vagas_vestibulando"":0,""vagas"":2,""inscritos_regular"":2,""inscritos_vestibulando"":0,""inscritos"":2},{""codigo_curso"":""20"",""curso"":""Matemática"",""vagas_regular"":2,""vagas_vestibulando"":0,""vagas"":2,""inscritos_regular"":2,""inscritos_vestibulando"":0,""inscritos"":2}]",Quadro de Horários UFF — páginas públicas de listagem e detalhe
2026-2,GLC00292,LIBRAS I,I4,/graduacao/quadrodehorarios/turmas/100000453170,,Seg 14:00-16:00,Seg,CC;SI,True,1;2;21;24;25;3;31;34;37;40;47;54;57;6;76;83;85,True,46,43,2,2,1,1,43,40,"[{""codigo_curso"":""54"",""curso"":""Estatística"",""vagas_regular"":1,""vagas_vestibulando"":0,""vagas"":1,""inscritos_regular"":1,""inscritos_vestibulando"":0,""inscritos"":1},{""codigo_curso"":""1"",""curso"":""Biblioteconomia e Documentação"",""vagas_regular"":1,""vagas_vestibulando"":0,""vagas"":1,""inscritos_regular"":1,""inscritos_vestibulando"":0,""inscritos"":1},{""codigo_curso"":""40"",""curso"":""Engenharia Mecânica"",""vagas_regular"":12,""vagas_vestibulando"":0,""vagas"":12,""inscritos_regular"":12,""inscritos_vestibulando"":0,""inscritos"":12},{""codigo_curso"":""21"",""curso"":""Letras"",""vagas_regular"":7,""vagas_vestibulando"":0,""vagas"":7,""inscritos_regular"":7,""inscritos_vestibulando"":0,""inscritos"":7},{""codigo_curso"":""83"",""curso"":""Sistemas de Informação"",""vagas_regular"":1,""vagas_vestibulando"":0,""vagas"":1,""inscritos_regular"":1,""inscritos_vestibulando"":0,""inscritos"":1},{""codigo_curso"":""76"",""curso"":""Física(Volta Redonda)"",""vagas_regular"":1,""vagas_vestibulando"":0,""vagas"":1,""inscritos_regular"":1,""inscritos_vestibulando"":0,""inscritos"":1},{""codigo_curso"":""31"",""curso"":""Ciência da Computação"",""vagas_regular"":2,""vagas_vestibulando"":0,""vagas"":2,""inscritos_regular"":2,""inscritos_vestibulando"":0,""inscritos"":2},{""codigo_curso"":""24"",""curso"":""Psicologia"",""vagas_regular"":3,""vagas_vestibulando"":0,""vagas"":3,""inscritos_regular"":3,""inscritos_vestibulando"":0,""inscritos"":3},{""codigo_curso"":""37"",""curso"":""Engenharia Civil"",""vagas_regular"":1,""vagas_vestibulando"":0,""vagas"":1,""inscritos_regular"":1,""inscritos_vestibulando"":0,""inscritos"":1},{""codigo_curso"":""25"",""curso"":""Física"",""vagas_regular"":8,""vagas_vestibulando"":0,""vagas"":8,""inscritos_regular"":7,""inscritos_vestibulando"":0,""inscritos"":7},{""codigo_curso"":""47"",""curso"":""Turismo"",""vagas_regular"":1,""vagas_vestibulando"":0,""vagas"":1,""inscritos_regular"":1,""inscritos_vestibulando"":0,""inscritos"":1},{""codigo_curso"":""57"",""curso"":""Cinema e Audiovisual"",""vagas_regular"":1,""vagas_vestibulando"":0,""vagas"":1,""inscritos_regular"":1,""inscritos_vestibulando"":0,""inscritos"":1},{""codigo_curso"":""2"",""curso"":""História"",""vagas_regular"":1,""vagas_vestibulando"":0,""vagas"":1,""inscritos_regular"":1,""inscritos_vestibulando"":0,""inscritos"":1},{""codigo_curso"":""6"",""curso"":""Serviço Social"",""vagas_regular"":2,""vagas_vestibulando"":0,""vagas"":2,""inscritos_regular"":0,""inscritos_vestibulando"":0,""inscritos"":0},{""codigo_curso"":""34"",""curso"":""Enfermagem"",""vagas_regular"":1,""vagas_vestibulando"":0,""vagas"":1,""inscritos_regular"":1,""inscritos_vestibulando"":0,""inscritos"":1},{""codigo_curso"":""3"",""curso"":""Geografia"",""vagas_regular"":1,""vagas_vestibulando"":0,""vagas"":1,""inscritos_regular"":1,""inscritos_vestibulando"":0,""inscritos"":1},{""codigo_curso"":""85"",""curso"":""Ciências Atuariais"",""vagas_regular"":2,""vagas_vestibulando"":0,""vagas"":2,""inscritos_regular"":2,""inscritos_vestibulando"":0,""inscritos"":2}]",Quadro de Horários UFF — páginas públicas de listagem e detalhe
2026-2,GLC00292,LIBRAS I,I5,/graduacao/quadrodehorarios/turmas/100000453171,,Seg 16:00-18:00,Seg,CC;SI,True,1;102;18;2;20;21;27;28;31;37;40;44;56;57;83;98,True,38,31,2,2,1,1,35,28,"[{""codigo_curso"":""21"",""curso"":""Letras"",""vagas_regular"":7,""vagas_vestibulando"":0,""vagas"":7,""inscritos_regular"":6,""inscritos_vestibulando"":0,""inscritos"":6},{""codigo_curso"":""102"",""curso"":""Segurança Pública"",""vagas_regular"":2,""vagas_vestibulando"":0,""vagas"":2,""inscritos_regular"":2,""inscritos_vestibulando"":0,""inscritos"":2},{""codigo_curso"":""56"",""curso"":""Eng. de Recursos Hídricos e Meio Ambiente"",""vagas_regular"":4,""vagas_vestibulando"":0,""vagas"":4,""inscritos_regular"":4,""inscritos_vestibulando"":0,""inscritos"":4},{""codigo_curso"":""37"",""curso"":""Engenharia Civil"",""vagas_regular"":1,""vagas_vestibulando"":0,""vagas"":1,""inscritos_regular"":1,""inscritos_vestibulando"":0,""inscritos"":1},{""codigo_curso"":""1"",""curso"":""Biblioteconomia e Documentação"",""vagas_regular"":3,""vagas_vestibulando"":0,""vagas"":3,""inscritos_regular"":3,""inscritos_vestibulando"":0,""inscritos"":3},{""codigo_curso"":""44"",""curso"":""Ciências Biológicas"",""vagas_regular"":1,""vagas_vestibulando"":0,""vagas"":1,""inscritos_regular"":1,""inscritos_vestibulando"":0,""inscritos"":1},{""codigo_curso"":""83"",""curso"":""Sistemas de Informação"",""vagas_regular"":1,""vagas_vestibulando"":0,""vagas"":1,""inscritos_regular"":1,""inscritos_vestibulando"":0,""inscritos"":1},{""codigo_curso"":""57"",""curso"":""Cinema e Audiovisual"",""vagas_regular"":1,""vagas_vestibulando"":0,""vagas"":1,""inscritos_regular"":0,""inscritos_vestibulando"":0,""inscritos"":0},{""codigo_curso"":""98"",""curso"":""Sociologia"",""vagas_regular"":2,""vagas_vestibulando"":0,""vagas"":2,""inscritos_regular"":1,""inscritos_vestibulando"":0,""inscritos"":1},{""codigo_curso"":""18"",""curso"":""Medicina Veterinária"",""vagas_regular"":1,""vagas_vestibulando"":0,""vagas"":1,""inscritos_regular"":1,""inscritos_vestibulando"":0,""inscritos"":1},{""codigo_curso"":""31"",""curso"":""Ciência da Computação"",""vagas_regular"":2,""vagas_vestibulando"":0,""vagas"":2,""inscritos_regular"":2,""inscritos_vestibulando"":0,""inscritos"":2},{""codigo_curso"":""28"",""curso"":""Química"",""vagas_regular"":1,""vagas_vestibulando"":0,""vagas"":1,""inscritos_regular"":0,""inscritos_vestibulando"":0,""inscritos"":0},{""codigo_curso"":""2"",""curso"":""História"",""vagas_regular"":3,""vagas_vestibulando"":0,""vagas"":3,""inscritos_regular"":2,""inscritos_vestibulando"":0,""inscritos"":2},{""codigo_curso"":""20"",""curso"":""Matemática"",""vagas_regular"":1,""vagas_vestibulando"":0,""vagas"":1,""inscritos_regular"":1,""inscritos_vestibulando"":0,""inscritos"":1},{""codigo_curso"":""40"",""curso"":""Engenharia Mecânica"",""vagas_regular"":4,""vagas_vestibulando"":0,""vagas"":4,""inscritos_regular"":2,""inscritos_vestibulando"":0,""inscritos"":2},{""codigo_curso"":""27"",""curso"":""Engenharia Química"",""vagas_regular"":4,""vagas_vestibulando"":0,""vagas"":4,""inscritos_regular"":4,""inscritos_vestibulando"":0,""inscritos"":4}]",Quadro de Horários UFF — páginas públicas de listagem e detalhe
2026-2,GLC00292,LIBRAS I,I7,/graduacao/quadrodehorarios/turmas/100000455851,,Ter 16:00-18:00,Ter,CC,False,10;117;2;20;21;31;42;43,False,43,42,7,7,0,0,36,35,"[{""codigo_curso"":""21"",""curso"":""Letras"",""vagas_regular"":9,""vagas_vestibulando"":0,""vagas"":9,""inscritos_regular"":9,""inscritos_vestibulando"":0,""inscritos"":9},{""codigo_curso"":""10"",""curso"":""Pedagogia"",""vagas_regular"":15,""vagas_vestibulando"":0,""vagas"":15,""inscritos_regular"":15,""inscritos_vestibulando"":0,""inscritos"":15},{""codigo_curso"":""20"",""curso"":""Matemática"",""vagas_regular"":6,""vagas_vestibulando"":0,""vagas"":6,""inscritos_regular"":5,""inscritos_vestibulando"":0,""inscritos"":5},{""codigo_curso"":""42"",""curso"":""Engenharia de Produção"",""vagas_regular"":1,""vagas_vestibulando"":0,""vagas"":1,""inscritos_regular"":1,""inscritos_vestibulando"":0,""inscritos"":1},{""codigo_curso"":""117"",""curso"":""Administração Pública"",""vagas_regular"":1,""vagas_vestibulando"":0,""vagas"":1,""inscritos_regular"":1,""inscritos_vestibulando"":0,""inscritos"":1},{""codigo_curso"":""31"",""curso"":""Ciência da Computação"",""vagas_regular"":7,""vagas_vestibulando"":0,""vagas"":7,""inscritos_regular"":7,""inscritos_vestibulando"":0,""inscritos"":7},{""codigo_curso"":""43"",""curso"":""Engenharia Agrícola e Ambiental"",""vagas_regular"":2,""vagas_vestibulando"":0,""vagas"":2,""inscritos_regular"":2,""inscritos_vestibulando"":0,""inscritos"":2},{""codigo_curso"":""2"",""curso"":""História"",""vagas_regular"":2,""vagas_vestibulando"":0,""vagas"":2,""inscritos_regular"":2,""inscritos_vestibulando"":0,""inscritos"":2}]",Quadro de Horários UFF — páginas públicas de listagem e detalhe
2026-2,GLC00292,LIBRAS I,T2,/graduacao/quadrodehorarios/turmas/100000455857,,Qui 09:00-11:00,Qui,CC,False,1;10;2;21;25;29;31;42;57,False,32,29,12,11,0,0,20,18,"[{""codigo_curso"":""21"",""curso"":""Letras"",""vagas_regular"":2,""vagas_vestibulando"":0,""vagas"":2,""inscritos_regular"":1,""inscritos_vestibulando"":0,""inscritos"":1},{""codigo_curso"":""10"",""curso"":""Pedagogia"",""vagas_regular"":6,""vagas_vestibulando"":0,""vagas"":6,""inscritos_regular"":6,""inscritos_vestibulando"":0,""inscritos"":6},{""codigo_curso"":""1"",""curso"":""Biblioteconomia e Documentação"",""vagas_regular"":2,""vagas_vestibulando"":0,""vagas"":2,""inscritos_regular"":2,""inscritos_vestibulando"":0,""inscritos"":2},{""codigo_curso"":""29"",""curso"":""Química Industrial"",""vagas_regular"":1,""vagas_vestibulando"":0,""vagas"":1,""inscritos_regular"":1,""inscritos_vestibulando"":0,""inscritos"":1},{""codigo_curso"":""2"",""curso"":""História"",""vagas_regular"":6,""vagas_vestibulando"":0,""vagas"":6,""inscritos_regular"":5,""inscritos_vestibulando"":0,""inscritos"":5},{""codigo_curso"":""31"",""curso"":""Ciência da Computação"",""vagas_regular"":12,""vagas_vestibulando"":0,""vagas"":12,""inscritos_regular"":11,""inscritos_vestibulando"":0,""inscritos"":11},{""codigo_curso"":""42"",""curso"":""Engenharia de Produção"",""vagas_regular"":1,""vagas_vestibulando"":0,""vagas"":1,""inscritos_regular"":1,""inscritos_vestibulando"":0,""inscritos"":1},{""codigo_curso"":""25"",""curso"":""Física"",""vagas_regular"":1,""vagas_vestibulando"":0,""vagas"":1,""inscritos_regular"":1,""inscritos_vestibulando"":0,""inscritos"":1},{""codigo_curso"":""57"",""curso"":""Cinema e Audiovisual"",""vagas_regular"":1,""vagas_vestibulando"":0,""vagas"":1,""inscritos_regular"":1,""inscritos_vestibulando"":0,""inscritos"":1}]",Quadro de Horários UFF — páginas públicas de listagem e detalhe
2026-2,GLC00292,LIBRAS I,T9,/graduacao/quadrodehorarios/turmas/100000455864,,Sex 16:00-18:00,Sex,CC,False,1;10;100;117;20;21;23;31;44,False,41,39,12,11,0,0,29,28,"[{""codigo_curso"":""44"",""curso"":""Ciências Biológicas"",""vagas_regular"":12,""vagas_vestibulando"":0,""vagas"":12,""inscritos_regular"":12,""inscritos_vestibulando"":0,""inscritos"":12},{""codigo_curso"":""117"",""curso"":""Administração Pública"",""vagas_regular"":2,""vagas_vestibulando"":0,""vagas"":2,""inscritos_regular"":1,""inscritos_vestibulando"":0,""inscritos"":1},{""codigo_curso"":""31"",""curso"":""Ciência da Computação"",""vagas_regular"":12,""vagas_vestibulando"":0,""vagas"":12,""inscritos_regular"":11,""inscritos_vestibulando"":0,""inscritos"":11},{""codigo_curso"":""23"",""curso"":""Administração"",""vagas_regular"":2,""vagas_vestibulando"":0,""vagas"":2,""inscritos_regular"":2,""inscritos_vestibulando"":0,""inscritos"":2},{""codigo_curso"":""21"",""curso"":""Letras"",""vagas_regular"":7,""vagas_vestibulando"":0,""vagas"":7,""inscritos_regular"":7,""inscritos_vestibulando"":0,""inscritos"":7},{""codigo_curso"":""10"",""curso"":""Pedagogia"",""vagas_regular"":3,""vagas_vestibulando"":0,""vagas"":3,""inscritos_regular"":3,""inscritos_vestibulando"":0,""inscritos"":3},{""codigo_curso"":""100"",""curso"":""Artes"",""vagas_regular"":1,""vagas_vestibulando"":0,""vagas"":1,""inscritos_regular"":1,""inscritos_vestibulando"":0,""inscritos"":1},{""codigo_curso"":""1"",""curso"":""Biblioteconomia e Documentação"",""vagas_regular"":1,""vagas_vestibulando"":0,""vagas"":1,""inscritos_regular"":1,""inscritos_vestibulando"":0,""inscritos"":1},{""codigo_curso"":""20"",""curso"":""Matemática"",""vagas_regular"":1,""vagas_vestibulando"":0,""vagas"":1,""inscritos_regular"":1,""inscritos_vestibulando"":0,""inscritos"":1}]",Quadro de Horários UFF — páginas públicas de listagem e detalhe
2026-2,GMA00154,CÁLCULO 1,A1,/graduacao/quadrodehorarios/turmas/100000460998,,Seg 07:00-09:00; Qua 07:00-09:00,Seg-Qua,CC,False,31;37;41;43;51;54;56,False,25,25,4,4,0,0,21,21,"[{""codigo_curso"":""43"",""curso"":""Engenharia Agrícola e Ambiental"",""vagas_regular"":2,""vagas_vestibulando"":0,""vagas"":2,""inscritos_regular"":2,""inscritos_vestibulando"":0,""inscritos"":2},{""codigo_curso"":""37"",""curso"":""Engenharia Civil"",""vagas_regular"":1,""vagas_vestibulando"":0,""vagas"":1,""inscritos_regular"":1,""inscritos_vestibulando"":0,""inscritos"":1},{""codigo_curso"":""31"",""curso"":""Ciência da Computação"",""vagas_regular"":4,""vagas_vestibulando"":0,""vagas"":4,""inscritos_regular"":4,""inscritos_vestibulando"":0,""inscritos"":4},{""codigo_curso"":""54"",""curso"":""Estatística"",""vagas_regular"":8,""vagas_vestibulando"":0,""vagas"":8,""inscritos_regular"":8,""inscritos_vestibulando"":0,""inscritos"":8},{""codigo_curso"":""51"",""curso"":""Engenharia de Petróleo"",""vagas_regular"":1,""vagas_vestibulando"":0,""vagas"":1,""inscritos_regular"":1,""inscritos_vestibulando"":0,""inscritos"":1},{""codigo_curso"":""56"",""curso"":""Eng. de Recursos Hídricos e Meio Ambiente"",""vagas_regular"":4,""vagas_vestibulando"":0,""vagas"":4,""inscritos_regular"":4,""inscritos_vestibulando"":0,""inscritos"":4},{""codigo_curso"":""41"",""curso"":""Engenharia de Telecomunicações"",""vagas_regular"":5,""vagas_vestibulando"":0,""vagas"":5,""inscritos_regular"":5,""inscritos_vestibulando"":0,""inscritos"":5}]",Quadro de Horários UFF — páginas públicas de listagem e detalhe
2026-2,GMA00154,CÁLCULO 1,B3,/graduacao/quadrodehorarios/turmas/100000461039,,Seg 09:00-11:00; Qua 09:00-11:00,Seg-Qua,CC,False,27;31;37;38;43;50;51;56,False,39,33,4,2,0,0,35,31,"[{""codigo_curso"":""50"",""curso"":""Geofísica"",""vagas_regular"":1,""vagas_vestibulando"":0,""vagas"":1,""inscritos_regular"":1,""inscritos_vestibulando"":0,""inscritos"":1},{""codigo_curso"":""37"",""curso"":""Engenharia Civil"",""vagas_regular"":2,""vagas_vestibulando"":0,""vagas"":2,""inscritos_regular"":2,""inscritos_vestibulando"":0,""inscritos"":2},{""codigo_curso"":""56"",""curso"":""Eng. de Recursos Hídricos e Meio Ambiente"",""vagas_regular"":0,""vagas_vestibulando"":1,""vagas"":1,""inscritos_regular"":0,""inscritos_vestibulando"":0,""inscritos"":0},{""codigo_curso"":""43"",""curso"":""Engenharia Agrícola e Ambiental"",""vagas_regular"":7,""vagas_vestibulando"":0,""vagas"":7,""inscritos_regular"":7,""inscritos_vestibulando"":0,""inscritos"":7},{""codigo_curso"":""38"",""curso"":""Engenharia Elétrica"",""vagas_regular"":9,""vagas_vestibulando"":0,""vagas"":9,""inscritos_regular"":9,""inscritos_vestibulando"":0,""inscritos"":9},{""codigo_curso"":""51"",""curso"":""Engenharia de Petróleo"",""vagas_regular"":10,""vagas_vestibulando"":0,""vagas"":10,""inscritos_regular"":8,""inscritos_vestibulando"":0,""inscritos"":8},{""codigo_curso"":""27"",""curso"":""Engenharia Química"",""vagas_regular"":5,""vagas_vestibulando"":0,""vagas"":5,""inscritos_regular"":4,""inscritos_vestibulando"":0,""inscritos"":4},{""codigo_curso"":""31"",""curso"":""Ciência da Computação"",""vagas_regular"":4,""vagas_vestibulando"":0,""vagas"":4,""inscritos_regular"":2,""inscritos_vestibulando"":0,""inscritos"":2}]",Quadro de Horários UFF — páginas públicas de listagem e detalhe
2026-2,GMA00154,CÁLCULO 1,C1,/graduacao/quadrodehorarios/turmas/100000461040,,Seg 11:00-13:00; Qua 11:00-13:00,Seg-Qua,CC,False,25;31;41,False,44,40,36,35,0,0,8,5,"[{""codigo_curso"":""31"",""curso"":""Ciência da Computação"",""vagas_regular"":36,""vagas_vestibulando"":0,""vagas"":36,""inscritos_regular"":35,""inscritos_vestibulando"":0,""inscritos"":35},{""codigo_curso"":""25"",""curso"":""Física"",""vagas_regular"":2,""vagas_vestibulando"":1,""vagas"":3,""inscritos_regular"":2,""inscritos_vestibulando"":1,""inscritos"":3},{""codigo_curso"":""41"",""curso"":""Engenharia de Telecomunicações"",""vagas_regular"":5,""vagas_vestibulando"":0,""vagas"":5,""inscritos_regular"":2,""inscritos_vestibulando"":0,""inscritos"":2}]",Quadro de Horários UFF — páginas públicas de listagem e detalhe
2026-2,GMA00154,CÁLCULO 1,D1,/graduacao/quadrodehorarios/turmas/100000461048,,Seg 14:00-16:00; Qua 14:00-16:00,Seg-Qua,CC,False,25;28;31;37;41;42;43;51;54;56,False,47,44,5,5,0,0,42,39,"[{""codigo_curso"":""42"",""curso"":""Engenharia de Produção"",""vagas_regular"":1,""vagas_vestibulando"":0,""vagas"":1,""inscritos_regular"":1,""inscritos_vestibulando"":0,""inscritos"":1},{""codigo_curso"":""37"",""curso"":""Engenharia Civil"",""vagas_regular"":2,""vagas_vestibulando"":0,""vagas"":2,""inscritos_regular"":2,""inscritos_vestibulando"":0,""inscritos"":2},{""codigo_curso"":""31"",""curso"":""Ciência da Computação"",""vagas_regular"":5,""vagas_vestibulando"":0,""vagas"":5,""inscritos_regular"":5,""inscritos_vestibulando"":0,""inscritos"":5},{""codigo_curso"":""54"",""curso"":""Estatística"",""vagas_regular"":7,""vagas_vestibulando"":0,""vagas"":7,""inscritos_regular"":6,""inscritos_vestibulando"":0,""inscritos"":6},{""codigo_curso"":""25"",""curso"":""Física"",""vagas_regular"":13,""vagas_vestibulando"":0,""vagas"":13,""inscritos_regular"":13,""inscritos_vestibulando"":0,""inscritos"":13},{""codigo_curso"":""56"",""curso"":""Eng. de Recursos Hídricos e Meio Ambiente"",""vagas_regular"":6,""vagas_vestibulando"":0,""vagas"":6,""inscritos_regular"":5,""inscritos_vestibulando"":0,""inscritos"":5},{""codigo_curso"":""43"",""curso"":""Engenharia Agrícola e Ambiental"",""vagas_regular"":3,""vagas_vestibulando"":0,""vagas"":3,""inscritos_regular"":2,""inscritos_vestibulando"":0,""inscritos"":2},{""codigo_curso"":""28"",""curso"":""Química"",""vagas_regular"":3,""vagas_vestibulando"":0,""vagas"":3,""inscritos_regular"":3,""inscritos_vestibulando"":0,""inscritos"":3},{""codigo_curso"":""41"",""curso"":""Engenharia de Telecomunicações"",""vagas_regular"":2,""vagas_vestibulando"":0,""vagas"":2,""inscritos_regular"":2,""inscritos_vestibulando"":0,""inscritos"":2},{""codigo_curso"":""51"",""curso"":""Engenharia de Petróleo"",""vagas_regular"":5,""vagas_vestibulando"":0,""vagas"":5,""inscritos_regular"":5,""inscritos_vestibulando"":0,""inscritos"":5}]",Quadro de Horários UFF — páginas públicas de listagem e detalhe
2026-2,GMA00154,CÁLCULO 1,E2,/graduacao/quadrodehorarios/turmas/100000461051,,Seg 16:00-18:00; Qua 16:00-18:00,Seg-Qua,CC,False,20;25;27;28;31;37;38;41;42;52;54;56;83,True,41,24,4,4,6,0,31,20,"[{""codigo_curso"":""42"",""curso"":""Engenharia de Produção"",""vagas_regular"":1,""vagas_vestibulando"":0,""vagas"":1,""inscritos_regular"":0,""inscritos_vestibulando"":0,""inscritos"":0},{""codigo_curso"":""28"",""curso"":""Química"",""vagas_regular"":2,""vagas_vestibulando"":0,""vagas"":2,""inscritos_regular"":2,""inscritos_vestibulando"":0,""inscritos"":2},{""codigo_curso"":""41"",""curso"":""Engenharia de Telecomunicações"",""vagas_regular"":3,""vagas_vestibulando"":0,""vagas"":3,""inscritos_regular"":2,""inscritos_vestibulando"":0,""inscritos"":2},{""codigo_curso"":""38"",""curso"":""Engenharia Elétrica"",""vagas_regular"":1,""vagas_vestibulando"":0,""vagas"":1,""inscritos_regular"":0,""inscritos_vestibulando"":0,""inscritos"":0},{""codigo_curso"":""27"",""curso"":""Engenharia Química"",""vagas_regular"":3,""vagas_vestibulando"":0,""vagas"":3,""inscritos_regular"":0,""inscritos_vestibulando"":0,""inscritos"":0},{""codigo_curso"":""37"",""curso"":""Engenharia Civil"",""vagas_regular"":5,""vagas_vestibulando"":0,""vagas"":5,""inscritos_regular"":2,""inscritos_vestibulando"":0,""inscritos"":2},{""codigo_curso"":""31"",""curso"":""Ciência da Computação"",""vagas_regular"":4,""vagas_vestibulando"":0,""vagas"":4,""inscritos_regular"":4,""inscritos_vestibulando"":0,""inscritos"":4},{""codigo_curso"":""54"",""curso"":""Estatística"",""vagas_regular"":5,""vagas_vestibulando"":0,""vagas"":5,""inscritos_regular"":4,""inscritos_vestibulando"":0,""inscritos"":4},{""codigo_curso"":""25"",""curso"":""Física"",""vagas_regular"":5,""vagas_vestibulando"":0,""vagas"":5,""inscritos_regular"":5,""inscritos_vestibulando"":0,""inscritos"":5},{""codigo_curso"":""56"",""curso"":""Eng. de Recursos Hídricos e Meio Ambiente"",""vagas_regular"":4,""vagas_vestibulando"":0,""vagas"":4,""inscritos_regular"":3,""inscritos_vestibulando"":0,""inscritos"":3},{""codigo_curso"":""20"",""curso"":""Matemática"",""vagas_regular"":1,""vagas_vestibulando"":0,""vagas"":1,""inscritos_regular"":1,""inscritos_vestibulando"":0,""inscritos"":1},{""codigo_curso"":""83"",""curso"":""Sistemas de Informação"",""vagas_regular"":5,""vagas_vestibulando"":1,""vagas"":6,""inscritos_regular"":0,""inscritos_vestibulando"":0,""inscritos"":0},{""codigo_curso"":""52"",""curso"":""Engenharia de Agronegócios(Volta Redonda)"",""vagas_regular"":1,""vagas_vestibulando"":0,""vagas"":1,""inscritos_regular"":1,""inscritos_vestibulando"":0,""inscritos"":1}]",Quadro de Horários UFF — páginas públicas de listagem e detalhe
2026-2,GMA00154,CÁLCULO 1,F1,/graduacao/quadrodehorarios/turmas/100000461052,,Seg 18:00-20:00; Qua 18:00-20:00,Seg-Qua,CC,False,25;31;37;38;40;43;51;56,False,53,51,6,5,0,0,47,46,"[{""codigo_curso"":""43"",""curso"":""Engenharia Agrícola e Ambiental"",""vagas_regular"":15,""vagas_vestibulando"":0,""vagas"":15,""inscritos_regular"":15,""inscritos_vestibulando"":0,""inscritos"":15},{""codigo_curso"":""37"",""curso"":""Engenharia Civil"",""vagas_regular"":7,""vagas_vestibulando"":0,""vagas"":7,""inscritos_regular"":7,""inscritos_vestibulando"":0,""inscritos"":7},{""codigo_curso"":""31"",""curso"":""Ciência da Computação"",""vagas_regular"":6,""vagas_vestibulando"":0,""vagas"":6,""inscritos_regular"":5,""inscritos_vestibulando"":0,""inscritos"":5},{""codigo_curso"":""38"",""curso"":""Engenharia Elétrica"",""vagas_regular"":7,""vagas_vestibulando"":0,""vagas"":7,""inscritos_regular"":7,""inscritos_vestibulando"":0,""inscritos"":7},{""codigo_curso"":""25"",""curso"":""Física"",""vagas_regular"":5,""vagas_vestibulando"":0,""vagas"":5,""inscritos_regular"":4,""inscritos_vestibulando"":0,""inscritos"":4},{""codigo_curso"":""40"",""curso"":""Engenharia Mecânica"",""vagas_regular"":4,""vagas_vestibulando"":0,""vagas"":4,""inscritos_regular"":4,""inscritos_vestibulando"":0,""inscritos"":4},{""codigo_curso"":""51"",""curso"":""Engenharia de Petróleo"",""vagas_regular"":4,""vagas_vestibulando"":0,""vagas"":4,""inscritos_regular"":4,""inscritos_vestibulando"":0,""inscritos"":4},{""codigo_curso"":""56"",""curso"":""Eng. de Recursos Hídricos e Meio Ambiente"",""vagas_regular"":5,""vagas_vestibulando"":0,""vagas"":5,""inscritos_regular"":5,""inscritos_vestibulando"":0,""inscritos"":5}]",Quadro de Horários UFF — páginas públicas de listagem e detalhe
2026-2,GMA00154,CÁLCULO 1,F9,/graduacao/quadrodehorarios/turmas/100000461055,,Seg 18:00-20:00; Qua 18:00-20:00,Seg-Qua,CC,False,20;25;27;28;29;31;37;41;42;54;56,False,53,46,4,4,0,0,49,42,"[{""codigo_curso"":""54"",""curso"":""Estatística"",""vagas_regular"":4,""vagas_vestibulando"":0,""vagas"":4,""inscritos_regular"":4,""inscritos_vestibulando"":0,""inscritos"":4},{""codigo_curso"":""20"",""curso"":""Matemática"",""vagas_regular"":2,""vagas_vestibulando"":0,""vagas"":2,""inscritos_regular"":2,""inscritos_vestibulando"":0,""inscritos"":2},{""codigo_curso"":""28"",""curso"":""Química"",""vagas_regular"":8,""vagas_vestibulando"":0,""vagas"":8,""inscritos_regular"":7,""inscritos_vestibulando"":0,""inscritos"":7},{""codigo_curso"":""27"",""curso"":""Engenharia Química"",""vagas_regular"":11,""vagas_vestibulando"":0,""vagas"":11,""inscritos_regular"":11,""inscritos_vestibulando"":0,""inscritos"":11},{""codigo_curso"":""29"",""curso"":""Química Industrial"",""vagas_regular"":4,""vagas_vestibulando"":0,""vagas"":4,""inscritos_regular"":3,""inscritos_vestibulando"":0,""inscritos"":3},{""codigo_curso"":""42"",""curso"":""Engenharia de Produção"",""vagas_regular"":5,""vagas_vestibulando"":0,""vagas"":5,""inscritos_regular"":2,""inscritos_vestibulando"":0,""inscritos"":2},{""codigo_curso"":""41"",""curso"":""Engenharia de Telecomunicações"",""vagas_regular"":5,""vagas_vestibulando"":0,""vagas"":5,""inscritos_regular"":5,""inscritos_vestibulando"":0,""inscritos"":5},{""codigo_curso"":""25"",""curso"":""Física"",""vagas_regular"":5,""vagas_vestibulando"":0,""vagas"":5,""inscritos_regular"":3,""inscritos_vestibulando"":0,""inscritos"":3},{""codigo_curso"":""31"",""curso"":""Ciência da Computação"",""vagas_regular"":4,""vagas_vestibulando"":0,""vagas"":4,""inscritos_regular"":4,""inscritos_vestibulando"":0,""inscritos"":4},{""codigo_curso"":""37"",""curso"":""Engenharia Civil"",""vagas_regular"":2,""vagas_vestibulando"":0,""vagas"":2,""inscritos_regular"":2,""inscritos_vestibulando"":0,""inscritos"":2},{""codigo_curso"":""56"",""curso"":""Eng. de Recursos Hídricos e Meio Ambiente"",""vagas_regular"":3,""vagas_vestibulando"":0,""vagas"":3,""inscritos_regular"":3,""inscritos_vestibulando"":0,""inscritos"":3}]",Quadro de Horários UFF — páginas públicas de listagem e detalhe
2026-2,GMA00154,CÁLCULO 1,G1,/graduacao/quadrodehorarios/turmas/100000461057,,Seg 20:00-22:00; Qua 20:00-22:00,Seg-Qua,CC,False,25;27;28;29;31;37;38;40;41;42;43;51;56,False,54,52,3,2,0,0,51,50,"[{""codigo_curso"":""43"",""curso"":""Engenharia Agrícola e Ambiental"",""vagas_regular"":5,""vagas_vestibulando"":0,""vagas"":5,""inscritos_regular"":5,""inscritos_vestibulando"":0,""inscritos"":5},{""codigo_curso"":""37"",""curso"":""Engenharia Civil"",""vagas_regular"":4,""vagas_vestibulando"":0,""vagas"":4,""inscritos_regular"":4,""inscritos_vestibulando"":0,""inscritos"":4},{""codigo_curso"":""31"",""curso"":""Ciência da Computação"",""vagas_regular"":3,""vagas_vestibulando"":0,""vagas"":3,""inscritos_regular"":2,""inscritos_vestibulando"":0,""inscritos"":2},{""codigo_curso"":""38"",""curso"":""Engenharia Elétrica"",""vagas_regular"":4,""vagas_vestibulando"":0,""vagas"":4,""inscritos_regular"":4,""inscritos_vestibulando"":0,""inscritos"":4},{""codigo_curso"":""25"",""curso"":""Física"",""vagas_regular"":7,""vagas_vestibulando"":0,""vagas"":7,""inscritos_regular"":7,""inscritos_vestibulando"":0,""inscritos"":7},{""codigo_curso"":""40"",""curso"":""Engenharia Mecânica"",""vagas_regular"":3,""vagas_vestibulando"":0,""vagas"":3,""inscritos_regular"":3,""inscritos_vestibulando"":0,""inscritos"":3},{""codigo_curso"":""51"",""curso"":""Engenharia de Petróleo"",""vagas_regular"":1,""vagas_vestibulando"":0,""vagas"":1,""inscritos_regular"":1,""inscritos_vestibulando"":0,""inscritos"":1},{""codigo_curso"":""42"",""curso"":""Engenharia de Produção"",""vagas_regular"":4,""vagas_vestibulando"":0,""vagas"":4,""inscritos_regular"":4,""inscritos_vestibulando"":0,""inscritos"":4},{""codigo_curso"":""28"",""curso"":""Química"",""vagas_regular"":8,""vagas_vestibulando"":0,""vagas"":8,""inscritos_regular"":8,""inscritos_vestibulando"":0,""inscritos"":8},{""codigo_curso"":""27"",""curso"":""Engenharia Química"",""vagas_regular"":3,""vagas_vestibulando"":0,""vagas"":3,""inscritos_regular"":3,""inscritos_vestibulando"":0,""inscritos"":3},{""codigo_curso"":""29"",""curso"":""Química Industrial"",""vagas_regular"":2,""vagas_vestibulando"":0,""vagas"":2,""inscritos_regular"":1,""inscritos_vestibulando"":0,""inscritos"":1},{""codigo_curso"":""56"",""curso"":""Eng. de Recursos Hídricos e Meio Ambiente"",""vagas_regular"":7,""vagas_vestibulando"":0,""vagas"":7,""inscritos_regular"":7,""inscritos_vestibulando"":0,""inscritos"":7},{""codigo_curso"":""41"",""curso"":""Engenharia de Telecomunicações"",""vagas_regular"":3,""vagas_vestibulando"":0,""vagas"":3,""inscritos_regular"":3,""inscritos_vestibulando"":0,""inscritos"":3}]",Quadro de Horários UFF — páginas públicas de listagem e detalhe
2026-2,GMA00154,CÁLCULO 1,N2,/graduacao/quadrodehorarios/turmas/100000461060,,Ter 09:00-11:00; Qui 09:00-11:00,Ter-Qui,CC,False,25;27;31;38;41;43;50;51;54;56,False,36,35,2,2,0,0,34,33,"[{""codigo_curso"":""43"",""curso"":""Engenharia Agrícola e Ambiental"",""vagas_regular"":6,""vagas_vestibulando"":0,""vagas"":6,""inscritos_regular"":6,""inscritos_vestibulando"":0,""inscritos"":6},{""codigo_curso"":""31"",""curso"":""Ciência da Computação"",""vagas_regular"":2,""vagas_vestibulando"":0,""vagas"":2,""inscritos_regular"":2,""inscritos_vestibulando"":0,""inscritos"":2},{""codigo_curso"":""38"",""curso"":""Engenharia Elétrica"",""vagas_regular"":5,""vagas_vestibulando"":0,""vagas"":5,""inscritos_regular"":5,""inscritos_vestibulando"":0,""inscritos"":5},{""codigo_curso"":""54"",""curso"":""Estatística"",""vagas_regular"":5,""vagas_vestibulando"":0,""vagas"":5,""inscritos_regular"":4,""inscritos_vestibulando"":0,""inscritos"":4},{""codigo_curso"":""25"",""curso"":""Física"",""vagas_regular"":3,""vagas_vestibulando"":0,""vagas"":3,""inscritos_regular"":3,""inscritos_vestibulando"":0,""inscritos"":3},{""codigo_curso"":""50"",""curso"":""Geofísica"",""vagas_regular"":7,""vagas_vestibulando"":0,""vagas"":7,""inscritos_regular"":7,""inscritos_vestibulando"":0,""inscritos"":7},{""codigo_curso"":""51"",""curso"":""Engenharia de Petróleo"",""vagas_regular"":2,""vagas_vestibulando"":0,""vagas"":2,""inscritos_regular"":2,""inscritos_vestibulando"":0,""inscritos"":2},{""codigo_curso"":""27"",""curso"":""Engenharia Química"",""vagas_regular"":3,""vagas_vestibulando"":0,""vagas"":3,""inscritos_regular"":3,""inscritos_vestibulando"":0,""inscritos"":3},{""codigo_curso"":""56"",""curso"":""Eng. de Recursos Hídricos e Meio Ambiente"",""vagas_regular"":2,""vagas_vestibulando"":0,""vagas"":2,""inscritos_regular"":2,""inscritos_vestibulando"":0,""inscritos"":2},{""codigo_curso"":""41"",""curso"":""Engenharia de Telecomunicações"",""vagas_regular"":1,""vagas_vestibulando"":0,""vagas"":1,""inscritos_regular"":1,""inscritos_vestibulando"":0,""inscritos"":1}]",Quadro de Horários UFF — páginas públicas de listagem e detalhe
2026-2,GMA00154,CÁLCULO 1,O2,/graduacao/quadrodehorarios/turmas/100000461062,,Ter 11:00-13:00; Qui 11:00-13:00,Ter-Qui,CC,False,123;27;31;37;56,False,21,17,4,4,0,0,17,13,"[{""codigo_curso"":""37"",""curso"":""Engenharia Civil"",""vagas_regular"":5,""vagas_vestibulando"":0,""vagas"":5,""inscritos_regular"":3,""inscritos_vestibulando"":0,""inscritos"":3},{""codigo_curso"":""31"",""curso"":""Ciência da Computação"",""vagas_regular"":4,""vagas_vestibulando"":0,""vagas"":4,""inscritos_regular"":4,""inscritos_vestibulando"":0,""inscritos"":4},{""codigo_curso"":""123"",""curso"":""Inteligência Artificial e Ciência de Dados"",""vagas_regular"":2,""vagas_vestibulando"":0,""vagas"":2,""inscritos_regular"":2,""inscritos_vestibulando"":0,""inscritos"":2},{""codigo_curso"":""56"",""curso"":""Eng. de Recursos Hídricos e Meio Ambiente"",""vagas_regular"":5,""vagas_vestibulando"":2,""vagas"":7,""inscritos_regular"":5,""inscritos_vestibulando"":2,""inscritos"":7},{""codigo_curso"":""27"",""curso"":""Engenharia Química"",""vagas_regular"":3,""vagas_vestibulando"":0,""vagas"":3,""inscritos_regular"":1,""inscritos_vestibulando"":0,""inscritos"":1}]",Quadro de Horários UFF — páginas públicas de listagem e detalhe
2026-2,GMA00154,CÁLCULO 1,P1,/graduacao/quadrodehorarios/turmas/100000461221,,Ter 14:00-16:00; Qui 14:00-16:00,Ter-Qui,CC,False,25;27;31;37;38;40;41;42;43;56,False,52,50,4,4,0,0,48,46,"[{""codigo_curso"":""43"",""curso"":""Engenharia Agrícola e Ambiental"",""vagas_regular"":1,""vagas_vestibulando"":0,""vagas"":1,""inscritos_regular"":1,""inscritos_vestibulando"":0,""inscritos"":1},{""codigo_curso"":""37"",""curso"":""Engenharia Civil"",""vagas_regular"":5,""vagas_vestibulando"":0,""vagas"":5,""inscritos_regular"":4,""inscritos_vestibulando"":0,""inscritos"":4},{""codigo_curso"":""31"",""curso"":""Ciência da Computação"",""vagas_regular"":4,""vagas_vestibulando"":0,""vagas"":4,""inscritos_regular"":4,""inscritos_vestibulando"":0,""inscritos"":4},{""codigo_curso"":""38"",""curso"":""Engenharia Elétrica"",""vagas_regular"":3,""vagas_vestibulando"":0,""vagas"":3,""inscritos_regular"":3,""inscritos_vestibulando"":0,""inscritos"":3},{""codigo_curso"":""25"",""curso"":""Física"",""vagas_regular"":5,""vagas_vestibulando"":0,""vagas"":5,""inscritos_regular"":5,""inscritos_vestibulando"":0,""inscritos"":5},{""codigo_curso"":""40"",""curso"":""Engenharia Mecânica"",""vagas_regular"":5,""vagas_vestibulando"":0,""vagas"":5,""inscritos_regular"":5,""inscritos_vestibulando"":0,""inscritos"":5},{""codigo_curso"":""42"",""curso"":""Engenharia de Produção"",""vagas_regular"":2,""vagas_vestibulando"":0,""vagas"":2,""inscritos_regular"":2,""inscritos_vestibulando"":0,""inscritos"":2},{""codigo_curso"":""27"",""curso"":""Engenharia Química"",""vagas_regular"":9,""vagas_vestibulando"":0,""vagas"":9,""inscritos_regular"":9,""inscritos_vestibulando"":0,""inscritos"":9},{""codigo_curso"":""56"",""curso"":""Eng. de Recursos Hídricos e Meio Ambiente"",""vagas_regular"":9,""vagas_vestibulando"":0,""vagas"":9,""inscritos_regular"":8,""inscritos_vestibulando"":0,""inscritos"":8},{""codigo_curso"":""41"",""curso"":""Engenharia de Telecomunicações"",""vagas_regular"":9,""vagas_vestibulando"":0,""vagas"":9,""inscritos_regular"":9,""inscritos_vestibulando"":0,""inscritos"":9}]",Quadro de Horários UFF — páginas públicas de listagem e detalhe
2026-2,GMA00155,CÁLCULO 2,M2,/graduacao/quadrodehorarios/turmas/100000461877,,Ter 07:00-09:00; Qui 07:00-09:00,Ter-Qui,CC,False,25;27;31;38;40;43,False,49,48,14,14,0,0,35,34,"[{""codigo_curso"":""43"",""curso"":""Engenharia Agrícola e Ambiental"",""vagas_regular"":4,""vagas_vestibulando"":0,""vagas"":4,""inscritos_regular"":4,""inscritos_vestibulando"":0,""inscritos"":4},{""codigo_curso"":""31"",""curso"":""Ciência da Computação"",""vagas_regular"":14,""vagas_vestibulando"":0,""vagas"":14,""inscritos_regular"":14,""inscritos_vestibulando"":0,""inscritos"":14},{""codigo_curso"":""38"",""curso"":""Engenharia Elétrica"",""vagas_regular"":3,""vagas_vestibulando"":0,""vagas"":3,""inscritos_regular"":3,""inscritos_vestibulando"":0,""inscritos"":3},{""codigo_curso"":""27"",""curso"":""Engenharia Química"",""vagas_regular"":5,""vagas_vestibulando"":0,""vagas"":5,""inscritos_regular"":4,""inscritos_vestibulando"":0,""inscritos"":4},{""codigo_curso"":""40"",""curso"":""Engenharia Mecânica"",""vagas_regular"":22,""vagas_vestibulando"":0,""vagas"":22,""inscritos_regular"":22,""inscritos_vestibulando"":0,""inscritos"":22},{""codigo_curso"":""25"",""curso"":""Física"",""vagas_regular"":1,""vagas_vestibulando"":0,""vagas"":1,""inscritos_regular"":1,""inscritos_vestibulando"":0,""inscritos"":1}]",Quadro de Horários UFF — páginas públicas de listagem e detalhe
2026-2,GMA00155,CÁLCULO 2,N4,/graduacao/quadrodehorarios/turmas/100000464338,,Ter 09:00-11:00; Qui 09:00-11:00,Ter-Qui,CC,False,25;27;31;37;38;40;41;42;43;50;56,False,41,15,4,1,0,0,37,14,"[{""codigo_curso"":""43"",""curso"":""Engenharia Agrícola e Ambiental"",""vagas_regular"":4,""vagas_vestibulando"":0,""vagas"":4,""inscritos_regular"":4,""inscritos_vestibulando"":0,""inscritos"":4},{""codigo_curso"":""50"",""curso"":""Geofísica"",""vagas_regular"":4,""vagas_vestibulando"":0,""vagas"":4,""inscritos_regular"":3,""inscritos_vestibulando"":0,""inscritos"":3},{""codigo_curso"":""40"",""curso"":""Engenharia Mecânica"",""vagas_regular"":5,""vagas_vestibulando"":0,""vagas"":5,""inscritos_regular"":1,""inscritos_vestibulando"":0,""inscritos"":1},{""codigo_curso"":""42"",""curso"":""Engenharia de Produção"",""vagas_regular"":2,""vagas_vestibulando"":2,""vagas"":4,""inscritos_regular"":0,""inscritos_vestibulando"":1,""inscritos"":1},{""codigo_curso"":""27"",""curso"":""Engenharia Química"",""vagas_regular"":3,""vagas_vestibulando"":0,""vagas"":3,""inscritos_regular"":0,""inscritos_vestibulando"":0,""inscritos"":0},{""codigo_curso"":""56"",""curso"":""Eng. de Recursos Hídricos e Meio Ambiente"",""vagas_regular"":3,""vagas_vestibulando"":0,""vagas"":3,""inscritos_regular"":0,""inscritos_vestibulando"":0,""inscritos"":0},{""codigo_curso"":""41"",""curso"":""Engenharia de Telecomunicações"",""vagas_regular"":6,""vagas_vestibulando"":0,""vagas"":6,""inscritos_regular"":4,""inscritos_vestibulando"":0,""inscritos"":4},{""codigo_curso"":""38"",""curso"":""Engenharia Elétrica"",""vagas_regular"":3,""vagas_vestibulando"":0,""vagas"":3,""inscritos_regular"":1,""inscritos_vestibulando"":0,""inscritos"":1},{""codigo_curso"":""31"",""curso"":""Ciência da Computação"",""vagas_regular"":4,""vagas_vestibulando"":0,""vagas"":4,""inscritos_regular"":1,""inscritos_vestibulando"":0,""inscritos"":1},{""codigo_curso"":""37"",""curso"":""Engenharia Civil"",""vagas_regular"":4,""vagas_vestibulando"":0,""vagas"":4,""inscritos_regular"":0,""inscritos_vestibulando"":0,""inscritos"":0},{""codigo_curso"":""25"",""curso"":""Física"",""vagas_regular"":1,""vagas_vestibulando"":0,""vagas"":1,""inscritos_regular"":0,""inscritos_vestibulando"":0,""inscritos"":0}]",Quadro de Horários UFF — páginas públicas de listagem e detalhe
2026-2,GMA00155,CÁLCULO 2,N9,/graduacao/quadrodehorarios/turmas/100000461882,,Ter 09:00-11:00; Qui 09:00-11:00,Ter-Qui,CC,False,28;31;54,False,47,47,22,22,0,0,25,25,"[{""codigo_curso"":""28"",""curso"":""Química"",""vagas_regular"":1,""vagas_vestibulando"":0,""vagas"":1,""inscritos_regular"":1,""inscritos_vestibulando"":0,""inscritos"":1},{""codigo_curso"":""31"",""curso"":""Ciência da Computação"",""vagas_regular"":22,""vagas_vestibulando"":0,""vagas"":22,""inscritos_regular"":22,""inscritos_vestibulando"":0,""inscritos"":22},{""codigo_curso"":""54"",""curso"":""Estatística"",""vagas_regular"":24,""vagas_vestibulando"":0,""vagas"":24,""inscritos_regular"":24,""inscritos_vestibulando"":0,""inscritos"":24}]",Quadro de Horários UFF — páginas públicas de listagem e detalhe
2026-2,GMA00155,CÁLCULO 2,O3,/graduacao/quadrodehorarios/turmas/100000461886,,Ter 11:00-13:00; Qui 11:00-13:00,Ter-Qui,CC,False,20;25;31;38;41;42;51;54,False,44,41,6,6,0,0,38,35,"[{""codigo_curso"":""31"",""curso"":""Ciência da Computação"",""vagas_regular"":6,""vagas_vestibulando"":0,""vagas"":6,""inscritos_regular"":6,""inscritos_vestibulando"":0,""inscritos"":6},{""codigo_curso"":""38"",""curso"":""Engenharia Elétrica"",""vagas_regular"":1,""vagas_vestibulando"":0,""vagas"":1,""inscritos_regular"":1,""inscritos_vestibulando"":0,""inscritos"":1},{""codigo_curso"":""54"",""curso"":""Estatística"",""vagas_regular"":1,""vagas_vestibulando"":0,""vagas"":1,""inscritos_regular"":1,""inscritos_vestibulando"":0,""inscritos"":1},{""codigo_curso"":""25"",""curso"":""Física"",""vagas_regular"":4,""vagas_vestibulando"":0,""vagas"":4,""inscritos_regular"":4,""inscritos_vestibulando"":0,""inscritos"":4},{""codigo_curso"":""20"",""curso"":""Matemática"",""vagas_regular"":1,""vagas_vestibulando"":0,""vagas"":1,""inscritos_regular"":1,""inscritos_vestibulando"":0,""inscritos"":1},{""codigo_curso"":""51"",""curso"":""Engenharia de Petróleo"",""vagas_regular"":7,""vagas_vestibulando"":0,""vagas"":7,""inscritos_regular"":7,""inscritos_vestibulando"":0,""inscritos"":7},{""codigo_curso"":""42"",""curso"":""Engenharia de Produção"",""vagas_regular"":4,""vagas_vestibulando"":0,""vagas"":4,""inscritos_regular"":4,""inscritos_vestibulando"":0,""inscritos"":4},{""codigo_curso"":""41"",""curso"":""Engenharia de Telecomunicações"",""vagas_regular"":19,""vagas_vestibulando"":1,""vagas"":20,""inscritos_regular"":17,""inscritos_vestibulando"":0,""inscritos"":17}]",Quadro de Horários UFF — páginas públicas de listagem e detalhe
2026-2,GMA00155,CÁLCULO 2,P1,/graduacao/quadrodehorarios/turmas/100000461887,,Ter 14:00-16:00; Qui 14:00-16:00,Ter-Qui,CC,False,31;37;54,False,53,51,25,25,0,0,28,26,"[{""codigo_curso"":""37"",""curso"":""Engenharia Civil"",""vagas_regular"":26,""vagas_vestibulando"":0,""vagas"":26,""inscritos_regular"":24,""inscritos_vestibulando"":0,""inscritos"":24},{""codigo_curso"":""31"",""curso"":""Ciência da Computação"",""vagas_regular"":25,""vagas_vestibulando"":0,""vagas"":25,""inscritos_regular"":25,""inscritos_vestibulando"":0,""inscritos"":25},{""codigo_curso"":""54"",""curso"":""Estatística"",""vagas_regular"":2,""vagas_vestibulando"":0,""vagas"":2,""inscritos_regular"":2,""inscritos_vestibulando"":0,""inscritos"":2}]",Quadro de Horários UFF — páginas públicas de listagem e detalhe
2026-2,GMA00155,CÁLCULO 2,P4,/graduacao/quadrodehorarios/turmas/100000461890,,Ter 14:00-16:00; Qui 14:00-16:00,Ter-Qui,CC,False,20;25;31;37;38;41,False,34,31,7,6,0,0,27,25,"[{""codigo_curso"":""38"",""curso"":""Engenharia Elétrica"",""vagas_regular"":5,""vagas_vestibulando"":0,""vagas"":5,""inscritos_regular"":5,""inscritos_vestibulando"":0,""inscritos"":5},{""codigo_curso"":""25"",""curso"":""Física"",""vagas_regular"":4,""vagas_vestibulando"":0,""vagas"":4,""inscritos_regular"":4,""inscritos_vestibulando"":0,""inscritos"":4},{""codigo_curso"":""41"",""curso"":""Engenharia de Telecomunicações"",""vagas_regular"":12,""vagas_vestibulando"":0,""vagas"":12,""inscritos_regular"":10,""inscritos_vestibulando"":0,""inscritos"":10},{""codigo_curso"":""20"",""curso"":""Matemática"",""vagas_regular"":1,""vagas_vestibulando"":0,""vagas"":1,""inscritos_regular"":1,""inscritos_vestibulando"":0,""inscritos"":1},{""codigo_curso"":""31"",""curso"":""Ciência da Computação"",""vagas_regular"":7,""vagas_vestibulando"":0,""vagas"":7,""inscritos_regular"":6,""inscritos_vestibulando"":0,""inscritos"":6},{""codigo_curso"":""37"",""curso"":""Engenharia Civil"",""vagas_regular"":5,""vagas_vestibulando"":0,""vagas"":5,""inscritos_regular"":5,""inscritos_vestibulando"":0,""inscritos"":5}]",Quadro de Horários UFF — páginas públicas de listagem e detalhe
2026-2,GMA00155,CÁLCULO 2,Q1,/graduacao/quadrodehorarios/turmas/100000461891,,Ter 16:00-18:00; Qui 16:00-18:00,Ter-Qui,CC,False,25;31;41;43;56,False,53,50,21,21,0,0,32,29,"[{""codigo_curso"":""43"",""curso"":""Engenharia Agrícola e Ambiental"",""vagas_regular"":8,""vagas_vestibulando"":0,""vagas"":8,""inscritos_regular"":8,""inscritos_vestibulando"":0,""inscritos"":8},{""codigo_curso"":""31"",""curso"":""Ciência da Computação"",""vagas_regular"":21,""vagas_vestibulando"":0,""vagas"":21,""inscritos_regular"":21,""inscritos_vestibulando"":0,""inscritos"":21},{""codigo_curso"":""25"",""curso"":""Física"",""vagas_regular"":8,""vagas_vestibulando"":0,""vagas"":8,""inscritos_regular"":8,""inscritos_vestibulando"":0,""inscritos"":8},{""codigo_curso"":""56"",""curso"":""Eng. de Recursos Hídricos e Meio Ambiente"",""vagas_regular"":11,""vagas_vestibulando"":0,""vagas"":11,""inscritos_regular"":9,""inscritos_vestibulando"":0,""inscritos"":9},{""codigo_curso"":""41"",""curso"":""Engenharia de Telecomunicações"",""vagas_regular"":5,""vagas_vestibulando"":0,""vagas"":5,""inscritos_regular"":4,""inscritos_vestibulando"":0,""inscritos"":4}]",Quadro de Horários UFF — páginas públicas de listagem e detalhe
2026-2,GMA00155,CÁLCULO 2,R1,/graduacao/quadrodehorarios/turmas/100000461894,,Ter 18:00-20:00; Qui 18:00-20:00,Ter-Qui,CC,False,20;25;27;31;38;40;41;43;56,False,45,45,2,2,0,0,43,43,"[{""codigo_curso"":""43"",""curso"":""Engenharia Agrícola e Ambiental"",""vagas_regular"":5,""vagas_vestibulando"":0,""vagas"":5,""inscritos_regular"":5,""inscritos_vestibulando"":0,""inscritos"":5},{""codigo_curso"":""31"",""curso"":""Ciência da Computação"",""vagas_regular"":2,""vagas_vestibulando"":0,""vagas"":2,""inscritos_regular"":2,""inscritos_vestibulando"":0,""inscritos"":2},{""codigo_curso"":""25"",""curso"":""Física"",""vagas_regular"":9,""vagas_vestibulando"":0,""vagas"":9,""inscritos_regular"":9,""inscritos_vestibulando"":0,""inscritos"":9},{""codigo_curso"":""20"",""curso"":""Matemática"",""vagas_regular"":2,""vagas_vestibulando"":0,""vagas"":2,""inscritos_regular"":2,""inscritos_vestibulando"":0,""inscritos"":2},{""codigo_curso"":""40"",""curso"":""Engenharia Mecânica"",""vagas_regular"":4,""vagas_vestibulando"":0,""vagas"":4,""inscritos_regular"":4,""inscritos_vestibulando"":0,""inscritos"":4},{""codigo_curso"":""27"",""curso"":""Engenharia Química"",""vagas_regular"":7,""vagas_vestibulando"":0,""vagas"":7,""inscritos_regular"":7,""inscritos_vestibulando"":0,""inscritos"":7},{""codigo_curso"":""56"",""curso"":""Eng. de Recursos Hídricos e Meio Ambiente"",""vagas_regular"":9,""vagas_vestibulando"":0,""vagas"":9,""inscritos_regular"":9,""inscritos_vestibulando"":0,""inscritos"":9},{""codigo_curso"":""41"",""curso"":""Engenharia de Telecomunicações"",""vagas_regular"":6,""vagas_vestibulando"":0,""vagas"":6,""inscritos_regular"":6,""inscritos_vestibulando"":0,""inscritos"":6},{""codigo_curso"":""38"",""curso"":""Engenharia Elétrica"",""vagas_regular"":1,""vagas_vestibulando"":0,""vagas"":1,""inscritos_regular"":1,""inscritos_vestibulando"":0,""inscritos"":1}]",Quadro de Horários UFF — páginas públicas de listagem e detalhe
2026-2,GMA00155,CÁLCULO 2,R3,/graduacao/quadrodehorarios/turmas/100000464339,,Ter 18:00-20:00; Qui 18:00-20:00,Ter-Qui,CC,False,20;27;31;37;38;40;42;50;51;56,False,44,10,3,0,0,0,41,10,"[{""codigo_curso"":""37"",""curso"":""Engenharia Civil"",""vagas_regular"":7,""vagas_vestibulando"":0,""vagas"":7,""inscritos_regular"":1,""inscritos_vestibulando"":0,""inscritos"":1},{""codigo_curso"":""38"",""curso"":""Engenharia Elétrica"",""vagas_regular"":3,""vagas_vestibulando"":0,""vagas"":3,""inscritos_regular"":1,""inscritos_vestibulando"":0,""inscritos"":1},{""codigo_curso"":""40"",""curso"":""Engenharia Mecânica"",""vagas_regular"":6,""vagas_vestibulando"":1,""vagas"":7,""inscritos_regular"":3,""inscritos_vestibulando"":0,""inscritos"":3},{""codigo_curso"":""51"",""curso"":""Engenharia de Petróleo"",""vagas_regular"":4,""vagas_vestibulando"":0,""vagas"":4,""inscritos_regular"":3,""inscritos_vestibulando"":0,""inscritos"":3},{""codigo_curso"":""42"",""curso"":""Engenharia de Produção"",""vagas_regular"":2,""vagas_vestibulando"":1,""vagas"":3,""inscritos_regular"":0,""inscritos_vestibulando"":0,""inscritos"":0},{""codigo_curso"":""27"",""curso"":""Engenharia Química"",""vagas_regular"":2,""vagas_vestibulando"":0,""vagas"":2,""inscritos_regular"":0,""inscritos_vestibulando"":0,""inscritos"":0},{""codigo_curso"":""56"",""curso"":""Eng. de Recursos Hídricos e Meio Ambiente"",""vagas_regular"":9,""vagas_vestibulando"":0,""vagas"":9,""inscritos_regular"":1,""inscritos_vestibulando"":0,""inscritos"":1},{""codigo_curso"":""20"",""curso"":""Matemática"",""vagas_regular"":5,""vagas_vestibulando"":0,""vagas"":5,""inscritos_regular"":0,""inscritos_vestibulando"":0,""inscritos"":0},{""codigo_curso"":""31"",""curso"":""Ciência da Computação"",""vagas_regular"":3,""vagas_vestibulando"":0,""vagas"":3,""inscritos_regular"":0,""inscritos_vestibulando"":0,""inscritos"":0},{""codigo_curso"":""50"",""curso"":""Geofísica"",""vagas_regular"":1,""vagas_vestibulando"":0,""vagas"":1,""inscritos_regular"":1,""inscritos_vestibulando"":0,""inscritos"":1}]",Quadro de Horários UFF — páginas públicas de listagem e detalhe
2026-2,GSI00433,COMPORTAMENTO ORGANIZACIONAL,A1,/graduacao/quadrodehorarios/turmas/100000457216,,Ter 18:00-22:00,Ter,CC;SI,True,31;83,True,35,35,5,5,30,30,0,0,"[{""codigo_curso"":""83"",""curso"":""Sistemas de Informação"",""vagas_regular"":30,""vagas_vestibulando"":0,""vagas"":30,""inscritos_regular"":30,""inscritos_vestibulando"":0,""inscritos"":30},{""codigo_curso"":""31"",""curso"":""Ciência da Computação"",""vagas_regular"":5,""vagas_vestibulando"":0,""vagas"":5,""inscritos_regular"":5,""inscritos_vestibulando"":0,""inscritos"":5}]",Quadro de Horários UFF — páginas públicas de listagem e detalhe
2026-2,GSI00433,COMPORTAMENTO ORGANIZACIONAL,B1,/graduacao/quadrodehorarios/turmas/100000457217,,Ter 18:00-22:00,Ter,CC;SI,True,31;41;83,True,35,31,3,0,31,30,1,1,"[{""codigo_curso"":""83"",""curso"":""Sistemas de Informação"",""vagas_regular"":30,""vagas_vestibulando"":1,""vagas"":31,""inscritos_regular"":30,""inscritos_vestibulando"":0,""inscritos"":30},{""codigo_curso"":""41"",""curso"":""Engenharia de Telecomunicações"",""vagas_regular"":1,""vagas_vestibulando"":0,""vagas"":1,""inscritos_regular"":1,""inscritos_vestibulando"":0,""inscritos"":1},{""codigo_curso"":""31"",""curso"":""Ciência da Computação"",""vagas_regular"":3,""vagas_vestibulando"":0,""vagas"":3,""inscritos_regular"":0,""inscritos_vestibulando"":0,""inscritos"":0}]",Quadro de Horários UFF — páginas públicas de listagem e detalhe
2026-2,SDV00143,PROPRIEDADE INTELECTUAL,P1,/graduacao/quadrodehorarios/turmas/100000456414,,Ter 18:00-20:00; Ter 20:00-22:00,Ter,CC;SI,True,31;83,True,70,67,10,9,60,58,0,0,"[{""codigo_curso"":""31"",""curso"":""Ciência da Computação"",""vagas_regular"":10,""vagas_vestibulando"":0,""vagas"":10,""inscritos_regular"":9,""inscritos_vestibulando"":0,""inscritos"":9},{""codigo_curso"":""83"",""curso"":""Sistemas de Informação"",""vagas_regular"":58,""vagas_vestibulando"":2,""vagas"":60,""inscritos_regular"":58,""inscritos_vestibulando"":0,""inscritos"":58}]",Quadro de Horários UFF — páginas públicas de listagem e detalhe
2026-2,STA00168,DESENVOLVIMENTO DE PESSOAS,P1,/graduacao/quadrodehorarios/turmas/100000458469,,Ter 18:00-22:00,Ter,CC;SI,True,31;83,True,70,63,10,6,60,57,0,0,"[{""codigo_curso"":""31"",""curso"":""Ciência da Computação"",""vagas_regular"":10,""vagas_vestibulando"":0,""vagas"":10,""inscritos_regular"":6,""inscritos_vestibulando"":0,""inscritos"":6},{""codigo_curso"":""83"",""curso"":""Sistemas de Informação"",""vagas_regular"":59,""vagas_vestibulando"":1,""vagas"":60,""inscritos_regular"":57,""inscritos_vestibulando"":0,""inscritos"":57}]",Quadro de Horários UFF — páginas públicas de listagem e detalhe
2026-2,STA00191,INTELIGÊNCIA DE NEGÓCIOS,P1,/graduacao/quadrodehorarios/turmas/100000458473,,Ter 18:00-22:00,Ter,CC;SI,True,31;83;97,True,61,50,10,9,50,40,1,1,"[{""codigo_curso"":""31"",""curso"":""Ciência da Computação"",""vagas_regular"":10,""vagas_vestibulando"":0,""vagas"":10,""inscritos_regular"":9,""inscritos_vestibulando"":0,""inscritos"":9},{""codigo_curso"":""83"",""curso"":""Sistemas de Informação"",""vagas_regular"":45,""vagas_vestibulando"":5,""vagas"":50,""inscritos_regular"":40,""inscritos_vestibulando"":0,""inscritos"":40},{""codigo_curso"":""97"",""curso"":""Disciplina Isolada"",""vagas_regular"":1,""vagas_vestibulando"":0,""vagas"":1,""inscritos_regular"":1,""inscritos_vestibulando"":0,""inscritos"":1}]",Quadro de Horários UFF — páginas públicas de listagem e detalhe
2026-2,STA00267,MODELOS DE GESTÃO CONTEMPORÂNEA,P1,/graduacao/quadrodehorarios/turmas/100000458504,,Qui 18:00-22:00,Qui,CC;SI,True,117;31;83,True,70,65,5,4,60,56,5,5,"[{""codigo_curso"":""83"",""curso"":""Sistemas de Informação"",""vagas_regular"":59,""vagas_vestibulando"":1,""vagas"":60,""inscritos_regular"":56,""inscritos_vestibulando"":0,""inscritos"":56},{""codigo_curso"":""31"",""curso"":""Ciência da Computação"",""vagas_regular"":5,""vagas_vestibulando"":0,""vagas"":5,""inscritos_regular"":4,""inscritos_vestibulando"":0,""inscritos"":4},{""codigo_curso"":""117"",""curso"":""Administração Pública"",""vagas_regular"":5,""vagas_vestibulando"":0,""vagas"":5,""inscritos_regular"":5,""inscritos_vestibulando"":0,""inscritos"":5}]",Quadro de Horários UFF — páginas públicas de listagem e detalhe
2026-2,STE00005,COMUNICAÇÃO EMPRESARIAL,A1,/graduacao/quadrodehorarios/turmas/100000459079,,Sex 18:00-22:00,Sex,SI,False,107;83,False,60,57,0,0,5,4,55,53,"[{""codigo_curso"":""83"",""curso"":""Sistemas de Informação"",""vagas_regular"":5,""vagas_vestibulando"":0,""vagas"":5,""inscritos_regular"":4,""inscritos_vestibulando"":0,""inscritos"":4},{""codigo_curso"":""107"",""curso"":""Graduação Tecnológica em Processos Gerenciais"",""vagas_regular"":55,""vagas_vestibulando"":0,""vagas"":55,""inscritos_regular"":53,""inscritos_vestibulando"":0,""inscritos"":53}]",Quadro de Horários UFF — páginas públicas de listagem e detalhe
2026-2,STE00009,LIDERANÇA E COMPORTAMENTO ORGANIZACIONAL,A1,/graduacao/quadrodehorarios/turmas/100000459082,,Qua 18:00-22:00,Qua,SI,False,107;117;5;83;85,False,58,45,0,0,5,1,53,44,"[{""codigo_curso"":""117"",""curso"":""Administração Pública"",""vagas_regular"":4,""vagas_vestibulando"":0,""vagas"":4,""inscritos_regular"":3,""inscritos_vestibulando"":0,""inscritos"":3},{""codigo_curso"":""107"",""curso"":""Graduação Tecnológica em Processos Gerenciais"",""vagas_regular"":45,""vagas_vestibulando"":0,""vagas"":45,""inscritos_regular"":38,""inscritos_vestibulando"":0,""inscritos"":38},{""codigo_curso"":""5"",""curso"":""Ciências Sociais"",""vagas_regular"":1,""vagas_vestibulando"":0,""vagas"":1,""inscritos_regular"":0,""inscritos_vestibulando"":0,""inscritos"":0},{""codigo_curso"":""83"",""curso"":""Sistemas de Informação"",""vagas_regular"":5,""vagas_vestibulando"":0,""vagas"":5,""inscritos_regular"":1,""inscritos_vestibulando"":0,""inscritos"":1},{""codigo_curso"":""85"",""curso"":""Ciências Atuariais"",""vagas_regular"":3,""vagas_vestibulando"":0,""vagas"":3,""inscritos_regular"":3,""inscritos_vestibulando"":0,""inscritos"":3}]",Quadro de Horários UFF — páginas públicas de listagem e detalhe
2026-2,STE00014,INOVAÇÃO NAS ORGANIZAÇÕES,A1,/graduacao/quadrodehorarios/turmas/100000459072,,Ter 18:00-22:00,Ter,SI,False,107;117;83,False,64,59,0,0,3,3,61,56,"[{""codigo_curso"":""83"",""curso"":""Sistemas de Informação"",""vagas_regular"":3,""vagas_vestibulando"":0,""vagas"":3,""inscritos_regular"":3,""inscritos_vestibulando"":0,""inscritos"":3},{""codigo_curso"":""107"",""curso"":""Graduação Tecnológica em Processos Gerenciais"",""vagas_regular"":58,""vagas_vestibulando"":0,""vagas"":58,""inscritos_regular"":54,""inscritos_vestibulando"":0,""inscritos"":54},{""codigo_curso"":""117"",""curso"":""Administração Pública"",""vagas_regular"":3,""vagas_vestibulando"":0,""vagas"":3,""inscritos_regular"":2,""inscritos_vestibulando"":0,""inscritos"":2}]",Quadro de Horários UFF — páginas públicas de listagem e detalhe
2026-2,STE00018,GESTÃO DE PROJETOS,A1,/graduacao/quadrodehorarios/turmas/100000459067,,Seg 18:00-22:00,Seg,SI,False,102;107;116;4;83;97,False,58,58,0,0,6,6,52,52,"[{""codigo_curso"":""107"",""curso"":""Graduação Tecnológica em Processos Gerenciais"",""vagas_regular"":48,""vagas_vestibulando"":0,""vagas"":48,""inscritos_regular"":48,""inscritos_vestibulando"":0,""inscritos"":48},{""codigo_curso"":""83"",""curso"":""Sistemas de Informação"",""vagas_regular"":6,""vagas_vestibulando"":0,""vagas"":6,""inscritos_regular"":6,""inscritos_vestibulando"":0,""inscritos"":6},{""codigo_curso"":""4"",""curso"":""Ciências Econômicas"",""vagas_regular"":1,""vagas_vestibulando"":0,""vagas"":1,""inscritos_regular"":1,""inscritos_vestibulando"":0,""inscritos"":1},{""codigo_curso"":""116"",""curso"":""Jornalismo"",""vagas_regular"":1,""vagas_vestibulando"":0,""vagas"":1,""inscritos_regular"":1,""inscritos_vestibulando"":0,""inscritos"":1},{""codigo_curso"":""97"",""curso"":""Disciplina Isolada"",""vagas_regular"":1,""vagas_vestibulando"":0,""vagas"":1,""inscritos_regular"":1,""inscritos_vestibulando"":0,""inscritos"":1},{""codigo_curso"":""102"",""curso"":""Segurança Pública"",""vagas_regular"":1,""vagas_vestibulando"":0,""vagas"":1,""inscritos_regular"":1,""inscritos_vestibulando"":0,""inscritos"":1}]",Quadro de Horários UFF — páginas públicas de listagem e detalhe
2026-2,TCC00194,BIOLOGIA COMPUTACIONAL,A1,/graduacao/quadrodehorarios/turmas/100000462594,,Ter 16:00-18:00; Qui 16:00-18:00,Ter-Qui,CC,False,31,False,32,32,32,32,0,0,0,0,"[{""codigo_curso"":""31"",""curso"":""Ciência da Computação"",""vagas_regular"":32,""vagas_vestibulando"":0,""vagas"":32,""inscritos_regular"":32,""inscritos_vestibulando"":0,""inscritos"":32}]",Quadro de Horários UFF — páginas públicas de listagem e detalhe
2026-2,TCC00196,OTIMIZAÇÃO COMBINATÓRIA,A1,/graduacao/quadrodehorarios/turmas/100000462774,,Sex 14:00-18:00,Sex,CC,False,31,False,17,12,17,12,0,0,0,0,"[{""codigo_curso"":""31"",""curso"":""Ciência da Computação"",""vagas_regular"":17,""vagas_vestibulando"":0,""vagas"":17,""inscritos_regular"":12,""inscritos_vestibulando"":0,""inscritos"":12}]",Quadro de Horários UFF — páginas públicas de listagem e detalhe
2026-2,TCC00200,MINERAÇÃO DE DADOS,A1,/graduacao/quadrodehorarios/turmas/100000462775,,Seg 16:00-18:00; Qua 16:00-18:00,Seg-Qua,CC,False,31;83,True,15,10,9,6,6,4,0,0,"[{""codigo_curso"":""31"",""curso"":""Ciência da Computação"",""vagas_regular"":9,""vagas_vestibulando"":0,""vagas"":9,""inscritos_regular"":6,""inscritos_vestibulando"":0,""inscritos"":6},{""codigo_curso"":""83"",""curso"":""Sistemas de Informação"",""vagas_regular"":6,""vagas_vestibulando"":0,""vagas"":6,""inscritos_regular"":4,""inscritos_vestibulando"":0,""inscritos"":4}]",Quadro de Horários UFF — páginas públicas de listagem e detalhe
2026-2,TCC00203,PROCESSAMENTO DE IMAGENS,A1,/graduacao/quadrodehorarios/turmas/100000462780,,Seg 14:00-18:00,Seg,CC,False,31;83;97,True,19,12,13,11,5,0,1,1,"[{""codigo_curso"":""31"",""curso"":""Ciência da Computação"",""vagas_regular"":13,""vagas_vestibulando"":0,""vagas"":13,""inscritos_regular"":11,""inscritos_vestibulando"":0,""inscritos"":11},{""codigo_curso"":""83"",""curso"":""Sistemas de Informação"",""vagas_regular"":5,""vagas_vestibulando"":0,""vagas"":5,""inscritos_regular"":0,""inscritos_vestibulando"":0,""inscritos"":0},{""codigo_curso"":""97"",""curso"":""Disciplina Isolada"",""vagas_regular"":1,""vagas_vestibulando"":0,""vagas"":1,""inscritos_regular"":1,""inscritos_vestibulando"":0,""inscritos"":1}]",Quadro de Horários UFF — páginas públicas de listagem e detalhe
2026-2,TCC00222,COMPUTAÇÃO E SOCIEDADE PARA SISTEMAS DE INFORMAÇÃO,A1,/graduacao/quadrodehorarios/turmas/100000457762,,Qui 18:00-22:00,Qui,SI,False,23;31;83,True,50,39,4,4,41,35,5,0,"[{""codigo_curso"":""31"",""curso"":""Ciência da Computação"",""vagas_regular"":4,""vagas_vestibulando"":0,""vagas"":4,""inscritos_regular"":4,""inscritos_vestibulando"":0,""inscritos"":4},{""codigo_curso"":""23"",""curso"":""Administração"",""vagas_regular"":5,""vagas_vestibulando"":0,""vagas"":5,""inscritos_regular"":0,""inscritos_vestibulando"":0,""inscritos"":0},{""codigo_curso"":""83"",""curso"":""Sistemas de Informação"",""vagas_regular"":36,""vagas_vestibulando"":5,""vagas"":41,""inscritos_regular"":35,""inscritos_vestibulando"":0,""inscritos"":35}]",Quadro de Horários UFF — páginas públicas de listagem e detalhe
2026-2,TCC00225,ENGENHARIA DE SOFTWARE,A1,/graduacao/quadrodehorarios/turmas/100000462001,,Seg 18:00-20:00; Qua 18:00-20:00,Seg-Qua,SI,False,20;37;41;50;83,False,61,56,0,0,55,52,6,4,"[{""codigo_curso"":""83"",""curso"":""Sistemas de Informação"",""vagas_regular"":53,""vagas_vestibulando"":2,""vagas"":55,""inscritos_regular"":52,""inscritos_vestibulando"":0,""inscritos"":52},{""codigo_curso"":""20"",""curso"":""Matemática"",""vagas_regular"":2,""vagas_vestibulando"":0,""vagas"":2,""inscritos_regular"":1,""inscritos_vestibulando"":0,""inscritos"":1},{""codigo_curso"":""41"",""curso"":""Engenharia de Telecomunicações"",""vagas_regular"":1,""vagas_vestibulando"":0,""vagas"":1,""inscritos_regular"":1,""inscritos_vestibulando"":0,""inscritos"":1},{""codigo_curso"":""37"",""curso"":""Engenharia Civil"",""vagas_regular"":1,""vagas_vestibulando"":0,""vagas"":1,""inscritos_regular"":1,""inscritos_vestibulando"":0,""inscritos"":1},{""codigo_curso"":""50"",""curso"":""Geofísica"",""vagas_regular"":2,""vagas_vestibulando"":0,""vagas"":2,""inscritos_regular"":1,""inscritos_vestibulando"":0,""inscritos"":1}]",Quadro de Horários UFF — páginas públicas de listagem e detalhe
2026-2,TCC00226,DESENVOLVIMENTO WEB,A1,/graduacao/quadrodehorarios/turmas/100000457764,,Seg 09:00-11:00; Qua 09:00-11:00,Seg-Qua,CC,False,31;41;97,False,62,62,60,60,0,0,2,2,"[{""codigo_curso"":""41"",""curso"":""Engenharia de Telecomunicações"",""vagas_regular"":1,""vagas_vestibulando"":0,""vagas"":1,""inscritos_regular"":1,""inscritos_vestibulando"":0,""inscritos"":1},{""codigo_curso"":""97"",""curso"":""Disciplina Isolada"",""vagas_regular"":1,""vagas_vestibulando"":0,""vagas"":1,""inscritos_regular"":1,""inscritos_vestibulando"":0,""inscritos"":1},{""codigo_curso"":""31"",""curso"":""Ciência da Computação"",""vagas_regular"":60,""vagas_vestibulando"":0,""vagas"":60,""inscritos_regular"":60,""inscritos_vestibulando"":0,""inscritos"":60}]",Quadro de Horários UFF — páginas públicas de listagem e detalhe
2026-2,TCC00234,TÓPICOS EM ARQUITETURAS DE COMPUTADORES I,A1,/graduacao/quadrodehorarios/turmas/100000457760,,Seg 09:00-11:00; Qua 09:00-11:00,Seg-Qua,CC,False,31,False,10,10,10,10,0,0,0,0,"[{""codigo_curso"":""31"",""curso"":""Ciência da Computação"",""vagas_regular"":10,""vagas_vestibulando"":0,""vagas"":10,""inscritos_regular"":10,""inscritos_vestibulando"":0,""inscritos"":10}]",Quadro de Horários UFF — páginas públicas de listagem e detalhe
2026-2,TCC00237,TÓPICOS EM AUTOMAÇÃO I,A1,/graduacao/quadrodehorarios/turmas/100000462596,,Seg 18:00-20:00; Qua 18:00-20:00,Seg-Qua,CC;SI,True,31;83,True,43,27,10,7,33,20,0,0,"[{""codigo_curso"":""83"",""curso"":""Sistemas de Informação"",""vagas_regular"":30,""vagas_vestibulando"":3,""vagas"":33,""inscritos_regular"":20,""inscritos_vestibulando"":0,""inscritos"":20},{""codigo_curso"":""31"",""curso"":""Ciência da Computação"",""vagas_regular"":10,""vagas_vestibulando"":0,""vagas"":10,""inscritos_regular"":7,""inscritos_vestibulando"":0,""inscritos"":7}]",Quadro de Horários UFF — páginas públicas de listagem e detalhe
2026-2,TCC00241,TÓPICOS EM COMPUTAÇÃO I,A1,/graduacao/quadrodehorarios/turmas/100000462767,,Ter 18:00-20:00; Qui 18:00-20:00,Ter-Qui,CC;SI,True,31;41;83,True,39,35,6,6,32,28,1,1,"[{""codigo_curso"":""83"",""curso"":""Sistemas de Informação"",""vagas_regular"":29,""vagas_vestibulando"":3,""vagas"":32,""inscritos_regular"":28,""inscritos_vestibulando"":0,""inscritos"":28},{""codigo_curso"":""41"",""curso"":""Engenharia de Telecomunicações"",""vagas_regular"":1,""vagas_vestibulando"":0,""vagas"":1,""inscritos_regular"":1,""inscritos_vestibulando"":0,""inscritos"":1},{""codigo_curso"":""31"",""curso"":""Ciência da Computação"",""vagas_regular"":6,""vagas_vestibulando"":0,""vagas"":6,""inscritos_regular"":6,""inscritos_vestibulando"":0,""inscritos"":6}]",Quadro de Horários UFF — páginas públicas de listagem e detalhe
2026-2,TCC00242,TÓPICOS EM COMPUTAÇÃO II,A1,/graduacao/quadrodehorarios/turmas/100000462772,,Seg 11:00-13:00; Qua 11:00-13:00,Seg-Qua,CC,False,20;31,False,21,16,20,15,0,0,1,1,"[{""codigo_curso"":""20"",""curso"":""Matemática"",""vagas_regular"":1,""vagas_vestibulando"":0,""vagas"":1,""inscritos_regular"":1,""inscritos_vestibulando"":0,""inscritos"":1},{""codigo_curso"":""31"",""curso"":""Ciência da Computação"",""vagas_regular"":20,""vagas_vestibulando"":0,""vagas"":20,""inscritos_regular"":15,""inscritos_vestibulando"":0,""inscritos"":15}]",Quadro de Horários UFF — páginas públicas de listagem e detalhe
2026-2,TCC00243,TÓPICOS EM COMPUTAÇÃO III,A1,/graduacao/quadrodehorarios/turmas/100000462773,,Ter 09:00-11:00; Qui 09:00-11:00,Ter-Qui,CC;SI,True,20;31;83,True,18,7,10,7,5,0,3,0,"[{""codigo_curso"":""31"",""curso"":""Ciência da Computação"",""vagas_regular"":10,""vagas_vestibulando"":0,""vagas"":10,""inscritos_regular"":7,""inscritos_vestibulando"":0,""inscritos"":7},{""codigo_curso"":""83"",""curso"":""Sistemas de Informação"",""vagas_regular"":5,""vagas_vestibulando"":0,""vagas"":5,""inscritos_regular"":0,""inscritos_vestibulando"":0,""inscritos"":0},{""codigo_curso"":""20"",""curso"":""Matemática"",""vagas_regular"":3,""vagas_vestibulando"":0,""vagas"":3,""inscritos_regular"":0,""inscritos_vestibulando"":0,""inscritos"":0}]",Quadro de Horários UFF — páginas públicas de listagem e detalhe
2026-2,TCC00243,TÓPICOS EM COMPUTAÇÃO III,Z1,/graduacao/quadrodehorarios/turmas/100000464696,,Seg 11:00-13:00; Qua 11:00-13:00,Seg-Qua,CC,False,31,False,1,0,1,0,0,0,0,0,"[{""codigo_curso"":""31"",""curso"":""Ciência da Computação"",""vagas_regular"":1,""vagas_vestibulando"":0,""vagas"":1,""inscritos_regular"":0,""inscritos_vestibulando"":0,""inscritos"":0}]",Quadro de Horários UFF — páginas públicas de listagem e detalhe
2026-2,TCC00245,TÓPICOS EM BANCO DE DADOS II,A1,/graduacao/quadrodehorarios/turmas/100000462771,,Seg 18:00-20:00; Sex 20:00-22:00,Seg-Sex,CC;SI,True,31;83,True,19,16,15,13,4,3,0,0,"[{""codigo_curso"":""31"",""curso"":""Ciência da Computação"",""vagas_regular"":15,""vagas_vestibulando"":0,""vagas"":15,""inscritos_regular"":13,""inscritos_vestibulando"":0,""inscritos"":13},{""codigo_curso"":""83"",""curso"":""Sistemas de Informação"",""vagas_regular"":4,""vagas_vestibulando"":0,""vagas"":4,""inscritos_regular"":3,""inscritos_vestibulando"":0,""inscritos"":3}]",Quadro de Horários UFF — páginas públicas de listagem e detalhe
2026-2,TCC00252,TÓPICOS EM ENGENHARIA DE SOFWARE III,A1,/graduacao/quadrodehorarios/turmas/100000462770,,Seg 16:00-18:00; Qua 16:00-18:00,Seg-Qua,CC;SI,True,31;83,True,16,15,13,13,3,2,0,0,"[{""codigo_curso"":""31"",""curso"":""Ciência da Computação"",""vagas_regular"":13,""vagas_vestibulando"":0,""vagas"":13,""inscritos_regular"":13,""inscritos_vestibulando"":0,""inscritos"":13},{""codigo_curso"":""83"",""curso"":""Sistemas de Informação"",""vagas_regular"":3,""vagas_vestibulando"":0,""vagas"":3,""inscritos_regular"":2,""inscritos_vestibulando"":0,""inscritos"":2}]",Quadro de Horários UFF — páginas públicas de listagem e detalhe
2026-2,TCC00259,TÓPICOS EM INTELIGÊNCIA ARTIFICIAL I,A1,/graduacao/quadrodehorarios/turmas/100000462769,,Seg 16:00-18:00; Qua 16:00-18:00,Seg-Qua,CC,False,31,False,40,17,40,17,0,0,0,0,"[{""codigo_curso"":""31"",""curso"":""Ciência da Computação"",""vagas_regular"":40,""vagas_vestibulando"":0,""vagas"":40,""inscritos_regular"":17,""inscritos_vestibulando"":0,""inscritos"":17}]",Quadro de Horários UFF — páginas públicas de listagem e detalhe
2026-2,TCC00260,TÓPICOS EM INTELIGÊNCIA ARTIFICIAL II,Z1,/graduacao/quadrodehorarios/turmas/100000464470,,Seg 16:00-18:00; Qua 16:00-18:00,Seg-Qua,CC,False,31,False,1,1,1,1,0,0,0,0,"[{""codigo_curso"":""31"",""curso"":""Ciência da Computação"",""vagas_regular"":1,""vagas_vestibulando"":0,""vagas"":1,""inscritos_regular"":1,""inscritos_vestibulando"":0,""inscritos"":1}]",Quadro de Horários UFF — páginas públicas de listagem e detalhe
2026-2,TCC00265,TÓPICOS EM INTERFACE HOMEM/MÁQUINA I,A1,/graduacao/quadrodehorarios/turmas/100000462768,,Seg 16:00-18:00; Qua 16:00-18:00,Seg-Qua,CC;SI,True,31;83,True,10,5,5,3,5,2,0,0,"[{""codigo_curso"":""31"",""curso"":""Ciência da Computação"",""vagas_regular"":5,""vagas_vestibulando"":0,""vagas"":5,""inscritos_regular"":3,""inscritos_vestibulando"":0,""inscritos"":3},{""codigo_curso"":""83"",""curso"":""Sistemas de Informação"",""vagas_regular"":5,""vagas_vestibulando"":0,""vagas"":5,""inscritos_regular"":2,""inscritos_vestibulando"":0,""inscritos"":2}]",Quadro de Horários UFF — páginas públicas de listagem e detalhe
2026-2,TCC00271,TÓPICOS EM  LINGUAGEM DE PROGRAMAÇÃO I,A1,/graduacao/quadrodehorarios/turmas/100000462779,,Seg 16:00-18:00; Qua 16:00-18:00,Seg-Qua,CC;SI,True,31;83,True,30,30,20,20,10,10,0,0,"[{""codigo_curso"":""31"",""curso"":""Ciência da Computação"",""vagas_regular"":20,""vagas_vestibulando"":0,""vagas"":20,""inscritos_regular"":20,""inscritos_vestibulando"":0,""inscritos"":20},{""codigo_curso"":""83"",""curso"":""Sistemas de Informação"",""vagas_regular"":10,""vagas_vestibulando"":0,""vagas"":10,""inscritos_regular"":10,""inscritos_vestibulando"":0,""inscritos"":10}]",Quadro de Horários UFF — páginas públicas de listagem e detalhe
2026-2,TCC00274,TÓPICOS EM REDES DE COMPUTADORES I,A1,/graduacao/quadrodehorarios/turmas/100000464702,,Qua 16:00-18:00; Sex 16:00-18:00,Qua-Sex,CC;SI,True,31;83,True,10,1,5,0,5,1,0,0,"[{""codigo_curso"":""31"",""curso"":""Ciência da Computação"",""vagas_regular"":5,""vagas_vestibulando"":0,""vagas"":5,""inscritos_regular"":0,""inscritos_vestibulando"":0,""inscritos"":0},{""codigo_curso"":""83"",""curso"":""Sistemas de Informação"",""vagas_regular"":5,""vagas_vestibulando"":0,""vagas"":5,""inscritos_regular"":1,""inscritos_vestibulando"":0,""inscritos"":1}]",Quadro de Horários UFF — páginas públicas de listagem e detalhe
2026-2,TCC00284,ALGORITMOS EM GRAFOS,A1,/graduacao/quadrodehorarios/turmas/100000457653,,Ter 09:00-11:00; Qui 09:00-11:00,Ter-Qui,CC,False,31,False,60,60,60,60,0,0,0,0,"[{""codigo_curso"":""31"",""curso"":""Ciência da Computação"",""vagas_regular"":60,""vagas_vestibulando"":0,""vagas"":60,""inscritos_regular"":60,""inscritos_vestibulando"":0,""inscritos"":60}]",Quadro de Horários UFF — páginas públicas de listagem e detalhe
2026-2,TCC00285,ANÁLISE E PROJETO DE ALGORITMOS,A1,/graduacao/quadrodehorarios/turmas/100000457654,,Ter 11:00-13:00; Qui 11:00-13:00,Ter-Qui,CC,False,31,False,50,50,50,50,0,0,0,0,"[{""codigo_curso"":""31"",""curso"":""Ciência da Computação"",""vagas_regular"":50,""vagas_vestibulando"":0,""vagas"":50,""inscritos_regular"":50,""inscritos_vestibulando"":0,""inscritos"":50}]",Quadro de Horários UFF — páginas públicas de listagem e detalhe
2026-2,TCC00285,ANÁLISE E PROJETO DE ALGORITMOS,X1,/graduacao/quadrodehorarios/turmas/100000464007,,Ter 11:00-13:00; Qui 11:00-13:00,Ter-Qui,CC,False,31,False,45,25,45,25,0,0,0,0,"[{""codigo_curso"":""31"",""curso"":""Ciência da Computação"",""vagas_regular"":45,""vagas_vestibulando"":0,""vagas"":45,""inscritos_regular"":25,""inscritos_vestibulando"":0,""inscritos"":25}]",Quadro de Horários UFF — páginas públicas de listagem e detalhe
2026-2,TCC00286,ARQUITETURAS DE COMPUTADORES,A1,/graduacao/quadrodehorarios/turmas/100000457655,,Ter 09:00-11:00; Qui 09:00-11:00,Ter-Qui,CC,False,31,False,50,50,50,50,0,0,0,0,"[{""codigo_curso"":""31"",""curso"":""Ciência da Computação"",""vagas_regular"":50,""vagas_vestibulando"":0,""vagas"":50,""inscritos_regular"":50,""inscritos_vestibulando"":0,""inscritos"":50}]",Quadro de Horários UFF — páginas públicas de listagem e detalhe
2026-2,TCC00286,ARQUITETURAS DE COMPUTADORES,B1,/graduacao/quadrodehorarios/turmas/100000457656,,Ter 09:00-11:00; Qui 09:00-11:00,Ter-Qui,CC,False,31;37;60,False,50,47,48,45,0,0,2,2,"[{""codigo_curso"":""31"",""curso"":""Ciência da Computação"",""vagas_regular"":46,""vagas_vestibulando"":2,""vagas"":48,""inscritos_regular"":43,""inscritos_vestibulando"":2,""inscritos"":45},{""codigo_curso"":""37"",""curso"":""Engenharia Civil"",""vagas_regular"":1,""vagas_vestibulando"":0,""vagas"":1,""inscritos_regular"":1,""inscritos_vestibulando"":0,""inscritos"":1},{""codigo_curso"":""60"",""curso"":""Ciência da Computação(Rio das Ostras)"",""vagas_regular"":1,""vagas_vestibulando"":0,""vagas"":1,""inscritos_regular"":1,""inscritos_vestibulando"":0,""inscritos"":1}]",Quadro de Horários UFF — páginas públicas de listagem e detalhe
2026-2,TCC00287,BANCO DE DADOS I,A1,/graduacao/quadrodehorarios/turmas/100000457659,,Ter 07:00-09:00; Qui 07:00-09:00,Ter-Qui,CC,False,20;27;31;41;42;54,False,60,57,52,52,0,0,8,5,"[{""codigo_curso"":""41"",""curso"":""Engenharia de Telecomunicações"",""vagas_regular"":2,""vagas_vestibulando"":0,""vagas"":2,""inscritos_regular"":2,""inscritos_vestibulando"":0,""inscritos"":2},{""codigo_curso"":""42"",""curso"":""Engenharia de Produção"",""vagas_regular"":2,""vagas_vestibulando"":0,""vagas"":2,""inscritos_regular"":1,""inscritos_vestibulando"":0,""inscritos"":1},{""codigo_curso"":""27"",""curso"":""Engenharia Química"",""vagas_regular"":1,""vagas_vestibulando"":0,""vagas"":1,""inscritos_regular"":0,""inscritos_vestibulando"":0,""inscritos"":0},{""codigo_curso"":""54"",""curso"":""Estatística"",""vagas_regular"":1,""vagas_vestibulando"":0,""vagas"":1,""inscritos_regular"":1,""inscritos_vestibulando"":0,""inscritos"":1},{""codigo_curso"":""20"",""curso"":""Matemática"",""vagas_regular"":2,""vagas_vestibulando"":0,""vagas"":2,""inscritos_regular"":1,""inscritos_vestibulando"":0,""inscritos"":1},{""codigo_curso"":""31"",""curso"":""Ciência da Computação"",""vagas_regular"":52,""vagas_vestibulando"":0,""vagas"":52,""inscritos_regular"":52,""inscritos_vestibulando"":0,""inscritos"":52}]",Quadro de Horários UFF — páginas públicas de listagem e detalhe
2026-2,TCC00288,BANCO DE DADOS II,A1,/graduacao/quadrodehorarios/turmas/100000457660,,Seg 07:00-09:00; Qua 07:00-09:00,Seg-Qua,CC,False,31;97,False,61,61,60,60,0,0,1,1,"[{""codigo_curso"":""31"",""curso"":""Ciência da Computação"",""vagas_regular"":60,""vagas_vestibulando"":0,""vagas"":60,""inscritos_regular"":60,""inscritos_vestibulando"":0,""inscritos"":60},{""codigo_curso"":""97"",""curso"":""Disciplina Isolada"",""vagas_regular"":1,""vagas_vestibulando"":0,""vagas"":1,""inscritos_regular"":1,""inscritos_vestibulando"":0,""inscritos"":1}]",Quadro de Horários UFF — páginas públicas de listagem e detalhe
2026-2,TCC00289,COMPILADORES,A1,/graduacao/quadrodehorarios/turmas/100000457661,,Seg 09:00-11:00; Qua 09:00-11:00,Seg-Qua,CC,False,27;31,False,60,53,59,53,0,0,1,0,"[{""codigo_curso"":""31"",""curso"":""Ciência da Computação"",""vagas_regular"":59,""vagas_vestibulando"":0,""vagas"":59,""inscritos_regular"":53,""inscritos_vestibulando"":0,""inscritos"":53},{""codigo_curso"":""27"",""curso"":""Engenharia Química"",""vagas_regular"":1,""vagas_vestibulando"":0,""vagas"":1,""inscritos_regular"":0,""inscritos_vestibulando"":0,""inscritos"":0}]",Quadro de Horários UFF — páginas públicas de listagem e detalhe
2026-2,TCC00290,COMPUTAÇÃO E SOCIEDADE,A1,/graduacao/quadrodehorarios/turmas/100000457761,,Qui 11:00-13:00,Qui,CC,False,31,False,55,54,55,54,0,0,0,0,"[{""codigo_curso"":""31"",""curso"":""Ciência da Computação"",""vagas_regular"":55,""vagas_vestibulando"":0,""vagas"":55,""inscritos_regular"":54,""inscritos_vestibulando"":0,""inscritos"":54}]",Quadro de Horários UFF — páginas públicas de listagem e detalhe
2026-2,TCC00291,COMPUTAÇÃO GRÁFICA,A1,/graduacao/quadrodehorarios/turmas/100000457763,,Seg 11:00-13:00; Qua 11:00-13:00,Seg-Qua,CC,False,20;31;83,True,62,61,60,60,1,0,1,1,"[{""codigo_curso"":""31"",""curso"":""Ciência da Computação"",""vagas_regular"":60,""vagas_vestibulando"":0,""vagas"":60,""inscritos_regular"":60,""inscritos_vestibulando"":0,""inscritos"":60},{""codigo_curso"":""83"",""curso"":""Sistemas de Informação"",""vagas_regular"":1,""vagas_vestibulando"":0,""vagas"":1,""inscritos_regular"":0,""inscritos_vestibulando"":0,""inscritos"":0},{""codigo_curso"":""20"",""curso"":""Matemática"",""vagas_regular"":1,""vagas_vestibulando"":0,""vagas"":1,""inscritos_regular"":1,""inscritos_vestibulando"":0,""inscritos"":1}]",Quadro de Horários UFF — páginas públicas de listagem e detalhe
2026-2,TCC00292,ENGENHARIA DE SOFTWARE I,A1,/graduacao/quadrodehorarios/turmas/100000462002,,Seg 09:00-11:00; Qua 09:00-11:00,Seg-Qua,CC,False,31,False,60,60,60,60,0,0,0,0,"[{""codigo_curso"":""31"",""curso"":""Ciência da Computação"",""vagas_regular"":60,""vagas_vestibulando"":0,""vagas"":60,""inscritos_regular"":60,""inscritos_vestibulando"":0,""inscritos"":60}]",Quadro de Horários UFF — páginas públicas de listagem e detalhe
2026-2,TCC00293,ENGENHARIA DE SOFTWARE II,A1,/graduacao/quadrodehorarios/turmas/100000462003,,Seg 07:00-09:00; Qua 07:00-09:00,Seg-Qua,CC,False,31;83,True,60,60,55,55,5,5,0,0,"[{""codigo_curso"":""31"",""curso"":""Ciência da Computação"",""vagas_regular"":55,""vagas_vestibulando"":0,""vagas"":55,""inscritos_regular"":55,""inscritos_vestibulando"":0,""inscritos"":55},{""codigo_curso"":""83"",""curso"":""Sistemas de Informação"",""vagas_regular"":5,""vagas_vestibulando"":0,""vagas"":5,""inscritos_regular"":5,""inscritos_vestibulando"":0,""inscritos"":5}]",Quadro de Horários UFF — páginas públicas de listagem e detalhe
2026-2,TCC00296,FUNDAMENTOS DE ARQUITETURAS DE COMPUTADORES,A1,/graduacao/quadrodehorarios/turmas/100000462015,,Ter 07:00-09:00; Qui 07:00-09:00,Ter-Qui,CC,False,123;25;31;41,False,52,38,21,15,0,0,31,23,"[{""codigo_curso"":""31"",""curso"":""Ciência da Computação"",""vagas_regular"":21,""vagas_vestibulando"":0,""vagas"":21,""inscritos_regular"":15,""inscritos_vestibulando"":0,""inscritos"":15},{""codigo_curso"":""123"",""curso"":""Inteligência Artificial e Ciência de Dados"",""vagas_regular"":8,""vagas_vestibulando"":20,""vagas"":28,""inscritos_regular"":5,""inscritos_vestibulando"":17,""inscritos"":22},{""codigo_curso"":""41"",""curso"":""Engenharia de Telecomunicações"",""vagas_regular"":2,""vagas_vestibulando"":0,""vagas"":2,""inscritos_regular"":1,""inscritos_vestibulando"":0,""inscritos"":1},{""codigo_curso"":""25"",""curso"":""Física"",""vagas_regular"":1,""vagas_vestibulando"":0,""vagas"":1,""inscritos_regular"":0,""inscritos_vestibulando"":0,""inscritos"":0}]",Quadro de Horários UFF — páginas públicas de listagem e detalhe
2026-2,TCC00296,FUNDAMENTOS DE ARQUITETURAS DE COMPUTADORES,B1,/graduacao/quadrodehorarios/turmas/100000462020,,Ter 14:00-16:00; Qui 14:00-16:00,Ter-Qui,CC,False,123;25;31;40;41,False,57,56,53,52,0,0,4,4,"[{""codigo_curso"":""40"",""curso"":""Engenharia Mecânica"",""vagas_regular"":1,""vagas_vestibulando"":0,""vagas"":1,""inscritos_regular"":1,""inscritos_vestibulando"":0,""inscritos"":1},{""codigo_curso"":""31"",""curso"":""Ciência da Computação"",""vagas_regular"":8,""vagas_vestibulando"":45,""vagas"":53,""inscritos_regular"":7,""inscritos_vestibulando"":45,""inscritos"":52},{""codigo_curso"":""41"",""curso"":""Engenharia de Telecomunicações"",""vagas_regular"":1,""vagas_vestibulando"":0,""vagas"":1,""inscritos_regular"":1,""inscritos_vestibulando"":0,""inscritos"":1},{""codigo_curso"":""123"",""curso"":""Inteligência Artificial e Ciência de Dados"",""vagas_regular"":0,""vagas_vestibulando"":1,""vagas"":1,""inscritos_regular"":0,""inscritos_vestibulando"":1,""inscritos"":1},{""codigo_curso"":""25"",""curso"":""Física"",""vagas_regular"":1,""vagas_vestibulando"":0,""vagas"":1,""inscritos_regular"":1,""inscritos_vestibulando"":0,""inscritos"":1}]",Quadro de Horários UFF — páginas públicas de listagem e detalhe
2026-2,TCC00297,INTELIGÊNCIA ARTIFICIAL,A1,/graduacao/quadrodehorarios/turmas/100000462039,,Ter 11:00-13:00; Qui 11:00-13:00,Ter-Qui,CC,False,31;37,False,61,28,60,27,0,0,1,1,"[{""codigo_curso"":""31"",""curso"":""Ciência da Computação"",""vagas_regular"":60,""vagas_vestibulando"":0,""vagas"":60,""inscritos_regular"":27,""inscritos_vestibulando"":0,""inscritos"":27},{""codigo_curso"":""37"",""curso"":""Engenharia Civil"",""vagas_regular"":1,""vagas_vestibulando"":0,""vagas"":1,""inscritos_regular"":1,""inscritos_vestibulando"":0,""inscritos"":1}]",Quadro de Horários UFF — páginas públicas de listagem e detalhe
2026-2,TCC00298,INTERFACE HOMEM-MÁQUINA,A1,/graduacao/quadrodehorarios/turmas/100000462040,,Seg 11:00-13:00; Qua 11:00-13:00,Seg-Qua,CC,False,31,False,60,50,60,50,0,0,0,0,"[{""codigo_curso"":""31"",""curso"":""Ciência da Computação"",""vagas_regular"":60,""vagas_vestibulando"":0,""vagas"":60,""inscritos_regular"":50,""inscritos_vestibulando"":0,""inscritos"":50}]",Quadro de Horários UFF — páginas públicas de listagem e detalhe
2026-2,TCC00301,LABORATÓRIO DE PROGRAMAÇÃO DE JOGOS,AA,/graduacao/quadrodehorarios/turmas/100000462109,,Ter 11:00-13:00,Ter,CC,False,31,False,35,35,35,35,0,0,0,0,"[{""codigo_curso"":""31"",""curso"":""Ciência da Computação"",""vagas_regular"":35,""vagas_vestibulando"":0,""vagas"":35,""inscritos_regular"":35,""inscritos_vestibulando"":0,""inscritos"":35}]",Quadro de Horários UFF — páginas públicas de listagem e detalhe
2026-2,TCC00301,LABORATÓRIO DE PROGRAMAÇÃO DE JOGOS,BA,/graduacao/quadrodehorarios/turmas/100000462110,,Qui 11:00-13:00,Qui,CC;SI,True,31;83,True,35,27,34,26,1,1,0,0,"[{""codigo_curso"":""31"",""curso"":""Ciência da Computação"",""vagas_regular"":32,""vagas_vestibulando"":2,""vagas"":34,""inscritos_regular"":24,""inscritos_vestibulando"":2,""inscritos"":26},{""codigo_curso"":""83"",""curso"":""Sistemas de Informação"",""vagas_regular"":1,""vagas_vestibulando"":0,""vagas"":1,""inscritos_regular"":1,""inscritos_vestibulando"":0,""inscritos"":1}]",Quadro de Horários UFF — páginas públicas de listagem e detalhe
2026-2,TCC00304,LINGUAGENS DE PROGRAMAÇÃO,A1,/graduacao/quadrodehorarios/turmas/100000462043,,Seg 11:00-13:00; Qua 11:00-13:00,Seg-Qua,CC,False,31;97,False,62,61,61,60,0,0,1,1,"[{""codigo_curso"":""97"",""curso"":""Disciplina Isolada"",""vagas_regular"":1,""vagas_vestibulando"":0,""vagas"":1,""inscritos_regular"":1,""inscritos_vestibulando"":0,""inscritos"":1},{""codigo_curso"":""31"",""curso"":""Ciência da Computação"",""vagas_regular"":61,""vagas_vestibulando"":0,""vagas"":61,""inscritos_regular"":60,""inscritos_vestibulando"":0,""inscritos"":60}]",Quadro de Horários UFF — páginas públicas de listagem e detalhe
2026-2,TCC00305,LINGUAGENS FORMAIS E TEORIA DA COMPUTAÇÃO,A1,/graduacao/quadrodehorarios/turmas/100000462044,,Seg 09:00-11:00; Qua 09:00-11:00,Seg-Qua,CC,False,31,False,60,59,60,59,0,0,0,0,"[{""codigo_curso"":""31"",""curso"":""Ciência da Computação"",""vagas_regular"":60,""vagas_vestibulando"":0,""vagas"":60,""inscritos_regular"":59,""inscritos_vestibulando"":0,""inscritos"":59}]",Quadro de Horários UFF — páginas públicas de listagem e detalhe
2026-2,TCC00305,LINGUAGENS FORMAIS E TEORIA DA COMPUTAÇÃO,X1,/graduacao/quadrodehorarios/turmas/100000464005,,Seg 09:00-11:00; Qua 09:00-11:00,Seg-Qua,CC,False,31,False,60,60,60,60,0,0,0,0,"[{""codigo_curso"":""31"",""curso"":""Ciência da Computação"",""vagas_regular"":60,""vagas_vestibulando"":0,""vagas"":60,""inscritos_regular"":60,""inscritos_vestibulando"":0,""inscritos"":60}]",Quadro de Horários UFF — páginas públicas de listagem e detalhe
2026-2,TCC00306,MÉTODOS NUMÉRICOS,A1,/graduacao/quadrodehorarios/turmas/100000462045,,Ter 09:00-11:00; Qui 09:00-11:00,Ter-Qui,CC,False,31,False,61,60,61,60,0,0,0,0,"[{""codigo_curso"":""31"",""curso"":""Ciência da Computação"",""vagas_regular"":61,""vagas_vestibulando"":0,""vagas"":61,""inscritos_regular"":60,""inscritos_vestibulando"":0,""inscritos"":60}]",Quadro de Horários UFF — páginas públicas de listagem e detalhe
2026-2,TCC00307,PROGRAMAÇÃO CIENTÍFICA,A1,/graduacao/quadrodehorarios/turmas/100000462049,,Ter 07:00-09:00; Qui 07:00-09:00,Ter-Qui,CC,False,31;50,False,65,65,61,61,0,0,4,4,"[{""codigo_curso"":""31"",""curso"":""Ciência da Computação"",""vagas_regular"":61,""vagas_vestibulando"":0,""vagas"":61,""inscritos_regular"":61,""inscritos_vestibulando"":0,""inscritos"":61},{""codigo_curso"":""50"",""curso"":""Geofísica"",""vagas_regular"":4,""vagas_vestibulando"":0,""vagas"":4,""inscritos_regular"":4,""inscritos_vestibulando"":0,""inscritos"":4}]",Quadro de Horários UFF — páginas públicas de listagem e detalhe
2026-2,TCC00308,PROGRAMAÇÃO DE COMPUTADORES I,A1,/graduacao/quadrodehorarios/turmas/100000462055,,Seg 16:00-18:00; Qua 16:00-18:00,Seg-Qua,CC,False,123;31,False,49,42,25,21,0,0,24,21,"[{""codigo_curso"":""123"",""curso"":""Inteligência Artificial e Ciência de Dados"",""vagas_regular"":5,""vagas_vestibulando"":19,""vagas"":24,""inscritos_regular"":3,""inscritos_vestibulando"":18,""inscritos"":21},{""codigo_curso"":""31"",""curso"":""Ciência da Computação"",""vagas_regular"":10,""vagas_vestibulando"":15,""vagas"":25,""inscritos_regular"":6,""inscritos_vestibulando"":15,""inscritos"":21}]",Quadro de Horários UFF — páginas públicas de listagem e detalhe
2026-2,TCC00308,PROGRAMAÇÃO DE COMPUTADORES I,B1,/graduacao/quadrodehorarios/turmas/100000462054,,Seg 16:00-18:00; Qua 16:00-18:00,Seg-Qua,CC,False,123;31,False,49,38,45,34,0,0,4,4,"[{""codigo_curso"":""31"",""curso"":""Ciência da Computação"",""vagas_regular"":10,""vagas_vestibulando"":35,""vagas"":45,""inscritos_regular"":1,""inscritos_vestibulando"":33,""inscritos"":34},{""codigo_curso"":""123"",""curso"":""Inteligência Artificial e Ciência de Dados"",""vagas_regular"":4,""vagas_vestibulando"":0,""vagas"":4,""inscritos_regular"":4,""inscritos_vestibulando"":0,""inscritos"":4}]",Quadro de Horários UFF — páginas públicas de listagem e detalhe
2026-2,TCC00312,PROJETO DE SOFTWARE,A1,/graduacao/quadrodehorarios/turmas/100000462074,,Seg 11:00-13:00; Qua 11:00-13:00,Seg-Qua,CC,False,31,False,61,61,61,61,0,0,0,0,"[{""codigo_curso"":""31"",""curso"":""Ciência da Computação"",""vagas_regular"":61,""vagas_vestibulando"":0,""vagas"":61,""inscritos_regular"":61,""inscritos_vestibulando"":0,""inscritos"":61}]",Quadro de Horários UFF — páginas públicas de listagem e detalhe
2026-2,TCC00313,REDES DE COMPUTADORES I,A1,/graduacao/quadrodehorarios/turmas/100000462084,,Ter 09:00-11:00; Qui 09:00-11:00,Ter-Qui,CC,False,31;83,True,62,43,60,41,2,2,0,0,"[{""codigo_curso"":""31"",""curso"":""Ciência da Computação"",""vagas_regular"":60,""vagas_vestibulando"":0,""vagas"":60,""inscritos_regular"":41,""inscritos_vestibulando"":0,""inscritos"":41},{""codigo_curso"":""83"",""curso"":""Sistemas de Informação"",""vagas_regular"":2,""vagas_vestibulando"":0,""vagas"":2,""inscritos_regular"":2,""inscritos_vestibulando"":0,""inscritos"":2}]",Quadro de Horários UFF — páginas públicas de listagem e detalhe
2026-2,TCC00314,REDES DE COMPUTADORES II,A1,/graduacao/quadrodehorarios/turmas/100000462085,,Ter 11:00-13:00; Qui 11:00-13:00,Ter-Qui,CC,False,31,False,60,49,60,49,0,0,0,0,"[{""codigo_curso"":""31"",""curso"":""Ciência da Computação"",""vagas_regular"":60,""vagas_vestibulando"":0,""vagas"":60,""inscritos_regular"":49,""inscritos_vestibulando"":0,""inscritos"":49}]",Quadro de Horários UFF — páginas públicas de listagem e detalhe
2026-2,TCC00315,SISTEMAS DISTRIBUÍDOS,A1,/graduacao/quadrodehorarios/turmas/100000462095,,Ter 09:00-11:00; Qui 09:00-11:00,Ter-Qui,CC;SI,True,31;83,True,60,53,58,52,2,1,0,0,"[{""codigo_curso"":""31"",""curso"":""Ciência da Computação"",""vagas_regular"":58,""vagas_vestibulando"":0,""vagas"":58,""inscritos_regular"":52,""inscritos_vestibulando"":0,""inscritos"":52},{""codigo_curso"":""83"",""curso"":""Sistemas de Informação"",""vagas_regular"":2,""vagas_vestibulando"":0,""vagas"":2,""inscritos_regular"":1,""inscritos_vestibulando"":0,""inscritos"":1}]",Quadro de Horários UFF — páginas públicas de listagem e detalhe
2026-2,TCC00316,SISTEMAS OPERACIONAIS,A1,/graduacao/quadrodehorarios/turmas/100000462101,,Ter 11:00-13:00; Qui 11:00-13:00,Ter-Qui,CC,False,31,False,60,59,60,59,0,0,0,0,"[{""codigo_curso"":""31"",""curso"":""Ciência da Computação"",""vagas_regular"":60,""vagas_vestibulando"":0,""vagas"":60,""inscritos_regular"":59,""inscritos_vestibulando"":0,""inscritos"":59}]",Quadro de Horários UFF — páginas públicas de listagem e detalhe
2026-2,TCC00318,PESQUISA OPERACIONAL,A1,/graduacao/quadrodehorarios/turmas/100000462047,,Ter 07:00-09:00; Qui 07:00-09:00,Ter-Qui,CC,False,31,False,60,60,60,60,0,0,0,0,"[{""codigo_curso"":""31"",""curso"":""Ciência da Computação"",""vagas_regular"":60,""vagas_vestibulando"":0,""vagas"":60,""inscritos_regular"":60,""inscritos_vestibulando"":0,""inscritos"":60}]",Quadro de Horários UFF — páginas públicas de listagem e detalhe
2026-2,TCC00324,GOVERNANÇA EM TECNOLOGIA DA INFORMAÇÃO,A1,/graduacao/quadrodehorarios/turmas/100000462038,,Sex 18:00-22:00,Sex,SI,False,23;41;83,False,60,55,0,0,55,53,5,2,"[{""codigo_curso"":""41"",""curso"":""Engenharia de Telecomunicações"",""vagas_regular"":2,""vagas_vestibulando"":0,""vagas"":2,""inscritos_regular"":2,""inscritos_vestibulando"":0,""inscritos"":2},{""codigo_curso"":""23"",""curso"":""Administração"",""vagas_regular"":3,""vagas_vestibulando"":0,""vagas"":3,""inscritos_regular"":0,""inscritos_vestibulando"":0,""inscritos"":0},{""codigo_curso"":""83"",""curso"":""Sistemas de Informação"",""vagas_regular"":55,""vagas_vestibulando"":0,""vagas"":55,""inscritos_regular"":53,""inscritos_vestibulando"":0,""inscritos"":53}]",Quadro de Horários UFF — páginas públicas de listagem e detalhe
2026-2,TCC00324,GOVERNANÇA EM TECNOLOGIA DA INFORMAÇÃO,Z1,/graduacao/quadrodehorarios/turmas/100000464302,,Sex 14:00-18:00,Sex,SI,False,83,False,1,1,0,0,1,1,0,0,"[{""codigo_curso"":""83"",""curso"":""Sistemas de Informação"",""vagas_regular"":1,""vagas_vestibulando"":0,""vagas"":1,""inscritos_regular"":1,""inscritos_vestibulando"":0,""inscritos"":1}]",Quadro de Horários UFF — páginas públicas de listagem e detalhe
2026-2,TCC00328,PROGRAMAÇÃO ORIENTADA A OBJETOS,A1,/graduacao/quadrodehorarios/turmas/100000462060,,Seg 11:00-13:00; Qua 11:00-13:00,Seg-Qua,CC,False,31;83,True,47,34,45,34,2,0,0,0,"[{""codigo_curso"":""31"",""curso"":""Ciência da Computação"",""vagas_regular"":44,""vagas_vestibulando"":1,""vagas"":45,""inscritos_regular"":33,""inscritos_vestibulando"":1,""inscritos"":34},{""codigo_curso"":""83"",""curso"":""Sistemas de Informação"",""vagas_regular"":2,""vagas_vestibulando"":0,""vagas"":2,""inscritos_regular"":0,""inscritos_vestibulando"":0,""inscritos"":0}]",Quadro de Horários UFF — páginas públicas de listagem e detalhe
2026-2,TCC00328,PROGRAMAÇÃO ORIENTADA A OBJETOS,B1,/graduacao/quadrodehorarios/turmas/100000463834,,Seg 11:00-13:00; Qua 11:00-13:00,Seg-Qua,CC,False,31;83,True,47,34,45,32,2,2,0,0,"[{""codigo_curso"":""83"",""curso"":""Sistemas de Informação"",""vagas_regular"":2,""vagas_vestibulando"":0,""vagas"":2,""inscritos_regular"":2,""inscritos_vestibulando"":0,""inscritos"":2},{""codigo_curso"":""31"",""curso"":""Ciência da Computação"",""vagas_regular"":44,""vagas_vestibulando"":1,""vagas"":45,""inscritos_regular"":31,""inscritos_vestibulando"":1,""inscritos"":32}]",Quadro de Horários UFF — páginas públicas de listagem e detalhe
2026-2,TCC00330,MODELAGEM DE PROCESSOS DE NEGÓCIOS,A1,/graduacao/quadrodehorarios/turmas/100000462046,,Sex 18:00-22:00,Sex,CC;SI,True,31;83,True,64,59,3,3,61,56,0,0,"[{""codigo_curso"":""83"",""curso"":""Sistemas de Informação"",""vagas_regular"":60,""vagas_vestibulando"":1,""vagas"":61,""inscritos_regular"":56,""inscritos_vestibulando"":0,""inscritos"":56},{""codigo_curso"":""31"",""curso"":""Ciência da Computação"",""vagas_regular"":3,""vagas_vestibulando"":0,""vagas"":3,""inscritos_regular"":3,""inscritos_vestibulando"":0,""inscritos"":3}]",Quadro de Horários UFF — páginas públicas de listagem e detalhe
2026-2,TCC00331,ESTRUTURAS DE DADOS PARA SISTEMAS DE INFORMAÇÃO,A1,/graduacao/quadrodehorarios/turmas/100000462010,,Seg 18:00-20:00; Qua 18:00-20:00,Seg-Qua,SI,False,83,False,45,38,0,0,45,38,0,0,"[{""codigo_curso"":""83"",""curso"":""Sistemas de Informação"",""vagas_regular"":40,""vagas_vestibulando"":5,""vagas"":45,""inscritos_regular"":37,""inscritos_vestibulando"":1,""inscritos"":38}]",Quadro de Horários UFF — páginas públicas de listagem e detalhe
2026-2,TCC00331,ESTRUTURAS DE DADOS PARA SISTEMAS DE INFORMAÇÃO,B1,/graduacao/quadrodehorarios/turmas/100000462008,,Seg 18:00-20:00; Qua 18:00-20:00,Seg-Qua,SI,False,83,False,45,38,0,0,45,38,0,0,"[{""codigo_curso"":""83"",""curso"":""Sistemas de Informação"",""vagas_regular"":45,""vagas_vestibulando"":0,""vagas"":45,""inscritos_regular"":38,""inscritos_vestibulando"":0,""inscritos"":38}]",Quadro de Horários UFF — páginas públicas de listagem e detalhe
2026-2,TCC00332,FUNDAMENTOS DE SISTEMAS DE INFORMAÇÃO,A1,/graduacao/quadrodehorarios/turmas/100000462025,,Ter 20:00-22:00; Qui 20:00-22:00,Ter-Qui,SI,False,15;23;41;83,False,44,37,0,0,35,32,9,5,"[{""codigo_curso"":""83"",""curso"":""Sistemas de Informação"",""vagas_regular"":5,""vagas_vestibulando"":30,""vagas"":35,""inscritos_regular"":2,""inscritos_vestibulando"":30,""inscritos"":32},{""codigo_curso"":""41"",""curso"":""Engenharia de Telecomunicações"",""vagas_regular"":5,""vagas_vestibulando"":0,""vagas"":5,""inscritos_regular"":5,""inscritos_vestibulando"":0,""inscritos"":5},{""codigo_curso"":""23"",""curso"":""Administração"",""vagas_regular"":3,""vagas_vestibulando"":0,""vagas"":3,""inscritos_regular"":0,""inscritos_vestibulando"":0,""inscritos"":0},{""codigo_curso"":""15"",""curso"":""Farmácia"",""vagas_regular"":1,""vagas_vestibulando"":0,""vagas"":1,""inscritos_regular"":0,""inscritos_vestibulando"":0,""inscritos"":0}]",Quadro de Horários UFF — páginas públicas de listagem e detalhe
2026-2,TCC00332,FUNDAMENTOS DE SISTEMAS DE INFORMAÇÃO,B1,/graduacao/quadrodehorarios/turmas/100000462023,,Ter 18:00-20:00; Qui 18:00-20:00,Ter-Qui,SI,False,41;83,False,42,32,0,0,37,30,5,2,"[{""codigo_curso"":""83"",""curso"":""Sistemas de Informação"",""vagas_regular"":6,""vagas_vestibulando"":31,""vagas"":37,""inscritos_regular"":2,""inscritos_vestibulando"":28,""inscritos"":30},{""codigo_curso"":""41"",""curso"":""Engenharia de Telecomunicações"",""vagas_regular"":5,""vagas_vestibulando"":0,""vagas"":5,""inscritos_regular"":2,""inscritos_vestibulando"":0,""inscritos"":2}]",Quadro de Horários UFF — páginas públicas de listagem e detalhe
2026-2,TCC00334,PRINCÍPIOS DE BANCO DE DADOS,A1,/graduacao/quadrodehorarios/turmas/100000462048,,Qua 18:00-20:00; Sex 18:00-20:00,Qua-Sex,SI,False,42;83,False,62,59,0,0,56,54,6,5,"[{""codigo_curso"":""42"",""curso"":""Engenharia de Produção"",""vagas_regular"":6,""vagas_vestibulando"":0,""vagas"":6,""inscritos_regular"":5,""inscritos_vestibulando"":0,""inscritos"":5},{""codigo_curso"":""83"",""curso"":""Sistemas de Informação"",""vagas_regular"":55,""vagas_vestibulando"":1,""vagas"":56,""inscritos_regular"":54,""inscritos_vestibulando"":0,""inscritos"":54}]",Quadro de Horários UFF — páginas públicas de listagem e detalhe
2026-2,TCC00335,PROJETO DE BANCO DE DADOS PARA SISTEMAS DE INFORMAÇÃO,A1,/graduacao/quadrodehorarios/turmas/100000462068,,Seg 20:00-22:00; Qua 20:00-22:00,Seg-Qua,SI,False,83,False,55,50,0,0,55,50,0,0,"[{""codigo_curso"":""83"",""curso"":""Sistemas de Informação"",""vagas_regular"":55,""vagas_vestibulando"":0,""vagas"":55,""inscritos_regular"":50,""inscritos_vestibulando"":0,""inscritos"":50}]",Quadro de Horários UFF — páginas públicas de listagem e detalhe
2026-2,TCC00336,BANCOS DE DADOS NÃO CONVENCIONAIS,A1,/graduacao/quadrodehorarios/turmas/100000457658,,Seg 20:00-22:00; Qua 20:00-22:00,Seg-Qua,SI,False,83,False,52,51,0,0,52,51,0,0,"[{""codigo_curso"":""83"",""curso"":""Sistemas de Informação"",""vagas_regular"":51,""vagas_vestibulando"":1,""vagas"":52,""inscritos_regular"":51,""inscritos_vestibulando"":0,""inscritos"":51}]",Quadro de Horários UFF — páginas públicas de listagem e detalhe
2026-2,TCC00337,INTRODUÇÃO A INTERAÇÃO HUMANO-COMPUTADOR,A1,/graduacao/quadrodehorarios/turmas/100000462041,,Qui 18:00-22:00,Qui,SI,False,23;31;83,True,62,58,2,2,57,56,3,0,"[{""codigo_curso"":""23"",""curso"":""Administração"",""vagas_regular"":3,""vagas_vestibulando"":0,""vagas"":3,""inscritos_regular"":0,""inscritos_vestibulando"":0,""inscritos"":0},{""codigo_curso"":""83"",""curso"":""Sistemas de Informação"",""vagas_regular"":56,""vagas_vestibulando"":1,""vagas"":57,""inscritos_regular"":56,""inscritos_vestibulando"":0,""inscritos"":56},{""codigo_curso"":""31"",""curso"":""Ciência da Computação"",""vagas_regular"":2,""vagas_vestibulando"":0,""vagas"":2,""inscritos_regular"":2,""inscritos_vestibulando"":0,""inscritos"":2}]",Quadro de Horários UFF — páginas públicas de listagem e detalhe
2026-2,TCC00338,PROJETO DE SOFTWARE,A1,/graduacao/quadrodehorarios/turmas/100000462075,,Ter 20:00-22:00; Qui 20:00-22:00,Ter-Qui,SI,False,83,False,61,48,0,0,61,48,0,0,"[{""codigo_curso"":""83"",""curso"":""Sistemas de Informação"",""vagas_regular"":60,""vagas_vestibulando"":1,""vagas"":61,""inscritos_regular"":48,""inscritos_vestibulando"":0,""inscritos"":48}]",Quadro de Horários UFF — páginas públicas de listagem e detalhe
2026-2,TCC00341,SEGURANÇA DA INFORMAÇÃO,A1,/graduacao/quadrodehorarios/turmas/100000462086,,Seg 20:00-22:00; Qua 20:00-22:00,Seg-Qua,SI,False,83,False,65,61,0,0,65,61,0,0,"[{""codigo_curso"":""83"",""curso"":""Sistemas de Informação"",""vagas_regular"":64,""vagas_vestibulando"":1,""vagas"":65,""inscritos_regular"":61,""inscritos_vestibulando"":0,""inscritos"":61}]",Quadro de Horários UFF — páginas públicas de listagem e detalhe
2026-2,TCC00344,LABORATÓRIO DE PROGRAMAÇÃO PARALELA I,AA,/graduacao/quadrodehorarios/turmas/100000462111,,Seg 07:00-09:00; Qua 07:00-09:00,Seg-Qua,CC,False,31,False,60,55,60,55,0,0,0,0,"[{""codigo_curso"":""31"",""curso"":""Ciência da Computação"",""vagas_regular"":60,""vagas_vestibulando"":0,""vagas"":60,""inscritos_regular"":55,""inscritos_vestibulando"":0,""inscritos"":55}]",Quadro de Horários UFF — páginas públicas de listagem e detalhe
2026-2,TCC00346,LABORATÓRIO DE RESOLUÇÃO DE PROBLEMAS,AA,/graduacao/quadrodehorarios/turmas/100000462112,,Ter 16:00-18:00,Ter,CC,False,31;41,False,36,35,35,34,0,0,1,1,"[{""codigo_curso"":""31"",""curso"":""Ciência da Computação"",""vagas_regular"":5,""vagas_vestibulando"":30,""vagas"":35,""inscritos_regular"":5,""inscritos_vestibulando"":29,""inscritos"":34},{""codigo_curso"":""41"",""curso"":""Engenharia de Telecomunicações"",""vagas_regular"":1,""vagas_vestibulando"":0,""vagas"":1,""inscritos_regular"":1,""inscritos_vestibulando"":0,""inscritos"":1}]",Quadro de Horários UFF — páginas públicas de listagem e detalhe
2026-2,TCC00346,LABORATÓRIO DE RESOLUÇÃO DE PROBLEMAS,BA,/graduacao/quadrodehorarios/turmas/100000462113,,Qui 16:00-18:00,Qui,CC,False,31,False,35,31,35,31,0,0,0,0,"[{""codigo_curso"":""31"",""curso"":""Ciência da Computação"",""vagas_regular"":12,""vagas_vestibulando"":23,""vagas"":35,""inscritos_regular"":12,""inscritos_vestibulando"":19,""inscritos"":31}]",Quadro de Horários UFF — páginas públicas de listagem e detalhe
2026-2,TCC00347,PROGRAMAÇÃO ESTRUTURADA,A1,/graduacao/quadrodehorarios/turmas/100000462059,,Ter 09:00-11:00; Qui 09:00-11:00,Ter-Qui,CC,False,31,False,50,50,50,50,0,0,0,0,"[{""codigo_curso"":""31"",""curso"":""Ciência da Computação"",""vagas_regular"":50,""vagas_vestibulando"":0,""vagas"":50,""inscritos_regular"":50,""inscritos_vestibulando"":0,""inscritos"":50}]",Quadro de Horários UFF — páginas públicas de listagem e detalhe
2026-2,TCC00347,PROGRAMAÇÃO ESTRUTURADA,B1,/graduacao/quadrodehorarios/turmas/100000462058,,Ter 14:00-16:00; Qui 14:00-16:00,Ter-Qui,CC,False,123;25;31;37;40;54,False,50,46,34,33,0,0,16,13,"[{""codigo_curso"":""123"",""curso"":""Inteligência Artificial e Ciência de Dados"",""vagas_regular"":9,""vagas_vestibulando"":0,""vagas"":9,""inscritos_regular"":9,""inscritos_vestibulando"":0,""inscritos"":9},{""codigo_curso"":""31"",""curso"":""Ciência da Computação"",""vagas_regular"":33,""vagas_vestibulando"":1,""vagas"":34,""inscritos_regular"":32,""inscritos_vestibulando"":1,""inscritos"":33},{""codigo_curso"":""37"",""curso"":""Engenharia Civil"",""vagas_regular"":1,""vagas_vestibulando"":0,""vagas"":1,""inscritos_regular"":1,""inscritos_vestibulando"":0,""inscritos"":1},{""codigo_curso"":""54"",""curso"":""Estatística"",""vagas_regular"":3,""vagas_vestibulando"":0,""vagas"":3,""inscritos_regular"":0,""inscritos_vestibulando"":0,""inscritos"":0},{""codigo_curso"":""40"",""curso"":""Engenharia Mecânica"",""vagas_regular"":2,""vagas_vestibulando"":0,""vagas"":2,""inscritos_regular"":2,""inscritos_vestibulando"":0,""inscritos"":2},{""codigo_curso"":""25"",""curso"":""Física"",""vagas_regular"":1,""vagas_vestibulando"":0,""vagas"":1,""inscritos_regular"":1,""inscritos_vestibulando"":0,""inscritos"":1}]",Quadro de Horários UFF — páginas públicas de listagem e detalhe
2026-2,TCC00348,ESTRUTURAS DE DADOS E SEUS ALGORITIMOS,A1,/graduacao/quadrodehorarios/turmas/100000462005,,Ter 11:00-13:00; Qui 11:00-13:00,Ter-Qui,CC,False,31;83;97,True,54,50,50,49,1,1,3,0,"[{""codigo_curso"":""31"",""curso"":""Ciência da Computação"",""vagas_regular"":49,""vagas_vestibulando"":1,""vagas"":50,""inscritos_regular"":48,""inscritos_vestibulando"":1,""inscritos"":49},{""codigo_curso"":""83"",""curso"":""Sistemas de Informação"",""vagas_regular"":1,""vagas_vestibulando"":0,""vagas"":1,""inscritos_regular"":1,""inscritos_vestibulando"":0,""inscritos"":1},{""codigo_curso"":""97"",""curso"":""Disciplina Isolada"",""vagas_regular"":3,""vagas_vestibulando"":0,""vagas"":3,""inscritos_regular"":0,""inscritos_vestibulando"":0,""inscritos"":0}]",Quadro de Horários UFF — páginas públicas de listagem e detalhe
2026-2,TCC00348,ESTRUTURAS DE DADOS E SEUS ALGORITIMOS,B1,/graduacao/quadrodehorarios/turmas/100000462006,,Ter 11:00-13:00; Qui 11:00-13:00,Ter-Qui,CC,False,31,False,50,50,50,50,0,0,0,0,"[{""codigo_curso"":""31"",""curso"":""Ciência da Computação"",""vagas_regular"":50,""vagas_vestibulando"":0,""vagas"":50,""inscritos_regular"":50,""inscritos_vestibulando"":0,""inscritos"":50}]",Quadro de Horários UFF — páginas públicas de listagem e detalhe
2026-2,TCC00349,AVALIAÇÃO DE DESEMPENHO,A1,/graduacao/quadrodehorarios/turmas/100000457657,,Ter 07:00-09:00; Qui 07:00-09:00,Ter-Qui,CC,False,31,False,60,35,60,35,0,0,0,0,"[{""codigo_curso"":""31"",""curso"":""Ciência da Computação"",""vagas_regular"":60,""vagas_vestibulando"":0,""vagas"":60,""inscritos_regular"":35,""inscritos_vestibulando"":0,""inscritos"":35}]",Quadro de Horários UFF — páginas públicas de listagem e detalhe
2026-2,TCC00354,FUNDAMENTOS MATEMÁTICOS PARA COMPUTAÇÃO,A1,/graduacao/quadrodehorarios/turmas/100000462029,,Ter 18:00-20:00; Qui 18:00-20:00,Ter-Qui,SI,False,15;83,False,45,42,0,0,44,41,1,1,"[{""codigo_curso"":""83"",""curso"":""Sistemas de Informação"",""vagas_regular"":14,""vagas_vestibulando"":30,""vagas"":44,""inscritos_regular"":14,""inscritos_vestibulando"":27,""inscritos"":41},{""codigo_curso"":""15"",""curso"":""Farmácia"",""vagas_regular"":1,""vagas_vestibulando"":0,""vagas"":1,""inscritos_regular"":1,""inscritos_vestibulando"":0,""inscritos"":1}]",Quadro de Horários UFF — páginas públicas de listagem e detalhe
2026-2,TCC00354,FUNDAMENTOS MATEMÁTICOS PARA COMPUTAÇÃO,B1,/graduacao/quadrodehorarios/turmas/100000462031,,Ter 20:00-22:00; Qui 20:00-22:00,Ter-Qui,SI,False,83,False,45,43,0,0,45,43,0,0,"[{""codigo_curso"":""83"",""curso"":""Sistemas de Informação"",""vagas_regular"":14,""vagas_vestibulando"":31,""vagas"":45,""inscritos_regular"":14,""inscritos_vestibulando"":29,""inscritos"":43}]",Quadro de Horários UFF — páginas públicas de listagem e detalhe
2026-2,TCC00355,LABORATÓRIO DE RESOLUÇÃO DE PROBLEMAS,EA,/graduacao/quadrodehorarios/turmas/100000462105,,Seg 20:00-22:00; Qua 20:00-22:00,Seg-Qua,SI,False,15;18;83,False,47,42,0,0,45,40,2,2,"[{""codigo_curso"":""83"",""curso"":""Sistemas de Informação"",""vagas_regular"":15,""vagas_vestibulando"":30,""vagas"":45,""inscritos_regular"":13,""inscritos_vestibulando"":27,""inscritos"":40},{""codigo_curso"":""18"",""curso"":""Medicina Veterinária"",""vagas_regular"":1,""vagas_vestibulando"":0,""vagas"":1,""inscritos_regular"":1,""inscritos_vestibulando"":0,""inscritos"":1},{""codigo_curso"":""15"",""curso"":""Farmácia"",""vagas_regular"":1,""vagas_vestibulando"":0,""vagas"":1,""inscritos_regular"":1,""inscritos_vestibulando"":0,""inscritos"":1}]",Quadro de Horários UFF — páginas públicas de listagem e detalhe
2026-2,TCC00355,LABORATÓRIO DE RESOLUÇÃO DE PROBLEMAS,FA,/graduacao/quadrodehorarios/turmas/100000462107,,Seg 20:00-22:00; Qua 20:00-22:00,Seg-Qua,SI,False,83,False,45,39,0,0,45,39,0,0,"[{""codigo_curso"":""83"",""curso"":""Sistemas de Informação"",""vagas_regular"":14,""vagas_vestibulando"":31,""vagas"":45,""inscritos_regular"":12,""inscritos_vestibulando"":27,""inscritos"":39}]",Quadro de Horários UFF — páginas públicas de listagem e detalhe
2026-2,TCC00356,PROGRAMAÇÃO DE COMPUTADORES II,A1,/graduacao/quadrodehorarios/turmas/100000462056,,Seg 20:00-22:00; Qua 20:00-22:00,Seg-Qua,SI,False,20;83,False,47,30,0,0,46,29,1,1,"[{""codigo_curso"":""83"",""curso"":""Sistemas de Informação"",""vagas_regular"":45,""vagas_vestibulando"":1,""vagas"":46,""inscritos_regular"":28,""inscritos_vestibulando"":1,""inscritos"":29},{""codigo_curso"":""20"",""curso"":""Matemática"",""vagas_regular"":1,""vagas_vestibulando"":0,""vagas"":1,""inscritos_regular"":1,""inscritos_vestibulando"":0,""inscritos"":1}]",Quadro de Horários UFF — páginas públicas de listagem e detalhe
2026-2,TCC00356,PROGRAMAÇÃO DE COMPUTADORES II,B1,/graduacao/quadrodehorarios/turmas/100000462057,,Seg 18:00-20:00; Qua 18:00-20:00,Seg-Qua,SI,False,27;83,False,45,34,0,0,44,33,1,1,"[{""codigo_curso"":""83"",""curso"":""Sistemas de Informação"",""vagas_regular"":39,""vagas_vestibulando"":5,""vagas"":44,""inscritos_regular"":32,""inscritos_vestibulando"":1,""inscritos"":33},{""codigo_curso"":""27"",""curso"":""Engenharia Química"",""vagas_regular"":1,""vagas_vestibulando"":0,""vagas"":1,""inscritos_regular"":1,""inscritos_vestibulando"":0,""inscritos"":1}]",Quadro de Horários UFF — páginas públicas de listagem e detalhe
2026-2,TCC00357,PROGRAMAÇÃO ORIENTADA A OBJETOS I,A1,/graduacao/quadrodehorarios/turmas/100000462063,,Seg 18:00-22:00,Seg,SI,False,83,False,66,62,0,0,66,62,0,0,"[{""codigo_curso"":""83"",""curso"":""Sistemas de Informação"",""vagas_regular"":65,""vagas_vestibulando"":1,""vagas"":66,""inscritos_regular"":61,""inscritos_vestibulando"":1,""inscritos"":62}]",Quadro de Horários UFF — páginas públicas de listagem e detalhe
2026-2,TCC00358,SISTEMAS COMPUTACIONAIS,A1,/graduacao/quadrodehorarios/turmas/100000462087,,Qui 18:00-22:00,Qui,SI,False,83,False,40,37,0,0,40,37,0,0,"[{""codigo_curso"":""83"",""curso"":""Sistemas de Informação"",""vagas_regular"":38,""vagas_vestibulando"":2,""vagas"":40,""inscritos_regular"":37,""inscritos_vestibulando"":0,""inscritos"":37}]",Quadro de Horários UFF — páginas públicas de listagem e detalhe
2026-2,TCC00358,SISTEMAS COMPUTACIONAIS,B1,/graduacao/quadrodehorarios/turmas/100000462094,,Qui 18:00-22:00,Qui,SI,False,41;83,False,40,29,0,0,39,28,1,1,"[{""codigo_curso"":""83"",""curso"":""Sistemas de Informação"",""vagas_regular"":37,""vagas_vestibulando"":2,""vagas"":39,""inscritos_regular"":28,""inscritos_vestibulando"":0,""inscritos"":28},{""codigo_curso"":""41"",""curso"":""Engenharia de Telecomunicações"",""vagas_regular"":1,""vagas_vestibulando"":0,""vagas"":1,""inscritos_regular"":1,""inscritos_vestibulando"":0,""inscritos"":1}]",Quadro de Horários UFF — páginas públicas de listagem e detalhe
2026-2,TCC00359,REDES DE COMPUTADORES,A1,/graduacao/quadrodehorarios/turmas/100000462077,,Qua 20:00-22:00; Sex 20:00-22:00,Qua-Sex,SI,False,83,False,75,71,0,0,75,71,0,0,"[{""codigo_curso"":""83"",""curso"":""Sistemas de Informação"",""vagas_regular"":74,""vagas_vestibulando"":1,""vagas"":75,""inscritos_regular"":71,""inscritos_vestibulando"":0,""inscritos"":71}]",Quadro de Horários UFF — páginas públicas de listagem e detalhe
2026-2,TCC00360,VISUALIZAÇÃO DE DADOS,A1,/graduacao/quadrodehorarios/turmas/100000462103,,Seg 18:00-20:00; Qua 18:00-20:00,Seg-Qua,SI,False,83,False,60,55,0,0,60,55,0,0,"[{""codigo_curso"":""83"",""curso"":""Sistemas de Informação"",""vagas_regular"":58,""vagas_vestibulando"":2,""vagas"":60,""inscritos_regular"":54,""inscritos_vestibulando"":1,""inscritos"":55}]",Quadro de Horários UFF — páginas públicas de listagem e detalhe
2026-2,TCC00360,VISUALIZAÇÃO DE DADOS,Z1,/graduacao/quadrodehorarios/turmas/100000464114,,Seg 14:00-16:00; Qua 14:00-16:00,Seg-Qua,SI,False,83,False,1,1,0,0,1,1,0,0,"[{""codigo_curso"":""83"",""curso"":""Sistemas de Informação"",""vagas_regular"":1,""vagas_vestibulando"":0,""vagas"":1,""inscritos_regular"":1,""inscritos_vestibulando"":0,""inscritos"":1}]",Quadro de Horários UFF — páginas públicas de listagem e detalhe
2026-2,TCC00361,INTRODUÇÃO AO DESENVOLVIMENTO WEB,A1,/graduacao/quadrodehorarios/turmas/100000462042,,Sex 18:00-22:00,Sex,SI,False,31;83,True,87,76,2,2,85,74,0,0,"[{""codigo_curso"":""31"",""curso"":""Ciência da Computação"",""vagas_regular"":2,""vagas_vestibulando"":0,""vagas"":2,""inscritos_regular"":2,""inscritos_vestibulando"":0,""inscritos"":2},{""codigo_curso"":""83"",""curso"":""Sistemas de Informação"",""vagas_regular"":84,""vagas_vestibulando"":1,""vagas"":85,""inscritos_regular"":74,""inscritos_vestibulando"":0,""inscritos"":74}]",Quadro de Horários UFF — páginas públicas de listagem e detalhe
2026-2,TCC00362,SISTEMAS DISTRIBUÍDOS PARA SISTEMAS DE INFORMAÇÃO,A1,/graduacao/quadrodehorarios/turmas/100000462099,,Ter 18:00-22:00,Ter,SI,False,83;97,False,63,61,0,0,62,60,1,1,"[{""codigo_curso"":""97"",""curso"":""Disciplina Isolada"",""vagas_regular"":1,""vagas_vestibulando"":0,""vagas"":1,""inscritos_regular"":1,""inscritos_vestibulando"":0,""inscritos"":1},{""codigo_curso"":""83"",""curso"":""Sistemas de Informação"",""vagas_regular"":61,""vagas_vestibulando"":1,""vagas"":62,""inscritos_regular"":60,""inscritos_vestibulando"":0,""inscritos"":60}]",Quadro de Horários UFF — páginas públicas de listagem e detalhe
2026-2,TCC00363,GERÊNCIA DE PROJETO E MANUTENÇÃO DE SOFTWARE,A1,/graduacao/quadrodehorarios/turmas/100000462036,,Ter 18:00-20:00; Qui 18:00-20:00,Ter-Qui,SI,False,83,False,61,60,0,0,61,60,0,0,"[{""codigo_curso"":""83"",""curso"":""Sistemas de Informação"",""vagas_regular"":60,""vagas_vestibulando"":1,""vagas"":61,""inscritos_regular"":60,""inscritos_vestibulando"":0,""inscritos"":60}]",Quadro de Horários UFF — páginas públicas de listagem e detalhe
2026-2,TCC00365,QUALIDADE E TESTE DE SOFTWARE,A1,/graduacao/quadrodehorarios/turmas/100000462076,,Seg 18:00-20:00; Qua 18:00-20:00,Seg-Qua,SI,False,83,False,54,52,0,0,54,52,0,0,"[{""codigo_curso"":""83"",""curso"":""Sistemas de Informação"",""vagas_regular"":54,""vagas_vestibulando"":0,""vagas"":54,""inscritos_regular"":52,""inscritos_vestibulando"":0,""inscritos"":52}]",Quadro de Horários UFF — páginas públicas de listagem e detalhe
2026-2,TCC00366,PROGRAMAÇÃO DE COMPUTADORES I,A1,/graduacao/quadrodehorarios/turmas/100000462052,,Seg 18:00-20:00; Qua 18:00-20:00,Seg-Qua,SI,False,23;83,False,44,31,0,0,41,31,3,0,"[{""codigo_curso"":""23"",""curso"":""Administração"",""vagas_regular"":3,""vagas_vestibulando"":0,""vagas"":3,""inscritos_regular"":0,""inscritos_vestibulando"":0,""inscritos"":0},{""codigo_curso"":""83"",""curso"":""Sistemas de Informação"",""vagas_regular"":11,""vagas_vestibulando"":30,""vagas"":41,""inscritos_regular"":4,""inscritos_vestibulando"":27,""inscritos"":31}]",Quadro de Horários UFF — páginas públicas de listagem e detalhe
2026-2,TCC00366,PROGRAMAÇÃO DE COMPUTADORES I,B1,/graduacao/quadrodehorarios/turmas/100000462053,,Seg 18:00-20:00; Qua 18:00-20:00,Seg-Qua,SI,False,102;15;18;83,False,48,39,0,0,45,36,3,3,"[{""codigo_curso"":""83"",""curso"":""Sistemas de Informação"",""vagas_regular"":14,""vagas_vestibulando"":31,""vagas"":45,""inscritos_regular"":10,""inscritos_vestibulando"":26,""inscritos"":36},{""codigo_curso"":""18"",""curso"":""Medicina Veterinária"",""vagas_regular"":1,""vagas_vestibulando"":0,""vagas"":1,""inscritos_regular"":1,""inscritos_vestibulando"":0,""inscritos"":1},{""codigo_curso"":""102"",""curso"":""Segurança Pública"",""vagas_regular"":1,""vagas_vestibulando"":0,""vagas"":1,""inscritos_regular"":1,""inscritos_vestibulando"":0,""inscritos"":1},{""codigo_curso"":""15"",""curso"":""Farmácia"",""vagas_regular"":1,""vagas_vestibulando"":0,""vagas"":1,""inscritos_regular"":1,""inscritos_vestibulando"":0,""inscritos"":1}]",Quadro de Horários UFF — páginas públicas de listagem e detalhe
2026-2,TCC00368,PESQUISA OPERACIONAL PARA SISTEMAS DE INFORMAÇÃO,A1,/graduacao/quadrodehorarios/turmas/100000457765,,Ter 20:00-22:00; Qui 20:00-22:00,Ter-Qui,SI,False,83,False,61,58,0,0,61,58,0,0,"[{""codigo_curso"":""83"",""curso"":""Sistemas de Informação"",""vagas_regular"":60,""vagas_vestibulando"":1,""vagas"":61,""inscritos_regular"":58,""inscritos_vestibulando"":0,""inscritos"":58}]",Quadro de Horários UFF — páginas públicas de listagem e detalhe
2026-2,TCC00371,ÉTICA EM INTELIGÊNCIA ARTIFICIAL E CIÊNCIA DE DADOS,A1,/graduacao/quadrodehorarios/turmas/100000462014,,Ter 09:00-11:00; Qui 09:00-11:00,Ter-Qui,CC,False,123;31;83;97,True,52,32,10,5,15,9,27,18,"[{""codigo_curso"":""123"",""curso"":""Inteligência Artificial e Ciência de Dados"",""vagas_regular"":5,""vagas_vestibulando"":20,""vagas"":25,""inscritos_regular"":1,""inscritos_vestibulando"":17,""inscritos"":18},{""codigo_curso"":""31"",""curso"":""Ciência da Computação"",""vagas_regular"":10,""vagas_vestibulando"":0,""vagas"":10,""inscritos_regular"":5,""inscritos_vestibulando"":0,""inscritos"":5},{""codigo_curso"":""83"",""curso"":""Sistemas de Informação"",""vagas_regular"":15,""vagas_vestibulando"":0,""vagas"":15,""inscritos_regular"":9,""inscritos_vestibulando"":0,""inscritos"":9},{""codigo_curso"":""97"",""curso"":""Disciplina Isolada"",""vagas_regular"":2,""vagas_vestibulando"":0,""vagas"":2,""inscritos_regular"":0,""inscritos_vestibulando"":0,""inscritos"":0}]",Quadro de Horários UFF — páginas públicas de listagem e detalhe
2026-2,TEC00209,PROPRIEDADE INDUSTRIAL,A1,/graduacao/quadrodehorarios/turmas/100000460255,,Sex 14:00-18:00,Sex,CC,False,31;37;40;42;56;96,False,93,56,14,13,0,0,79,43,"[{""codigo_curso"":""96"",""curso"":""Desenho Industrial"",""vagas_regular"":40,""vagas_vestibulando"":0,""vagas"":40,""inscritos_regular"":25,""inscritos_vestibulando"":0,""inscritos"":25},{""codigo_curso"":""40"",""curso"":""Engenharia Mecânica"",""vagas_regular"":8,""vagas_vestibulando"":0,""vagas"":8,""inscritos_regular"":4,""inscritos_vestibulando"":0,""inscritos"":4},{""codigo_curso"":""31"",""curso"":""Ciência da Computação"",""vagas_regular"":14,""vagas_vestibulando"":0,""vagas"":14,""inscritos_regular"":13,""inscritos_vestibulando"":0,""inscritos"":13},{""codigo_curso"":""37"",""curso"":""Engenharia Civil"",""vagas_regular"":6,""vagas_vestibulando"":0,""vagas"":6,""inscritos_regular"":1,""inscritos_vestibulando"":0,""inscritos"":1},{""codigo_curso"":""56"",""curso"":""Eng. de Recursos Hídricos e Meio Ambiente"",""vagas_regular"":10,""vagas_vestibulando"":0,""vagas"":10,""inscritos_regular"":1,""inscritos_vestibulando"":0,""inscritos"":1},{""codigo_curso"":""42"",""curso"":""Engenharia de Produção"",""vagas_regular"":15,""vagas_vestibulando"":0,""vagas"":15,""inscritos_regular"":12,""inscritos_vestibulando"":0,""inscritos"":12}]",Quadro de Horários UFF — páginas públicas de listagem e detalhe
2026-2,TEC00209,PROPRIEDADE INDUSTRIAL,B1,/graduacao/quadrodehorarios/turmas/100000460278,,Sex 08:00-12:00,Sex,CC,False,31;37;38;40;42;56;96,False,102,54,37,37,0,0,65,17,"[{""codigo_curso"":""42"",""curso"":""Engenharia de Produção"",""vagas_regular"":12,""vagas_vestibulando"":0,""vagas"":12,""inscritos_regular"":5,""inscritos_vestibulando"":0,""inscritos"":5},{""codigo_curso"":""31"",""curso"":""Ciência da Computação"",""vagas_regular"":37,""vagas_vestibulando"":0,""vagas"":37,""inscritos_regular"":37,""inscritos_vestibulando"":0,""inscritos"":37},{""codigo_curso"":""37"",""curso"":""Engenharia Civil"",""vagas_regular"":6,""vagas_vestibulando"":0,""vagas"":6,""inscritos_regular"":0,""inscritos_vestibulando"":0,""inscritos"":0},{""codigo_curso"":""40"",""curso"":""Engenharia Mecânica"",""vagas_regular"":10,""vagas_vestibulando"":0,""vagas"":10,""inscritos_regular"":2,""inscritos_vestibulando"":0,""inscritos"":2},{""codigo_curso"":""56"",""curso"":""Eng. de Recursos Hídricos e Meio Ambiente"",""vagas_regular"":7,""vagas_vestibulando"":0,""vagas"":7,""inscritos_regular"":1,""inscritos_vestibulando"":0,""inscritos"":1},{""codigo_curso"":""96"",""curso"":""Desenho Industrial"",""vagas_regular"":25,""vagas_vestibulando"":0,""vagas"":25,""inscritos_regular"":7,""inscritos_vestibulando"":0,""inscritos"":7},{""codigo_curso"":""38"",""curso"":""Engenharia Elétrica"",""vagas_regular"":5,""vagas_vestibulando"":0,""vagas"":5,""inscritos_regular"":2,""inscritos_vestibulando"":0,""inscritos"":2}]",Quadro de Horários UFF — páginas públicas de listagem e detalhe
2026-2,TEP00006,EMPREENDEDORISMO,A1,/graduacao/quadrodehorarios/turmas/100000456682,,Seg 14:00-18:00,Seg,SI,False,42;43;54;83;96,False,51,37,0,0,5,5,46,32,"[{""codigo_curso"":""54"",""curso"":""Estatística"",""vagas_regular"":5,""vagas_vestibulando"":0,""vagas"":5,""inscritos_regular"":5,""inscritos_vestibulando"":0,""inscritos"":5},{""codigo_curso"":""83"",""curso"":""Sistemas de Informação"",""vagas_regular"":5,""vagas_vestibulando"":0,""vagas"":5,""inscritos_regular"":5,""inscritos_vestibulando"":0,""inscritos"":5},{""codigo_curso"":""96"",""curso"":""Desenho Industrial"",""vagas_regular"":39,""vagas_vestibulando"":0,""vagas"":39,""inscritos_regular"":25,""inscritos_vestibulando"":0,""inscritos"":25},{""codigo_curso"":""43"",""curso"":""Engenharia Agrícola e Ambiental"",""vagas_regular"":1,""vagas_vestibulando"":0,""vagas"":1,""inscritos_regular"":1,""inscritos_vestibulando"":0,""inscritos"":1},{""codigo_curso"":""42"",""curso"":""Engenharia de Produção"",""vagas_regular"":1,""vagas_vestibulando"":0,""vagas"":1,""inscritos_regular"":1,""inscritos_vestibulando"":0,""inscritos"":1}]",Quadro de Horários UFF — páginas públicas de listagem e detalhe
2026-2,TEP00006,EMPREENDEDORISMO,A2,/graduacao/quadrodehorarios/turmas/100000456707,,Ter 14:00-18:00,Ter,SI,False,42;83;96;97,False,20,18,0,0,5,4,15,14,"[{""codigo_curso"":""83"",""curso"":""Sistemas de Informação"",""vagas_regular"":5,""vagas_vestibulando"":0,""vagas"":5,""inscritos_regular"":4,""inscritos_vestibulando"":0,""inscritos"":4},{""codigo_curso"":""96"",""curso"":""Desenho Industrial"",""vagas_regular"":10,""vagas_vestibulando"":0,""vagas"":10,""inscritos_regular"":9,""inscritos_vestibulando"":0,""inscritos"":9},{""codigo_curso"":""42"",""curso"":""Engenharia de Produção"",""vagas_regular"":4,""vagas_vestibulando"":0,""vagas"":4,""inscritos_regular"":4,""inscritos_vestibulando"":0,""inscritos"":4},{""codigo_curso"":""97"",""curso"":""Disciplina Isolada"",""vagas_regular"":1,""vagas_vestibulando"":0,""vagas"":1,""inscritos_regular"":1,""inscritos_vestibulando"":0,""inscritos"":1}]",Quadro de Horários UFF — páginas públicas de listagem e detalhe
2026-2,TEP00108,ADMINISTRAÇÃO APLICADA À ENGENHARIA,A1,/graduacao/quadrodehorarios/turmas/100000456670,,Seg 09:00-13:00,Seg,CC,False,27;31;38;40;41;51;56;96,False,47,34,5,2,0,0,42,32,"[{""codigo_curso"":""27"",""curso"":""Engenharia Química"",""vagas_regular"":13,""vagas_vestibulando"":0,""vagas"":13,""inscritos_regular"":13,""inscritos_vestibulando"":0,""inscritos"":13},{""codigo_curso"":""31"",""curso"":""Ciência da Computação"",""vagas_regular"":5,""vagas_vestibulando"":0,""vagas"":5,""inscritos_regular"":2,""inscritos_vestibulando"":0,""inscritos"":2},{""codigo_curso"":""38"",""curso"":""Engenharia Elétrica"",""vagas_regular"":5,""vagas_vestibulando"":0,""vagas"":5,""inscritos_regular"":4,""inscritos_vestibulando"":0,""inscritos"":4},{""codigo_curso"":""40"",""curso"":""Engenharia Mecânica"",""vagas_regular"":7,""vagas_vestibulando"":0,""vagas"":7,""inscritos_regular"":7,""inscritos_vestibulando"":0,""inscritos"":7},{""codigo_curso"":""51"",""curso"":""Engenharia de Petróleo"",""vagas_regular"":5,""vagas_vestibulando"":0,""vagas"":5,""inscritos_regular"":0,""inscritos_vestibulando"":0,""inscritos"":0},{""codigo_curso"":""96"",""curso"":""Desenho Industrial"",""vagas_regular"":7,""vagas_vestibulando"":0,""vagas"":7,""inscritos_regular"":7,""inscritos_vestibulando"":0,""inscritos"":7},{""codigo_curso"":""41"",""curso"":""Engenharia de Telecomunicações"",""vagas_regular"":4,""vagas_vestibulando"":0,""vagas"":4,""inscritos_regular"":1,""inscritos_vestibulando"":0,""inscritos"":1},{""codigo_curso"":""56"",""curso"":""Eng. de Recursos Hídricos e Meio Ambiente"",""vagas_regular"":1,""vagas_vestibulando"":0,""vagas"":1,""inscritos_regular"":0,""inscritos_vestibulando"":0,""inscritos"":0}]",Quadro de Horários UFF — páginas públicas de listagem e detalhe
2026-2,TEP00108,ADMINISTRAÇÃO APLICADA À ENGENHARIA,B1,/graduacao/quadrodehorarios/turmas/100000456641,,Seg 14:00-18:00,Seg,CC;SI,True,27;31;37;38;40;41;51;56;83;96,True,50,36,8,7,4,2,38,27,"[{""codigo_curso"":""27"",""curso"":""Engenharia Química"",""vagas_regular"":10,""vagas_vestibulando"":0,""vagas"":10,""inscritos_regular"":5,""inscritos_vestibulando"":0,""inscritos"":5},{""codigo_curso"":""31"",""curso"":""Ciência da Computação"",""vagas_regular"":8,""vagas_vestibulando"":0,""vagas"":8,""inscritos_regular"":7,""inscritos_vestibulando"":0,""inscritos"":7},{""codigo_curso"":""38"",""curso"":""Engenharia Elétrica"",""vagas_regular"":6,""vagas_vestibulando"":0,""vagas"":6,""inscritos_regular"":6,""inscritos_vestibulando"":0,""inscritos"":6},{""codigo_curso"":""40"",""curso"":""Engenharia Mecânica"",""vagas_regular"":5,""vagas_vestibulando"":0,""vagas"":5,""inscritos_regular"":4,""inscritos_vestibulando"":0,""inscritos"":4},{""codigo_curso"":""51"",""curso"":""Engenharia de Petróleo"",""vagas_regular"":5,""vagas_vestibulando"":0,""vagas"":5,""inscritos_regular"":0,""inscritos_vestibulando"":0,""inscritos"":0},{""codigo_curso"":""83"",""curso"":""Sistemas de Informação"",""vagas_regular"":4,""vagas_vestibulando"":0,""vagas"":4,""inscritos_regular"":2,""inscritos_vestibulando"":0,""inscritos"":2},{""codigo_curso"":""96"",""curso"":""Desenho Industrial"",""vagas_regular"":7,""vagas_vestibulando"":0,""vagas"":7,""inscritos_regular"":7,""inscritos_vestibulando"":0,""inscritos"":7},{""codigo_curso"":""41"",""curso"":""Engenharia de Telecomunicações"",""vagas_regular"":2,""vagas_vestibulando"":0,""vagas"":2,""inscritos_regular"":2,""inscritos_vestibulando"":0,""inscritos"":2},{""codigo_curso"":""56"",""curso"":""Eng. de Recursos Hídricos e Meio Ambiente"",""vagas_regular"":1,""vagas_vestibulando"":0,""vagas"":1,""inscritos_regular"":1,""inscritos_vestibulando"":0,""inscritos"":1},{""codigo_curso"":""37"",""curso"":""Engenharia Civil"",""vagas_regular"":2,""vagas_vestibulando"":0,""vagas"":2,""inscritos_regular"":2,""inscritos_vestibulando"":0,""inscritos"":2}]",Quadro de Horários UFF — páginas públicas de listagem e detalhe
2026-2,TEP00108,ADMINISTRAÇÃO APLICADA À ENGENHARIA,C1,/graduacao/quadrodehorarios/turmas/100000456650,,Seg 18:00-22:00,Seg,CC,False,27;31;38;40;41;51;96,False,49,44,5,5,0,0,44,39,"[{""codigo_curso"":""27"",""curso"":""Engenharia Química"",""vagas_regular"":10,""vagas_vestibulando"":0,""vagas"":10,""inscritos_regular"":10,""inscritos_vestibulando"":0,""inscritos"":10},{""codigo_curso"":""38"",""curso"":""Engenharia Elétrica"",""vagas_regular"":5,""vagas_vestibulando"":0,""vagas"":5,""inscritos_regular"":5,""inscritos_vestibulando"":0,""inscritos"":5},{""codigo_curso"":""40"",""curso"":""Engenharia Mecânica"",""vagas_regular"":5,""vagas_vestibulando"":0,""vagas"":5,""inscritos_regular"":4,""inscritos_vestibulando"":0,""inscritos"":4},{""codigo_curso"":""41"",""curso"":""Engenharia de Telecomunicações"",""vagas_regular"":7,""vagas_vestibulando"":0,""vagas"":7,""inscritos_regular"":3,""inscritos_vestibulando"":0,""inscritos"":3},{""codigo_curso"":""51"",""curso"":""Engenharia de Petróleo"",""vagas_regular"":7,""vagas_vestibulando"":0,""vagas"":7,""inscritos_regular"":7,""inscritos_vestibulando"":0,""inscritos"":7},{""codigo_curso"":""96"",""curso"":""Desenho Industrial"",""vagas_regular"":10,""vagas_vestibulando"":0,""vagas"":10,""inscritos_regular"":10,""inscritos_vestibulando"":0,""inscritos"":10},{""codigo_curso"":""31"",""curso"":""Ciência da Computação"",""vagas_regular"":5,""vagas_vestibulando"":0,""vagas"":5,""inscritos_regular"":5,""inscritos_vestibulando"":0,""inscritos"":5}]",Quadro de Horários UFF — páginas públicas de listagem e detalhe
2026-2,TEP00109,ECONOMIA APLICADA À ENGENHARIA,T1,/graduacao/quadrodehorarios/turmas/100000456639,,Qua 18:00-22:00,Qua,CC,False,31;37;38;40;41;42;96,False,51,45,5,4,0,0,46,41,"[{""codigo_curso"":""38"",""curso"":""Engenharia Elétrica"",""vagas_regular"":13,""vagas_vestibulando"":0,""vagas"":13,""inscritos_regular"":13,""inscritos_vestibulando"":0,""inscritos"":13},{""codigo_curso"":""40"",""curso"":""Engenharia Mecânica"",""vagas_regular"":3,""vagas_vestibulando"":0,""vagas"":3,""inscritos_regular"":2,""inscritos_vestibulando"":0,""inscritos"":2},{""codigo_curso"":""41"",""curso"":""Engenharia de Telecomunicações"",""vagas_regular"":6,""vagas_vestibulando"":0,""vagas"":6,""inscritos_regular"":3,""inscritos_vestibulando"":0,""inscritos"":3},{""codigo_curso"":""42"",""curso"":""Engenharia de Produção"",""vagas_regular"":5,""vagas_vestibulando"":0,""vagas"":5,""inscritos_regular"":4,""inscritos_vestibulando"":0,""inscritos"":4},{""codigo_curso"":""96"",""curso"":""Desenho Industrial"",""vagas_regular"":14,""vagas_vestibulando"":0,""vagas"":14,""inscritos_regular"":14,""inscritos_vestibulando"":0,""inscritos"":14},{""codigo_curso"":""31"",""curso"":""Ciência da Computação"",""vagas_regular"":5,""vagas_vestibulando"":0,""vagas"":5,""inscritos_regular"":4,""inscritos_vestibulando"":0,""inscritos"":4},{""codigo_curso"":""37"",""curso"":""Engenharia Civil"",""vagas_regular"":5,""vagas_vestibulando"":0,""vagas"":5,""inscritos_regular"":5,""inscritos_vestibulando"":0,""inscritos"":5}]",Quadro de Horários UFF — páginas públicas de listagem e detalhe
2026-2,TEP00110,ENGENHARIA ECONÔMICA,B1,/graduacao/quadrodehorarios/turmas/100000456658,,Sex 07:00-09:00,Sex,CC,False,31;40;42;51;56,False,20,5,10,3,0,0,10,2,"[{""codigo_curso"":""31"",""curso"":""Ciência da Computação"",""vagas_regular"":10,""vagas_vestibulando"":0,""vagas"":10,""inscritos_regular"":3,""inscritos_vestibulando"":0,""inscritos"":3},{""codigo_curso"":""40"",""curso"":""Engenharia Mecânica"",""vagas_regular"":5,""vagas_vestibulando"":0,""vagas"":5,""inscritos_regular"":1,""inscritos_vestibulando"":0,""inscritos"":1},{""codigo_curso"":""51"",""curso"":""Engenharia de Petróleo"",""vagas_regular"":3,""vagas_vestibulando"":0,""vagas"":3,""inscritos_regular"":0,""inscritos_vestibulando"":0,""inscritos"":0},{""codigo_curso"":""56"",""curso"":""Eng. de Recursos Hídricos e Meio Ambiente"",""vagas_regular"":1,""vagas_vestibulando"":0,""vagas"":1,""inscritos_regular"":0,""inscritos_vestibulando"":0,""inscritos"":0},{""codigo_curso"":""42"",""curso"":""Engenharia de Produção"",""vagas_regular"":1,""vagas_vestibulando"":0,""vagas"":1,""inscritos_regular"":1,""inscritos_vestibulando"":0,""inscritos"":1}]",Quadro de Horários UFF — páginas públicas de listagem e detalhe
2026-2,TEP00110,ENGENHARIA ECONÔMICA,C1,/graduacao/quadrodehorarios/turmas/100000456666,,Sex 09:00-11:00,Sex,CC,False,31;40;42;51;96,False,25,14,11,11,0,0,14,3,"[{""codigo_curso"":""31"",""curso"":""Ciência da Computação"",""vagas_regular"":11,""vagas_vestibulando"":0,""vagas"":11,""inscritos_regular"":11,""inscritos_vestibulando"":0,""inscritos"":11},{""codigo_curso"":""40"",""curso"":""Engenharia Mecânica"",""vagas_regular"":5,""vagas_vestibulando"":0,""vagas"":5,""inscritos_regular"":0,""inscritos_vestibulando"":0,""inscritos"":0},{""codigo_curso"":""51"",""curso"":""Engenharia de Petróleo"",""vagas_regular"":3,""vagas_vestibulando"":0,""vagas"":3,""inscritos_regular"":2,""inscritos_vestibulando"":0,""inscritos"":2},{""codigo_curso"":""96"",""curso"":""Desenho Industrial"",""vagas_regular"":5,""vagas_vestibulando"":0,""vagas"":5,""inscritos_regular"":0,""inscritos_vestibulando"":0,""inscritos"":0},{""codigo_curso"":""42"",""curso"":""Engenharia de Produção"",""vagas_regular"":1,""vagas_vestibulando"":0,""vagas"":1,""inscritos_regular"":1,""inscritos_vestibulando"":0,""inscritos"":1}]",Quadro de Horários UFF — páginas públicas de listagem e detalhe
2026-2,TEP00110,ENGENHARIA ECONÔMICA,D1,/graduacao/quadrodehorarios/turmas/100000456678,,Sex 11:00-13:00,Sex,CC,False,31;40;42;51,False,23,12,12,9,0,0,11,3,"[{""codigo_curso"":""31"",""curso"":""Ciência da Computação"",""vagas_regular"":12,""vagas_vestibulando"":0,""vagas"":12,""inscritos_regular"":9,""inscritos_vestibulando"":0,""inscritos"":9},{""codigo_curso"":""40"",""curso"":""Engenharia Mecânica"",""vagas_regular"":5,""vagas_vestibulando"":0,""vagas"":5,""inscritos_regular"":0,""inscritos_vestibulando"":0,""inscritos"":0},{""codigo_curso"":""51"",""curso"":""Engenharia de Petróleo"",""vagas_regular"":3,""vagas_vestibulando"":0,""vagas"":3,""inscritos_regular"":0,""inscritos_vestibulando"":0,""inscritos"":0},{""codigo_curso"":""42"",""curso"":""Engenharia de Produção"",""vagas_regular"":3,""vagas_vestibulando"":0,""vagas"":3,""inscritos_regular"":3,""inscritos_vestibulando"":0,""inscritos"":3}]",Quadro de Horários UFF — páginas públicas de listagem e detalhe
2026-2,TEP00110,ENGENHARIA ECONÔMICA,E1,/graduacao/quadrodehorarios/turmas/100000456667,,Sex 14:00-16:00,Sex,CC,False,27;31;40;43;96,False,28,18,14,11,0,0,14,7,"[{""codigo_curso"":""31"",""curso"":""Ciência da Computação"",""vagas_regular"":14,""vagas_vestibulando"":0,""vagas"":14,""inscritos_regular"":11,""inscritos_vestibulando"":0,""inscritos"":11},{""codigo_curso"":""40"",""curso"":""Engenharia Mecânica"",""vagas_regular"":5,""vagas_vestibulando"":0,""vagas"":5,""inscritos_regular"":3,""inscritos_vestibulando"":0,""inscritos"":3},{""codigo_curso"":""96"",""curso"":""Desenho Industrial"",""vagas_regular"":5,""vagas_vestibulando"":0,""vagas"":5,""inscritos_regular"":1,""inscritos_vestibulando"":0,""inscritos"":1},{""codigo_curso"":""43"",""curso"":""Engenharia Agrícola e Ambiental"",""vagas_regular"":2,""vagas_vestibulando"":0,""vagas"":2,""inscritos_regular"":2,""inscritos_vestibulando"":0,""inscritos"":2},{""codigo_curso"":""27"",""curso"":""Engenharia Química"",""vagas_regular"":2,""vagas_vestibulando"":0,""vagas"":2,""inscritos_regular"":1,""inscritos_vestibulando"":0,""inscritos"":1}]",Quadro de Horários UFF — páginas públicas de listagem e detalhe
2026-2,TEP00111,GERENCIAMENTO DE PROJETOS I,A1,/graduacao/quadrodehorarios/turmas/100000456679,,Ter 07:00-11:00,Ter,CC;SI,True,27;31;42;51;54;83;96,True,51,34,5,4,2,2,44,28,"[{""codigo_curso"":""54"",""curso"":""Estatística"",""vagas_regular"":5,""vagas_vestibulando"":0,""vagas"":5,""inscritos_regular"":5,""inscritos_vestibulando"":0,""inscritos"":5},{""codigo_curso"":""31"",""curso"":""Ciência da Computação"",""vagas_regular"":5,""vagas_vestibulando"":0,""vagas"":5,""inscritos_regular"":4,""inscritos_vestibulando"":0,""inscritos"":4},{""codigo_curso"":""42"",""curso"":""Engenharia de Produção"",""vagas_regular"":25,""vagas_vestibulando"":0,""vagas"":25,""inscritos_regular"":21,""inscritos_vestibulando"":0,""inscritos"":21},{""codigo_curso"":""83"",""curso"":""Sistemas de Informação"",""vagas_regular"":2,""vagas_vestibulando"":0,""vagas"":2,""inscritos_regular"":2,""inscritos_vestibulando"":0,""inscritos"":2},{""codigo_curso"":""96"",""curso"":""Desenho Industrial"",""vagas_regular"":6,""vagas_vestibulando"":0,""vagas"":6,""inscritos_regular"":1,""inscritos_vestibulando"":0,""inscritos"":1},{""codigo_curso"":""27"",""curso"":""Engenharia Química"",""vagas_regular"":4,""vagas_vestibulando"":0,""vagas"":4,""inscritos_regular"":1,""inscritos_vestibulando"":0,""inscritos"":1},{""codigo_curso"":""51"",""curso"":""Engenharia de Petróleo"",""vagas_regular"":4,""vagas_vestibulando"":0,""vagas"":4,""inscritos_regular"":0,""inscritos_vestibulando"":0,""inscritos"":0}]",Quadro de Horários UFF — páginas públicas de listagem e detalhe
2026-2,TEP00111,GERENCIAMENTO DE PROJETOS I,B1,/graduacao/quadrodehorarios/turmas/100000456668,,Qua 09:00-13:00,Qua,CC,False,27;31;40;41;42;56;96,False,40,23,8,6,0,0,32,17,"[{""codigo_curso"":""42"",""curso"":""Engenharia de Produção"",""vagas_regular"":15,""vagas_vestibulando"":0,""vagas"":15,""inscritos_regular"":12,""inscritos_vestibulando"":0,""inscritos"":12},{""codigo_curso"":""96"",""curso"":""Desenho Industrial"",""vagas_regular"":5,""vagas_vestibulando"":0,""vagas"":5,""inscritos_regular"":0,""inscritos_vestibulando"":0,""inscritos"":0},{""codigo_curso"":""31"",""curso"":""Ciência da Computação"",""vagas_regular"":8,""vagas_vestibulando"":0,""vagas"":8,""inscritos_regular"":6,""inscritos_vestibulando"":0,""inscritos"":6},{""codigo_curso"":""40"",""curso"":""Engenharia Mecânica"",""vagas_regular"":1,""vagas_vestibulando"":0,""vagas"":1,""inscritos_regular"":0,""inscritos_vestibulando"":0,""inscritos"":0},{""codigo_curso"":""56"",""curso"":""Eng. de Recursos Hídricos e Meio Ambiente"",""vagas_regular"":5,""vagas_vestibulando"":0,""vagas"":5,""inscritos_regular"":1,""inscritos_vestibulando"":0,""inscritos"":1},{""codigo_curso"":""27"",""curso"":""Engenharia Química"",""vagas_regular"":5,""vagas_vestibulando"":0,""vagas"":5,""inscritos_regular"":3,""inscritos_vestibulando"":0,""inscritos"":3},{""codigo_curso"":""41"",""curso"":""Engenharia de Telecomunicações"",""vagas_regular"":1,""vagas_vestibulando"":0,""vagas"":1,""inscritos_regular"":1,""inscritos_vestibulando"":0,""inscritos"":1}]",Quadro de Horários UFF — páginas públicas de listagem e detalhe
2026-2,TEP00124,CIÊNCIA E TECNOLOGIA,T1,/graduacao/quadrodehorarios/turmas/100000456659,,Qui 14:00-18:00,Qui,SI,False,42;83;96,False,50,47,0,0,10,9,40,38,"[{""codigo_curso"":""96"",""curso"":""Desenho Industrial"",""vagas_regular"":39,""vagas_vestibulando"":0,""vagas"":39,""inscritos_regular"":38,""inscritos_vestibulando"":0,""inscritos"":38},{""codigo_curso"":""83"",""curso"":""Sistemas de Informação"",""vagas_regular"":10,""vagas_vestibulando"":0,""vagas"":10,""inscritos_regular"":9,""inscritos_vestibulando"":0,""inscritos"":9},{""codigo_curso"":""42"",""curso"":""Engenharia de Produção"",""vagas_regular"":1,""vagas_vestibulando"":0,""vagas"":1,""inscritos_regular"":0,""inscritos_vestibulando"":0,""inscritos"":0}]",Quadro de Horários UFF — páginas públicas de listagem e detalhe
2026-2,TET00319,INTRODUÇÃO AO KIT DE DESENVOLVIMENTO ARDUINO I,AA,/graduacao/quadrodehorarios/turmas/100000453129,,Seg 18:00-20:00; Sex 09:00-11:00,Seg-Sex,CC,False,31;41,False,12,12,11,11,0,0,1,1,"[{""codigo_curso"":""31"",""curso"":""Ciência da Computação"",""vagas_regular"":11,""vagas_vestibulando"":0,""vagas"":11,""inscritos_regular"":11,""inscritos_vestibulando"":0,""inscritos"":11},{""codigo_curso"":""41"",""curso"":""Engenharia de Telecomunicações"",""vagas_regular"":1,""vagas_vestibulando"":0,""vagas"":1,""inscritos_regular"":1,""inscritos_vestibulando"":0,""inscritos"":1}]",Quadro de Horários UFF — páginas públicas de listagem e detalhe
2026-2,TET00347,CIRCUITOS DIGITAIS PARA CIÊNCIA DA COMPUTAÇÃO,A1,/graduacao/quadrodehorarios/turmas/100000453091,,Seg 14:00-16:00; Qua 14:00-16:00,Seg-Qua,CC,False,31,False,30,26,30,26,0,0,0,0,"[{""codigo_curso"":""31"",""curso"":""Ciência da Computação"",""vagas_regular"":27,""vagas_vestibulando"":3,""vagas"":30,""inscritos_regular"":25,""inscritos_vestibulando"":1,""inscritos"":26}]",Quadro de Horários UFF — páginas públicas de listagem e detalhe
2026-2,TET00347,CIRCUITOS DIGITAIS PARA CIÊNCIA DA COMPUTAÇÃO,B1,/graduacao/quadrodehorarios/turmas/100000453092,,Ter 14:00-16:00; Qui 14:00-16:00,Ter-Qui,CC,False,31,False,30,10,30,10,0,0,0,0,"[{""codigo_curso"":""31"",""curso"":""Ciência da Computação"",""vagas_regular"":30,""vagas_vestibulando"":0,""vagas"":30,""inscritos_regular"":10,""inscritos_vestibulando"":0,""inscritos"":10}]",Quadro de Horários UFF — páginas públicas de listagem e detalhe
2026-2,TET00347,CIRCUITOS DIGITAIS PARA CIÊNCIA DA COMPUTAÇÃO,C1,/graduacao/quadrodehorarios/turmas/100000457746,,Ter 16:00-18:00; Qui 16:00-18:00,Ter-Qui,CC,False,31,False,30,21,30,21,0,0,0,0,"[{""codigo_curso"":""31"",""curso"":""Ciência da Computação"",""vagas_regular"":30,""vagas_vestibulando"":0,""vagas"":30,""inscritos_regular"":21,""inscritos_vestibulando"":0,""inscritos"":21}]",Quadro de Horários UFF — páginas públicas de listagem e detalhe
