semestre,codigo,disciplina,turma,turma_url,docente,horario,padrao_dias,vagas,inscritos
2023/1,TEP00108,ADMINISTRAÇÃO APLICADA À ENGENHARIA,A1,/graduacao/quadrodehorarios/turmas/100000371812,Marcos Costa Roboredo,Seg 09:00-13:00,Seg,50,15
2023/1,TEP00108,ADMINISTRAÇÃO APLICADA À ENGENHARIA,B1,/graduacao/quadrodehorarios/turmas/100000371769,Valdecy Pereira,Seg 14:00-18:00,Seg,50,27
2023/1,TEP00108,ADMINISTRAÇÃO APLICADA À ENGENHARIA,C1,/graduacao/quadrodehorarios/turmas/100000371782,Valdecy Pereira,Seg 18:00-22:00,Seg,50,38
2023/1,TEP00108,ADMINISTRAÇÃO APLICADA À ENGENHARIA,F1,/graduacao/quadrodehorarios/turmas/100000371783,Anna Sophia Piacenza Moraes,Qui 07:00-11:00,Qui,50,17
2023/1,TEP00108,ADMINISTRAÇÃO APLICADA À ENGENHARIA,T1,/graduacao/quadrodehorarios/turmas/100000371784,Luiz Carlos Brasil de Brito Mello,Ter 09:00-13:00,Ter,50,23
2023/1,TCC00284,ALGORITMOS EM GRAFOS,A1,/graduacao/quadrodehorarios/turmas/100000371166,Ueverton dos Santos Souza,Seg 11:00-13:00; Qua 11:00-13:00,Seg-Qua,40,24
2023/1,TCC00285,ANÁLISE E PROJETO DE ALGORITMOS,A1,/graduacao/quadrodehorarios/turmas/100000371167,Carlos Alberto de Jesus Martinhon,Ter 09:00-11:00; Qui 09:00-11:00,Ter-Qui,51,49
2023/1,TCC00285,ANÁLISE E PROJETO DE ALGORITMOS,B1,/graduacao/quadrodehorarios/turmas/100000376670,Christiano de Oliveira Braga,Ter 09:00-11:00; Qui 09:00-11:00,Ter-Qui,32,6
2023/1,TCC00286,ARQUITETURAS DE COMPUTADORES,A1,/graduacao/quadrodehorarios/turmas/100000371168,Eugene Francis Vinod Rebello,Ter 09:00-11:00; Qui 09:00-11:00,Ter-Qui,49,46
2023/1,TCC00286,ARQUITETURAS DE COMPUTADORES,B1,/graduacao/quadrodehorarios/turmas/100000371248,Simone de Lima Martins,Seg 09:00-11:00; Qua 09:00-11:00,Seg-Qua,64,61
2023/1,TCC00349,AVALIAÇÃO DE DESEMPENHO,A1,/graduacao/quadrodehorarios/turmas/100000371169,Antonio Augusto de Aragao Rocha,Ter 09:00-11:00; Qui 09:00-11:00,Ter-Qui,60,59
2023/1,TCC00287,BANCO DE DADOS I,A1,/graduacao/quadrodehorarios/turmas/100000371170,Rodrigo Salvador Monteiro,Seg 09:00-11:00; Qua 09:00-11:00,Seg-Qua,60,59
2023/1,TCC00288,BANCO DE DADOS II,A1,/graduacao/quadrodehorarios/turmas/100000371171,Luiz Andre Portes Paes Leme,Seg 07:00-09:00; Qua 09:00-11:00,Seg-Qua,46,27
2023/1,TET00347,CIRCUITOS DIGITAIS PARA CIÊNCIA DA COMPUTAÇÃO,A1,/graduacao/quadrodehorarios/turmas/100000370250,Alexandre Santos de La Vega,Seg 14:00-16:00; Qua 14:00-16:00,Seg-Qua,45,40
2023/1,TET00347,CIRCUITOS DIGITAIS PARA CIÊNCIA DA COMPUTAÇÃO,B1,/graduacao/quadrodehorarios/turmas/100000370251,Joao Marcos Meirelles da Silva,Ter 14:00-16:00; Qui 14:00-16:00,Ter-Qui,45,42
2023/1,TCC00289,COMPILADORES,A1,/graduacao/quadrodehorarios/turmas/100000371173,Bruno Lopes Vieira,Qua 11:00-13:00; Sex 11:00-13:00,Qua-Sex,40,15
2023/1,GSI00433,COMPORTAMENTO ORGANIZACIONAL,A1,/graduacao/quadrodehorarios/turmas/100000365878,Francisco de Assis Palharini,Ter 18:00-20:00; Qui 18:00-20:00,Ter-Qui,60,54
2023/1,TCC00280,COMPUTAÇÃO E MEIO AMBIENTE,A1,/graduacao/quadrodehorarios/turmas/100000371731,Jose Raphael Bokehi,Seg 14:00-18:00,Seg,27,21
2023/1,TCC00290,COMPUTAÇÃO E SOCIEDADE,A1,/graduacao/quadrodehorarios/turmas/100000371242,Jose Raphael Bokehi,Qui 11:00-13:00,Qui,45,44
2023/1,TCC00291,COMPUTAÇÃO GRÁFICA,A1,/graduacao/quadrodehorarios/turmas/100000371175,Marcos de Oliveira Lage Ferreira,Sex 09:00-13:00,Sex,45,42
2023/1,GMA00154,CÁLCULO 1,C2,/graduacao/quadrodehorarios/turmas/100000373027,Emilia Carolina Santana Teixeira Alves,Seg 11:00-13:00; Qua 11:00-13:00,Seg-Qua,58,56
2023/1,GMA00154,CÁLCULO 1,J1,/graduacao/quadrodehorarios/turmas/100000369484,Antonio Nigro,Seg 14:00-16:00; Qua 14:00-16:00,Seg-Qua,30,27
2023/1,GMA00154,CÁLCULO 1,K1,/graduacao/quadrodehorarios/turmas/100000369652,Antonio Nigro,Seg 16:00-18:00; Qua 16:00-18:00,Seg-Qua,44,40
2023/1,GMA00154,CÁLCULO 1,M1,/graduacao/quadrodehorarios/turmas/100000369653,Andres Koropecki,Seg 18:00-20:00; Qua 18:00-20:00,Seg-Qua,36,26
2023/1,GMA00154,CÁLCULO 1,O1,/graduacao/quadrodehorarios/turmas/100000370051,Luciana Prado Mouta Pena,Ter 07:00-09:00; Qui 07:00-09:00,Ter-Qui,48,42
2023/1,GMA00154,CÁLCULO 1,Q1,/graduacao/quadrodehorarios/turmas/100000370191,Denise de Oliveira Pinto,Ter 09:00-11:00; Qui 09:00-11:00,Ter-Qui,42,45
2023/1,GMA00154,CÁLCULO 1,Z1,/graduacao/quadrodehorarios/turmas/100000370059,Gabriela Alexandra Estevez Jacinto,Ter 18:00-20:00; Qui 18:00-20:00,Ter-Qui,35,48
2023/1,GMA00155,CÁLCULO 2,C1,/graduacao/quadrodehorarios/turmas/100000370329,Pablo Gutierrez Barrientos,Ter 07:00-09:00; Qui 07:00-09:00,Ter-Qui,37,32
2023/1,GMA00155,CÁLCULO 2,D1,/graduacao/quadrodehorarios/turmas/100000370330,Cheng Xu,Ter 09:00-11:00; Qui 09:00-11:00,Ter-Qui,55,39
2023/1,GMA00155,CÁLCULO 2,F1,/graduacao/quadrodehorarios/turmas/100000370338,Cassio Iago Santos Marinho,Ter 11:00-13:00; Qui 11:00-13:00,Ter-Qui,54,54
2023/1,GMA00155,CÁLCULO 2,N1,/graduacao/quadrodehorarios/turmas/100000370353,Sergio Mariano Licanic,Ter 18:00-20:00; Qui 18:00-20:00,Ter-Qui,37,34
2023/1,GMA00155,CÁLCULO 2,P1,/graduacao/quadrodehorarios/turmas/100000376170,Artem Raibekas,Ter 11:00-13:00; Qui 11:00-13:00,Ter-Qui,38,35
2023/1,STA00168,DESENVOLVIMENTO DE PESSOAS,P1,/graduacao/quadrodehorarios/turmas/100000372282,Americo da Costa Ramos Filho,Ter 18:00-22:00,Ter,72,71
2023/1,TCC00226,DESENVOLVIMENTO WEB,A1,/graduacao/quadrodehorarios/turmas/100000371177,Carlos Alberto Soares Ribeiro,Seg 09:00-11:00; Sex 09:00-11:00,Seg-Sex,47,44
2023/1,TCC00226,DESENVOLVIMENTO WEB,B1,/graduacao/quadrodehorarios/turmas/100000371178,Leonardo Cruz da Costa,Qui 18:00-22:00,Qui,45,45
2023/1,TEP00109,ECONOMIA APLICADA À ENGENHARIA,T1,/graduacao/quadrodehorarios/turmas/100000371767,Marco Aurelio Cabral Pinto,Qua 18:00-22:00,Qua,50,32
2023/1,TCC00292,ENGENHARIA DE SOFTWARE I,A1,/graduacao/quadrodehorarios/turmas/100000371180,Troy Costa Kohwalter,Ter 11:00-13:00; Qui 11:00-13:00,Ter-Qui,47,41
2023/1,TCC00293,ENGENHARIA DE SOFTWARE II,A1,/graduacao/quadrodehorarios/turmas/100000371181,Leonardo Gresta Paulino Murta,Ter 07:00-09:00; Qui 07:00-09:00,Ter-Qui,64,62
2023/1,TEP00110,ENGENHARIA ECONÔMICA,B1,/graduacao/quadrodehorarios/turmas/100000371795,Silvia dos Reis Alcantara Duarte,Sex 07:00-09:00,Sex,50,14
2023/1,TEP00110,ENGENHARIA ECONÔMICA,C1,/graduacao/quadrodehorarios/turmas/100000371808,Silvia dos Reis Alcantara Duarte,Sex 09:00-11:00,Sex,50,27
2023/1,TEP00110,ENGENHARIA ECONÔMICA,D1,/graduacao/quadrodehorarios/turmas/100000371822,Silvia dos Reis Alcantara Duarte,Sex 11:00-13:00,Sex,50,8
2023/1,TEP00110,ENGENHARIA ECONÔMICA,E1,/graduacao/quadrodehorarios/turmas/100000371809,Silvia dos Reis Alcantara Duarte,Sex 14:00-16:00,Sex,48,11
2023/1,GET00177,ESTATÍSTICA BÁSICA,A1,/graduacao/quadrodehorarios/turmas/100000374798,Estelina Serrano de Marins Capistrano,Seg 14:00-16:00; Qua 14:00-16:00,Seg-Qua,47,39
2023/1,GET00177,ESTATÍSTICA BÁSICA,F1,/graduacao/quadrodehorarios/turmas/100000374821,Jose Murilo Ferraz Saraiva,Ter 16:00-18:00; Qui 16:00-18:00,Ter-Qui,60,51
2023/1,GET00177,ESTATÍSTICA BÁSICA,G1,/graduacao/quadrodehorarios/turmas/100000375393,Jose Murilo Ferraz Saraiva,Ter 18:00-20:00; Qui 18:00-20:00,Ter-Qui,43,9
2023/1,TCC00348,ESTRUTURAS DE DADOS E SEUS ALGORITIMOS,B1,/graduacao/quadrodehorarios/turmas/100000371246,Vanessa Braganholo Murta,Qua 07:00-09:00; Sex 07:00-09:00,Qua-Sex,50,48
2023/1,TCC00348,ESTRUTURAS DE DADOS E SEUS ALGORITIMOS,C1,/graduacao/quadrodehorarios/turmas/100000371719,Isabel Cristina Mello Rosseti,Ter 11:00-13:00; Qui 11:00-13:00,Ter-Qui,45,38
2023/1,TCC00296,FUNDAMENTOS DE ARQUITETURAS DE COMPUTADORES,A1,/graduacao/quadrodehorarios/turmas/100000371186,Eugene Francis Vinod Rebello,Ter 11:00-13:00; Qui 11:00-13:00,Ter-Qui,20,60
2023/1,TCC00296,FUNDAMENTOS DE ARQUITETURAS DE COMPUTADORES,B1,/graduacao/quadrodehorarios/turmas/100000371187,Taiane Coelho Ramos,Ter 11:00-13:00; Qui 11:00-13:00,Ter-Qui,14,53
2023/1,TCC00296,FUNDAMENTOS DE ARQUITETURAS DE COMPUTADORES,C1,/graduacao/quadrodehorarios/turmas/100000375590,Debora Christina Muchaluat Saade,Ter 11:00-13:00; Qui 11:00-13:00,Ter-Qui,42,28
2023/1,GGM00137,FUNDAMENTOS DE CÁLCULO E GEOMETRIA,A1,/graduacao/quadrodehorarios/turmas/100000369610,Jiagang Yang,Seg 09:00-11:00; Qua 09:00-11:00,Seg-Qua,25,70
2023/1,GGM00137,FUNDAMENTOS DE CÁLCULO E GEOMETRIA,B1,/graduacao/quadrodehorarios/turmas/100000369612,Abigail Silva Duarte Folha,Ter 11:00-13:00; Qui 11:00-13:00,Ter-Qui,24,70
2023/1,GGM00137,FUNDAMENTOS DE CÁLCULO E GEOMETRIA,D1,/graduacao/quadrodehorarios/turmas/100000369613,Abigail Silva Duarte Folha,Ter 09:00-11:00; Qui 09:00-11:00,Ter-Qui,32,64
2023/1,GGM00137,FUNDAMENTOS DE CÁLCULO E GEOMETRIA,E1,/graduacao/quadrodehorarios/turmas/100000369614,Matias Luis Del Hoyo,Ter 09:00-11:00; Qui 09:00-11:00,Ter-Qui,26,52
2023/1,GGM00137,FUNDAMENTOS DE CÁLCULO E GEOMETRIA,G1,/graduacao/quadrodehorarios/turmas/100000369616,Joao Helder Olmedo Rodrigues,Ter 14:00-16:00; Qui 14:00-16:00,Ter-Qui,14,57
2023/1,GGM00137,FUNDAMENTOS DE CÁLCULO E GEOMETRIA,H1,/graduacao/quadrodehorarios/turmas/100000369617,Cristhabel Janeth Casanova Vasquez,Seg 11:00-13:00; Qua 11:00-13:00,Seg-Qua,24,64
2023/1,GFI00161,FÍSICA EXPERIMENTAL I,BC,/graduacao/quadrodehorarios/turmas/100000369714,Andreia Mendonca Saguia,Ter 11:00-13:00,Ter,24,24
2023/1,GFI00161,FÍSICA EXPERIMENTAL I,BH,/graduacao/quadrodehorarios/turmas/100000369715,Carlos Enrique Navia Ojeda,Sex 11:00-13:00,Sex,24,20
2023/1,GFI00161,FÍSICA EXPERIMENTAL I,CB,/graduacao/quadrodehorarios/turmas/100000369725,Thiago Rodrigues de Oliveira,Ter 14:00-16:00,Ter,25,22
2023/1,GFI00161,FÍSICA EXPERIMENTAL I,CE,/graduacao/quadrodehorarios/turmas/100000369769,Carlos Enrique Navia Ojeda,Qui 14:00-16:00,Qui,24,21
2023/1,GFI00161,FÍSICA EXPERIMENTAL I,DA,/graduacao/quadrodehorarios/turmas/100000369726,Andreia Mendonca Saguia,Seg 16:00-18:00,Seg,24,24
2023/1,GFI00161,FÍSICA EXPERIMENTAL I,DC,/graduacao/quadrodehorarios/turmas/100000369729,Gabriel Bié Alves,Qua 16:00-18:00,Qua,21,18
2023/1,GFI00161,FÍSICA EXPERIMENTAL I,DD,/graduacao/quadrodehorarios/turmas/100000369779,Evandro Vidor Lins de Mello,Ter 16:00-18:00,Ter,23,22
2023/1,GFI00161,FÍSICA EXPERIMENTAL I,DF,/graduacao/quadrodehorarios/turmas/100000369732,Evandro Vidor Lins de Mello,Qui 16:00-18:00,Qui,24,21
2023/1,GFI00161,FÍSICA EXPERIMENTAL I,DG,/graduacao/quadrodehorarios/turmas/100000369752,Gabriel Bié Alves,Sex 16:00-18:00,Sex,24,22
2023/1,GFI00161,FÍSICA EXPERIMENTAL I,ED,/graduacao/quadrodehorarios/turmas/100000369744,Marcel Nogueira de Oliveira,Qua 16:00-18:00,Qua,21,11
2023/1,GFI00161,FÍSICA EXPERIMENTAL I,EE,/graduacao/quadrodehorarios/turmas/100000369733,Gildo de Holanda Cavalcanti,Seg 18:00-20:00,Seg,21,22
2023/1,GFI00162,FÍSICA EXPERIMENTAL II,AB,/graduacao/quadrodehorarios/turmas/100000369721,Marcio Argollo Ferreira de Menezes,Sex 09:00-11:00,Sex,21,21
2023/1,GFI00162,FÍSICA EXPERIMENTAL II,CD,/graduacao/quadrodehorarios/turmas/100000369749,Daniele Cristina Silva de Freitas,Seg 14:00-16:00,Seg,21,3
2023/1,GFI00158,FÍSICA I,B3,/graduacao/quadrodehorarios/turmas/100000369668,Viviane Angelico Pereira Alfradique,Qua 11:00-13:00; Sex 11:00-13:00; Sab 08:00-10:00,Qua-Sex-Sab,96,38
2023/1,GFI00158,FÍSICA I,C1,/graduacao/quadrodehorarios/turmas/100000369666,Jurgen Fritz Stilck,Seg 14:00-16:00; Qua 14:00-16:00; Sab 08:00-10:00,Seg-Qua-Sab,84,81
2023/1,GFI00158,FÍSICA I,D1,/graduacao/quadrodehorarios/turmas/100000369681,Anna Maria Nobrega Chame,Seg 16:00-18:00; Qua 16:00-18:00; Sab 08:00-10:00,Seg-Qua-Sab,100,94
2023/1,GFI00158,FÍSICA I,F1,/graduacao/quadrodehorarios/turmas/100000369667,Marcel Nogueira de Oliveira,Seg 20:00-22:00; Qua 20:00-22:00; Sab 08:00-10:00,Seg-Qua-Sab,95,42
2023/1,GFI00158,FÍSICA I,G1,/graduacao/quadrodehorarios/turmas/100000369696,Viviane Angelico Pereira Alfradique,Qua 09:00-11:00; Sex 09:00-11:00; Sab 08:00-10:00,Qua-Sex-Sab,74,37
2023/1,GFI00159,FÍSICA II,D1,/graduacao/quadrodehorarios/turmas/100000369664,Daniel Schneider Tasca,Seg 16:00-18:00; Qua 16:00-18:00; Sab 11:00-13:00,Seg-Qua-Sab,97,71
2023/1,GFI00159,FÍSICA II,E1,/graduacao/quadrodehorarios/turmas/100000369687,Evandro Vidor Lins de Mello,Seg 18:00-20:00; Qua 18:00-20:00; Sab 11:00-13:00,Seg-Qua-Sab,98,40
2023/1,TEP00111,GERENCIAMENTO DE PROJETOS I,A1,/graduacao/quadrodehorarios/turmas/100000371823,Jose Rodrigues de Farias Filho,Ter 07:00-11:00,Ter,50,40
2023/1,TEP00111,GERENCIAMENTO DE PROJETOS I,B1,/graduacao/quadrodehorarios/turmas/100000371810,Ruben Huamanchumo Gutierrez,Qua 09:00-13:00,Qua,50,30
2023/1,TCC00297,INTELIGÊNCIA ARTIFICIAL,A1,/graduacao/quadrodehorarios/turmas/100000371192,Flavia Cristina Bernardini,Ter 11:00-13:00; Qui 11:00-13:00,Ter-Qui,48,48
2023/1,STA00191,INTELIGÊNCIA DE NEGÓCIOS,P1,/graduacao/quadrodehorarios/turmas/100000372287,Elaine Ribeiro Sigette,Ter 18:00-22:00,Ter,61,56
2023/1,TCC00298,INTERFACE HOMEM-MÁQUINA,A1,/graduacao/quadrodehorarios/turmas/100000371193,Daniela Gorski Trevisan,Qua 09:00-11:00; Sex 09:00-11:00,Qua-Sex,45,25
2023/1,TCC00300,LABORATÓRIO DE PROGRAMAÇÃO DE DISPOSITIVOS MÓVEIS,AA,/graduacao/quadrodehorarios/turmas/100000371294,Leandro Santiago de Araujo,Qui 14:00-16:00,Qui,37,32
2023/1,TCC00300,LABORATÓRIO DE PROGRAMAÇÃO DE DISPOSITIVOS MÓVEIS,BA,/graduacao/quadrodehorarios/turmas/100000371448,Leandro Santiago de Araujo,Qui 16:00-18:00,Qui,46,44
2023/1,TCC00301,LABORATÓRIO DE PROGRAMAÇÃO DE JOGOS,AA,/graduacao/quadrodehorarios/turmas/100000371295,Esteban Walter Gonzalez Clua,Sex 11:00-13:00,Sex,35,34
2023/1,TCC00301,LABORATÓRIO DE PROGRAMAÇÃO DE JOGOS,BA,/graduacao/quadrodehorarios/turmas/100000371296,Esteban Walter Gonzalez Clua,Sex 09:00-11:00,Sex,36,36
2023/1,TCC00344,LABORATÓRIO DE PROGRAMAÇÃO PARALELA I,AA,/graduacao/quadrodehorarios/turmas/100000371299,Lucia Maria de Assumpcao Drummond,Seg 07:00-09:00; Qua 07:00-09:00,Seg-Qua,35,34
2023/1,TCC00346,LABORATÓRIO DE RESOLUÇÃO DE PROBLEMAS,AA,/graduacao/quadrodehorarios/turmas/100000371297,Leandro Augusto Frata Fernandes,Qua 09:00-11:00,Qua,12,37
2023/1,TCC00346,LABORATÓRIO DE RESOLUÇÃO DE PROBLEMAS,BA,/graduacao/quadrodehorarios/turmas/100000371300,Mario Roberto Folhadela Benevides,Qua 09:00-11:00,Qua,12,38
2023/1,TCC00346,LABORATÓRIO DE RESOLUÇÃO DE PROBLEMAS,CA,/graduacao/quadrodehorarios/turmas/100000371298,Leandro Augusto Frata Fernandes,Seg 09:00-11:00,Seg,9,30
2023/1,TCC00346,LABORATÓRIO DE RESOLUÇÃO DE PROBLEMAS,DA,/graduacao/quadrodehorarios/turmas/100000371301,Mario Roberto Folhadela Benevides,Seg 09:00-11:00,Seg,27,11
2023/1,TCC00346,LABORATÓRIO DE RESOLUÇÃO DE PROBLEMAS,EA,/graduacao/quadrodehorarios/turmas/100000371449,Luiz Claudio Frederico Fernandez,Ter 20:00-22:00,Ter,4,33
2023/1,TCC00346,LABORATÓRIO DE RESOLUÇÃO DE PROBLEMAS,EA,/graduacao/quadrodehorarios/turmas/100000371449,Paulo Roberto Mann Marques Junior,Ter 20:00-22:00,Ter,4,33
2023/1,GCI00141,LABORATÓRIO DE TRATAMENTO E RECUPERAÇÃO DA INFORMAÇÃO,S2,/graduacao/quadrodehorarios/turmas/100000373409,Christiano Pereira Pessanha,Qui 18:00-22:00,Qui,54,55
2023/1,GLC00292,LIBRAS I,A1,/graduacao/quadrodehorarios/turmas/100000372893,Bruno Ramos,Seg 09:00-11:00,Seg,51,44
2023/1,GLC00292,LIBRAS I,D1,/graduacao/quadrodehorarios/turmas/100000372919,Tathianna Prado Dawes,Qui 09:00-11:00,Qui,37,31
2023/1,GLC00292,LIBRAS I,E1,/graduacao/quadrodehorarios/turmas/100000372927,Tatiane Militao de Sa,Sex 16:00-18:00,Sex,56,56
2023/1,TCC00304,LINGUAGENS DE PROGRAMAÇÃO,A1,/graduacao/quadrodehorarios/turmas/100000371196,Bruno Lopes Vieira,Qua 07:00-09:00; Sex 07:00-09:00,Qua-Sex,50,48
2023/1,TCC00305,LINGUAGENS FORMAIS E TEORIA DA COMPUTAÇÃO,A1,/graduacao/quadrodehorarios/turmas/100000371197,Luis Felipe Ignacio Cunha,Seg 09:00-11:00; Qua 09:00-11:00,Seg-Qua,41,38
2023/1,GAN00166,LÓGICA PARA A CIÊNCIA DA COMPUTAÇÃO,A1,/graduacao/quadrodehorarios/turmas/100000371744,Renata Pereira de Freitas,Seg 14:00-16:00; Qua 14:00-16:00,Seg-Qua,51,48
2023/1,GAN00166,LÓGICA PARA A CIÊNCIA DA COMPUTAÇÃO,B1,/graduacao/quadrodehorarios/turmas/100000371745,Renata Pereira de Freitas,Ter 14:00-16:00; Qui 14:00-16:00,Ter-Qui,50,46
2023/1,GAN00167,MATEMÁTICA DISCRETA,A1,/graduacao/quadrodehorarios/turmas/100000371747,Jorge Petrucio Viana,Seg 11:00-13:00; Qua 11:00-13:00,Seg-Qua,50,48
2023/1,GAN00167,MATEMÁTICA DISCRETA,B1,/graduacao/quadrodehorarios/turmas/100000371748,Yuri Ki,Seg 14:00-16:00; Qua 14:00-16:00,Seg-Qua,14,53
2023/1,GAN00167,MATEMÁTICA DISCRETA,C1,/graduacao/quadrodehorarios/turmas/100000371749,Jorge Petrucio Viana,Seg 14:00-16:00; Qua 14:00-16:00,Seg-Qua,20,51
2023/1,TCC00200,MINERAÇÃO DE DADOS,A1,/graduacao/quadrodehorarios/turmas/100000371733,Alexandre Plastino de Carvalho,Seg 14:00-18:00,Seg,11,8
2023/1,TCC00306,MÉTODOS NUMÉRICOS,A1,/graduacao/quadrodehorarios/turmas/100000371198,Andre Maues Brabo Pereira,Ter 07:00-09:00; Qui 07:00-09:00,Ter-Qui,52,44
2023/1,TCC00318,PESQUISA OPERACIONAL,A1,/graduacao/quadrodehorarios/turmas/100000371200,Luiz Satoru Ochi,Seg 09:00-13:00,Seg,40,26
2023/1,TCC00307,PROGRAMAÇÃO CIENTÍFICA,A1,/graduacao/quadrodehorarios/turmas/100000371202,Ricardo Leiderman,Ter 11:00-13:00; Qui 11:00-13:00,Ter-Qui,54,51
2023/1,TCC00308,PROGRAMAÇÃO DE COMPUTADORES I,A1,/graduacao/quadrodehorarios/turmas/100000371203,Simone de Lima Martins,Seg 11:00-13:00; Qua 11:00-13:00,Seg-Qua,7,40
2023/1,TCC00308,PROGRAMAÇÃO DE COMPUTADORES I,B1,/graduacao/quadrodehorarios/turmas/100000371204,Mario Roberto Folhadela Benevides,Seg 11:00-13:00; Qua 11:00-13:00,Seg-Qua,5,42
2023/1,TCC00308,PROGRAMAÇÃO DE COMPUTADORES I,C1,/graduacao/quadrodehorarios/turmas/100000371205,Luis Antonio Brasil Kowada,Qua 11:00-13:00; Sex 11:00-13:00,Qua-Sex,33,26
2023/1,TCC00347,PROGRAMAÇÃO ESTRUTURADA,A1,/graduacao/quadrodehorarios/turmas/100000371209,Patrick Barbosa Moratori,Seg 16:00-18:00; Qua 16:00-18:00,Seg-Qua,44,36
2023/1,TCC00347,PROGRAMAÇÃO ESTRUTURADA,B1,/graduacao/quadrodehorarios/turmas/100000371210,Aline de Paula Nascimento,Ter 09:00-11:00; Qui 09:00-11:00,Ter-Qui,50,48
2023/1,TCC00347,PROGRAMAÇÃO ESTRUTURADA,C1,/graduacao/quadrodehorarios/turmas/100000371243,Aline de Paula Nascimento,Ter 07:00-09:00; Qui 07:00-09:00,Ter-Qui,48,31
2023/1,TCC00328,PROGRAMAÇÃO ORIENTADA A OBJETOS,A1,/graduacao/quadrodehorarios/turmas/100000371211,Luiz Andre Portes Paes Leme,Seg 11:00-13:00; Qua 11:00-13:00,Seg-Qua,45,43
2023/1,TCC00328,PROGRAMAÇÃO ORIENTADA A OBJETOS,B1,/graduacao/quadrodehorarios/turmas/100000371249,Anselmo Antunes Montenegro,Seg 16:00-18:00; Qua 16:00-18:00,Seg-Qua,45,41
2023/1,TCC00312,PROJETO DE SOFTWARE,A1,/graduacao/quadrodehorarios/turmas/100000371215,Carlos Alberto Soares Ribeiro,Seg 11:00-13:00; Sex 11:00-13:00,Seg-Sex,51,50
2023/1,TEC00209,PROPRIEDADE INDUSTRIAL,A1,/graduacao/quadrodehorarios/turmas/100000369162,Luis Gustavo Zelaya Cruz,Sex 14:00-18:00,Sex,48,29
2023/1,TEC00209,PROPRIEDADE INDUSTRIAL,B1,/graduacao/quadrodehorarios/turmas/100000369192,Luis Gustavo Zelaya Cruz,Sex 08:00-12:00,Sex,43,27
2023/1,SDV00143,PROPRIEDADE INTELECTUAL,P1,/graduacao/quadrodehorarios/turmas/100000372979,Clarisse Stephan Farhat Jorge,Ter 18:00-20:00; Ter 20:00-22:00,Ter,68,63
2023/1,TCC00313,REDES DE COMPUTADORES I,A1,/graduacao/quadrodehorarios/turmas/100000371219,Flavia Coimbra Delicato,Ter 11:00-13:00; Qui 11:00-13:00,Ter-Qui,48,48
2023/1,TCC00314,REDES DE COMPUTADORES II,A1,/graduacao/quadrodehorarios/turmas/100000371221,Debora Christina Muchaluat Saade,Ter 09:00-11:00; Qui 09:00-11:00,Ter-Qui,40,15
2023/1,GCI00126,REPRESENTAÇÃO DA INFORMAÇÃO,S3,/graduacao/quadrodehorarios/turmas/100000373369,Linair Maria Campos,Seg 18:00-22:00,Seg,50,48
2023/1,TCC00341,SEGURANÇA DA INFORMAÇÃO,A1,/graduacao/quadrodehorarios/turmas/100000371223,Raphael Carlos Santos Machado,Seg 18:00-20:00; Qua 18:00-20:00,Seg-Qua,45,35
2023/1,TCC00315,SISTEMAS DISTRIBUÍDOS,A1,/graduacao/quadrodehorarios/turmas/100000371244,Flavia Coimbra Delicato,Ter 09:00-11:00; Qui 09:00-11:00,Ter-Qui,40,36
2023/1,TCC00316,SISTEMAS OPERACIONAIS,A1,/graduacao/quadrodehorarios/turmas/100000371224,Maria Cristina Silva Boeres,Seg 11:00-13:00; Qua 11:00-13:00,Seg-Qua,55,26
2023/1,TCC00271,TÓPICOS EM  LINGUAGEM DE PROGRAMAÇÃO I,A1,/graduacao/quadrodehorarios/turmas/100000371732,Patrick Barbosa Moratori,Seg 14:00-16:00; Qua 14:00-16:00,Seg-Qua,35,22
2023/1,TCC00234,TÓPICOS EM ARQUITETURAS DE COMPUTADORES I,A1,/graduacao/quadrodehorarios/turmas/100000372020,Lucia Maria de Assumpcao Drummond,Seg 11:00-13:00; Qua 11:00-13:00,Seg-Qua,15,11
2023/1,TCC00244,TÓPICOS EM BANCO DE DADOS I,A1,/graduacao/quadrodehorarios/turmas/100000371737,Vanessa Braganholo Murta,Qua 09:00-11:00; Sex 09:00-11:00,Qua-Sex,20,7
2023/1,TCC00245,TÓPICOS EM BANCO DE DADOS II,A1,/graduacao/quadrodehorarios/turmas/100000371736,Daniel Cardoso Moraes de Oliveira,Sex 18:00-22:00,Sex,21,17
2023/1,TCC00242,TÓPICOS EM COMPUTAÇÃO II,A1,/graduacao/quadrodehorarios/turmas/100000376088,Ueverton dos Santos Souza,Seg 14:00-18:00,Seg,20,2
2023/1,TCC00262,TÓPICOS EM INFORMÁTICA NA EDUCAÇÃO I,A1,/graduacao/quadrodehorarios/turmas/100000371734,Isabel Leite Cafezeiro,Qua 09:00-13:00,Qua,36,25
2023/1,TCC00260,TÓPICOS EM INTELIGÊNCIA ARTIFICIAL II,A1,/graduacao/quadrodehorarios/turmas/100000371263,Flavia Cristina Bernardini,Ter 18:00-22:00,Ter,25,19
2023/1,TCC00261,TÓPICOS EM INTELIGÊNCIA ARTIFICIAL III,A1,/graduacao/quadrodehorarios/turmas/100000375626,Flavio Luiz Seixas,Qui 18:00-22:00,Qui,16,7
2023/1,TCC00267,TÓPICOS EM INTERFACE HOMEM/MÁQUINA III,A1,/graduacao/quadrodehorarios/turmas/100000371738,Igor Machado Coelho,Ter 18:00-22:00,Ter,45,20
2023/1,TCC00274,TÓPICOS EM REDES DE COMPUTADORES I,A1,/graduacao/quadrodehorarios/turmas/100000373689,Celio Vinicius Neves de Albuquerque,Seg 16:00-18:00; Qua 16:00-18:00,Seg-Qua,12,6
2023/1,GAN00140,ÁLGEBRA LINEAR,A1,/graduacao/quadrodehorarios/turmas/100000371665,Xuan Zhang,Seg 09:00-11:00; Qua 09:00-11:00,Seg-Qua,50,39
2023/1,GAN00140,ÁLGEBRA LINEAR,D1,/graduacao/quadrodehorarios/turmas/100000375011,Luiz Alberto Viana da Silva,Seg 09:00-11:00; Qua 09:00-11:00,Seg-Qua,50,48
2023/1,GAN00140,ÁLGEBRA LINEAR,H1,/graduacao/quadrodehorarios/turmas/100000371675,Slobodan Tanushevski,Ter 16:00-18:00; Qui 16:00-18:00,Ter-Qui,50,46
2023/2,TEP00108,ADMINISTRAÇÃO APLICADA À ENGENHARIA,A1,/graduacao/quadrodehorarios/turmas/100000377390,Marcos Costa Roboredo,Seg 09:00-13:00,Seg,50,8
2023/2,TEP00108,ADMINISTRAÇÃO APLICADA À ENGENHARIA,B1,/graduacao/quadrodehorarios/turmas/100000377350,Valdecy Pereira,Seg 14:00-18:00,Seg,50,22
2023/2,TEP00108,ADMINISTRAÇÃO APLICADA À ENGENHARIA,C1,/graduacao/quadrodehorarios/turmas/100000377363,Valdecy Pereira,Seg 18:00-22:00,Seg,50,40
2023/2,TEP00108,ADMINISTRAÇÃO APLICADA À ENGENHARIA,F1,/graduacao/quadrodehorarios/turmas/100000377364,Anna Sophia Piacenza Moraes,Qui 09:00-13:00,Qui,50,22
2023/2,TEP00108,ADMINISTRAÇÃO APLICADA À ENGENHARIA,T1,/graduacao/quadrodehorarios/turmas/100000377365,Luiz Carlos Brasil de Brito Mello,Ter 09:00-13:00,Ter,50,25
2023/2,TCC00284,ALGORITMOS EM GRAFOS,A1,/graduacao/quadrodehorarios/turmas/100000381354,Fabio Protti,Seg 11:00-13:00; Qua 11:00-13:00,Seg-Qua,41,13
2023/2,TCC00285,ANÁLISE E PROJETO DE ALGORITMOS,A1,/graduacao/quadrodehorarios/turmas/100000381355,Luis Felipe Ignacio Cunha,Ter 07:00-09:00; Qui 07:00-09:00,Ter-Qui,60,36
2023/2,TCC00286,ARQUITETURAS DE COMPUTADORES,A1,/graduacao/quadrodehorarios/turmas/100000381356,Eugene Francis Vinod Rebello,Ter 09:00-11:00; Qui 09:00-11:00,Ter-Qui,41,20
2023/2,TCC00286,ARQUITETURAS DE COMPUTADORES,B1,/graduacao/quadrodehorarios/turmas/100000381436,Simone de Lima Martins,Seg 09:00-11:00; Qua 09:00-11:00,Seg-Qua,60,42
2023/2,TCC00349,AVALIAÇÃO DE DESEMPENHO,A1,/graduacao/quadrodehorarios/turmas/100000381357,Antonio Augusto de Aragao Rocha,Seg 11:00-13:00; Qua 11:00-13:00,Seg-Qua,50,35
2023/2,TCC00287,BANCO DE DADOS I,A1,/graduacao/quadrodehorarios/turmas/100000381358,Rodrigo Salvador Monteiro,Seg 09:00-11:00; Qua 09:00-11:00,Seg-Qua,60,53
2023/2,TCC00288,BANCO DE DADOS II,A1,/graduacao/quadrodehorarios/turmas/100000381359,Luiz Andre Portes Paes Leme,Seg 07:00-09:00; Sex 09:00-11:00,Seg-Sex,48,8
2023/2,TET00347,CIRCUITOS DIGITAIS PARA CIÊNCIA DA COMPUTAÇÃO,A1,/graduacao/quadrodehorarios/turmas/100000382654,Alexandre Santos de La Vega,Seg 14:00-16:00; Qua 14:00-16:00,Seg-Qua,36,35
2023/2,TET00347,CIRCUITOS DIGITAIS PARA CIÊNCIA DA COMPUTAÇÃO,B1,/graduacao/quadrodehorarios/turmas/100000382655,Joao Marcos Meirelles da Silva,Ter 14:00-16:00; Qui 14:00-16:00,Ter-Qui,36,26
2023/2,TET00347,CIRCUITOS DIGITAIS PARA CIÊNCIA DA COMPUTAÇÃO,C1,/graduacao/quadrodehorarios/turmas/100000384747,Taiane Alvarenga Menandro Garcia de Freitas,Seg 14:00-16:00; Qua 14:00-16:00,Seg-Qua,36,33
2023/2,TCC00289,COMPILADORES,A1,/graduacao/quadrodehorarios/turmas/100000381361,Flavia Cristina Bernardini,Qua 11:00-13:00; Sex 11:00-13:00,Qua-Sex,40,17
2023/2,GSI00433,COMPORTAMENTO ORGANIZACIONAL,A1,/graduacao/quadrodehorarios/turmas/100000384271,Maudeth Py Braga,Ter 18:00-22:00,Ter,30,26
2023/2,TCC00317,COMPUTABILIDADE,A1,/graduacao/quadrodehorarios/turmas/100000382733,Mario Roberto Folhadela Benevides,Seg 07:00-09:00; Qua 07:00-09:00,Seg-Qua,20,7
2023/2,TCC00290,COMPUTAÇÃO E SOCIEDADE,A1,/graduacao/quadrodehorarios/turmas/100000381430,Jose Raphael Bokehi,Qui 11:00-13:00,Qui,51,50
2023/2,TCC00291,COMPUTAÇÃO GRÁFICA,A1,/graduacao/quadrodehorarios/turmas/100000381363,Marcos de Oliveira Lage Ferreira,Sex 09:00-13:00,Sex,50,38
2023/2,GMA00154,CÁLCULO 1,A1,/graduacao/quadrodehorarios/turmas/100000384809,Paula Balseiro,Seg 09:00-11:00; Qua 09:00-11:00,Seg-Qua,49,25
2023/2,GMA00154,CÁLCULO 1,B2,/graduacao/quadrodehorarios/turmas/100000384977,Andres Koropecki,Ter 18:00-20:00; Qui 18:00-20:00,Ter-Qui,37,22
2023/2,GMA00154,CÁLCULO 1,F1,/graduacao/quadrodehorarios/turmas/100000384814,Sem alocado,Seg 11:00-13:00; Qua 11:00-13:00,Seg-Qua,52,37
2023/2,GMA00154,CÁLCULO 1,J1,/graduacao/quadrodehorarios/turmas/100000384820,Ana Maria Chaparro Castaneda,Seg 14:00-16:00; Qua 14:00-16:00,Seg-Qua,42,35
2023/2,GMA00154,CÁLCULO 1,K1,/graduacao/quadrodehorarios/turmas/100000384822,Luna Lima e Silva,Seg 16:00-18:00; Qua 16:00-18:00,Seg-Qua,27,18
2023/2,GMA00154,CÁLCULO 1,L1,/graduacao/quadrodehorarios/turmas/100000384825,Ana Maria Chaparro Castaneda,Seg 16:00-18:00; Qua 16:00-18:00,Seg-Qua,37,18
2023/2,GMA00154,CÁLCULO 1,M1,/graduacao/quadrodehorarios/turmas/100000384828,Adriana Victoria da Luz Angeloni,Seg 18:00-20:00; Qua 18:00-20:00,Seg-Qua,37,22
2023/2,GMA00154,CÁLCULO 1,O1,/graduacao/quadrodehorarios/turmas/100000384832,Cristiane Ramos Ribeiro Argento,Ter 07:00-09:00; Qui 07:00-09:00,Ter-Qui,50,28
2023/2,GMA00154,CÁLCULO 1,P1,/graduacao/quadrodehorarios/turmas/100000384833,Alex Mauricio Zamudio Espinosa,Ter 09:00-11:00; Qui 09:00-11:00,Ter-Qui,40,27
2023/2,GMA00154,CÁLCULO 1,Z1,/graduacao/quadrodehorarios/turmas/100000384853,Paula Monteiro Baptista,Ter 16:00-18:00; Qui 16:00-18:00,Ter-Qui,53,28
2023/2,GMA00155,CÁLCULO 2,B1,/graduacao/quadrodehorarios/turmas/100000384857,Mayara Duarte de Arauj0 Caldas,Ter 07:00-09:00; Qui 07:00-09:00,Ter-Qui,55,38
2023/2,GMA00155,CÁLCULO 2,C1,/graduacao/quadrodehorarios/turmas/100000384858,Pablo Gutierrez Barrientos,Ter 09:00-11:00; Qui 09:00-11:00,Ter-Qui,44,26
2023/2,GMA00155,CÁLCULO 2,J1,/graduacao/quadrodehorarios/turmas/100000384865,Marco Pacini,Ter 11:00-13:00; Qui 11:00-13:00,Ter-Qui,43,32
2023/2,GMA00155,CÁLCULO 2,Q1,/graduacao/quadrodehorarios/turmas/100000384885,Cheng Xu,Ter 16:00-18:00; Qui 16:00-18:00,Ter-Qui,53,26
2023/2,GMA00155,CÁLCULO 2,R1,/graduacao/quadrodehorarios/turmas/100000384886,Sem alocado,Ter 18:00-20:00; Qui 18:00-20:00,Ter-Qui,21,8
2023/2,STA00168,DESENVOLVIMENTO DE PESSOAS,P1,/graduacao/quadrodehorarios/turmas/100000383147,Americo da Costa Ramos Filho,Ter 18:00-22:00,Ter,75,65
2023/2,TCC00226,DESENVOLVIMENTO WEB,A1,/graduacao/quadrodehorarios/turmas/100000381365,Carlos Alberto Soares Ribeiro,Seg 09:00-11:00; Qua 09:00-11:00,Seg-Qua,43,32
2023/2,TEP00109,ECONOMIA APLICADA À ENGENHARIA,G1,/graduacao/quadrodehorarios/turmas/100000377397,Antonio Carlos Magalhaes da Silva,Qui 18:00-22:00,Qui,50,24
2023/2,TEP00109,ECONOMIA APLICADA À ENGENHARIA,T1,/graduacao/quadrodehorarios/turmas/100000377348,Marco Aurelio Cabral Pinto,Qua 18:00-22:00,Qua,50,39
2023/2,TCC00292,ENGENHARIA DE SOFTWARE I,A1,/graduacao/quadrodehorarios/turmas/100000381368,Troy Costa Kohwalter,Ter 11:00-13:00; Qui 11:00-13:00,Ter-Qui,52,49
2023/2,TCC00293,ENGENHARIA DE SOFTWARE II,A1,/graduacao/quadrodehorarios/turmas/100000381369,Leonardo Gresta Paulino Murta,Ter 07:00-09:00; Qui 07:00-09:00,Ter-Qui,52,45
2023/2,TEP00110,ENGENHARIA ECONÔMICA,B1,/graduacao/quadrodehorarios/turmas/100000377375,Silvia dos Reis Alcantara Duarte,Sex 07:00-09:00,Sex,50,11
2023/2,TEP00110,ENGENHARIA ECONÔMICA,C1,/graduacao/quadrodehorarios/turmas/100000377386,Silvia dos Reis Alcantara Duarte,Sex 09:00-11:00,Sex,51,24
2023/2,TEP00110,ENGENHARIA ECONÔMICA,D1,/graduacao/quadrodehorarios/turmas/100000377400,Silvia dos Reis Alcantara Duarte,Sex 11:00-13:00,Sex,51,12
2023/2,TEP00110,ENGENHARIA ECONÔMICA,E1,/graduacao/quadrodehorarios/turmas/100000377387,Silvia dos Reis Alcantara Duarte,Sex 14:00-16:00,Sex,50,15
2023/2,GET00177,ESTATÍSTICA BÁSICA,A1,/graduacao/quadrodehorarios/turmas/100000381545,Maria Cristina Bessa Moreira,Seg 09:00-11:00; Qua 09:00-11:00,Seg-Qua,60,6
2023/2,GET00177,ESTATÍSTICA BÁSICA,B1,/graduacao/quadrodehorarios/turmas/100000380839,Maria Cristina Bessa Moreira,Seg 14:00-16:00; Qua 14:00-16:00,Seg-Qua,55,27
2023/2,GET00177,ESTATÍSTICA BÁSICA,C1,/graduacao/quadrodehorarios/turmas/100000380835,Luz Amanda Melgar Santander,Seg 16:00-18:00; Qua 16:00-18:00,Seg-Qua,55,6
2023/2,GET00177,ESTATÍSTICA BÁSICA,D1,/graduacao/quadrodehorarios/turmas/100000380837,Jose Rodrigo de Moraes,Ter 09:00-11:00; Qui 09:00-11:00,Ter-Qui,56,16
2023/2,GET00177,ESTATÍSTICA BÁSICA,E1,/graduacao/quadrodehorarios/turmas/100000380838,Valentin Sisko,Ter 11:00-13:00; Qui 11:00-13:00,Ter-Qui,60,19
2023/2,GET00177,ESTATÍSTICA BÁSICA,H1,/graduacao/quadrodehorarios/turmas/100000380874,Marcio Watanabe Alves de Souza,Ter 18:00-20:00; Qui 18:00-20:00,Ter-Qui,65,18
2023/2,TCC00348,ESTRUTURAS DE DADOS E SEUS ALGORITIMOS,A1,/graduacao/quadrodehorarios/turmas/100000381434,Isabel Cristina Mello Rosseti,Ter 11:00-13:00; Qui 11:00-13:00,Ter-Qui,49,23
2023/2,TCC00348,ESTRUTURAS DE DADOS E SEUS ALGORITIMOS,B1,/graduacao/quadrodehorarios/turmas/100000381448,Vanessa Braganholo Murta,Qua 07:00-09:00; Sex 07:00-09:00,Qua-Sex,51,43
2023/2,TCC00296,FUNDAMENTOS DE ARQUITETURAS DE COMPUTADORES,A1,/graduacao/quadrodehorarios/turmas/100000381374,Eugene Francis Vinod Rebello,Ter 11:00-13:00; Qui 11:00-13:00,Ter-Qui,16,48
2023/2,TCC00296,FUNDAMENTOS DE ARQUITETURAS DE COMPUTADORES,B1,/graduacao/quadrodehorarios/turmas/100000381375,Maria Cristina Silva Boeres,Ter 11:00-13:00; Qui 11:00-13:00,Ter-Qui,16,45
2023/2,GGM00137,FUNDAMENTOS DE CÁLCULO E GEOMETRIA,D1,/graduacao/quadrodehorarios/turmas/100000381195,Zhou Cong,Ter 09:00-11:00; Qui 09:00-11:00,Ter-Qui,12,47
2023/2,GGM00137,FUNDAMENTOS DE CÁLCULO E GEOMETRIA,E1,/graduacao/quadrodehorarios/turmas/100000381196,Cristhabel Janeth Casanova Vasquez,Ter 09:00-11:00; Qui 09:00-11:00,Ter-Qui,26,51
2023/2,GGM00137,FUNDAMENTOS DE CÁLCULO E GEOMETRIA,G1,/graduacao/quadrodehorarios/turmas/100000381198,Jose Roberto Linhares de Mattos,Ter 14:00-16:00; Qui 14:00-16:00,Ter-Qui,64,50
2023/2,GGM00137,FUNDAMENTOS DE CÁLCULO E GEOMETRIA,P1,/graduacao/quadrodehorarios/turmas/100000381207,Jiagang Yang,Seg 11:00-13:00; Qua 11:00-13:00,Seg-Qua,60,41
2023/2,GGM00137,FUNDAMENTOS DE CÁLCULO E GEOMETRIA,Q1,/graduacao/quadrodehorarios/turmas/100000381339,Fabio Henrique Andrade Santos,Seg 09:00-11:00; Qua 09:00-11:00,Seg-Qua,62,36
2023/2,GFI00161,FÍSICA EXPERIMENTAL I,BC,/graduacao/quadrodehorarios/turmas/100000383787,Carlos Enrique Navia Ojeda,Ter 11:00-13:00,Ter,24,19
2023/2,GFI00161,FÍSICA EXPERIMENTAL I,BH,/graduacao/quadrodehorarios/turmas/100000383788,Carlos Enrique Navia Ojeda,Sex 11:00-13:00,Sex,23,21
2023/2,GFI00161,FÍSICA EXPERIMENTAL I,CB,/graduacao/quadrodehorarios/turmas/100000383797,Marcio Jorge Teles da Costa,Ter 14:00-16:00,Ter,24,17
2023/2,GFI00161,FÍSICA EXPERIMENTAL I,CE,/graduacao/quadrodehorarios/turmas/100000383841,Gabriel Bié Alves,Qui 14:00-16:00,Qui,23,11
2023/2,GFI00161,FÍSICA EXPERIMENTAL I,DA,/graduacao/quadrodehorarios/turmas/100000383798,Marcel Nogueira de Oliveira,Seg 16:00-18:00,Seg,23,21
2023/2,GFI00161,FÍSICA EXPERIMENTAL I,DC,/graduacao/quadrodehorarios/turmas/100000383801,Marcel Nogueira de Oliveira,Qua 16:00-18:00,Qua,22,14
2023/2,GFI00161,FÍSICA EXPERIMENTAL I,DD,/graduacao/quadrodehorarios/turmas/100000383851,Evandro Vidor Lins de Mello,Ter 16:00-18:00,Ter,23,19
2023/2,GFI00161,FÍSICA EXPERIMENTAL I,DF,/graduacao/quadrodehorarios/turmas/100000383804,Evandro Vidor Lins de Mello,Qui 16:00-18:00,Qui,24,11
2023/2,GFI00161,FÍSICA EXPERIMENTAL I,DG,/graduacao/quadrodehorarios/turmas/100000383824,Carlos Enrique Navia Ojeda,Sex 16:00-18:00,Sex,23,7
2023/2,GFI00161,FÍSICA EXPERIMENTAL I,ED,/graduacao/quadrodehorarios/turmas/100000383816,Carlos Eduardo Rodrigues de Souza,Qua 16:00-18:00,Qua,18,10
2023/2,GFI00161,FÍSICA EXPERIMENTAL I,EE,/graduacao/quadrodehorarios/turmas/100000383805,Roberto Linares,Seg 18:00-20:00,Seg,23,20
2023/2,GFI00162,FÍSICA EXPERIMENTAL II,AB,/graduacao/quadrodehorarios/turmas/100000383794,Andreia Mendonca Saguia,Sex 09:00-11:00,Sex,24,16
2023/2,GFI00162,FÍSICA EXPERIMENTAL II,CD,/graduacao/quadrodehorarios/turmas/100000383821,Daniele Cristina Silva de Freitas,Seg 14:00-16:00,Seg,22,3
2023/2,GFI00158,FÍSICA I,B3,/graduacao/quadrodehorarios/turmas/100000383736,Viviane Angelico Pereira Alfradique,Qua 11:00-13:00; Sex 11:00-13:00; Sab 08:00-10:00,Qua-Sex-Sab,93,33
2023/2,GFI00158,FÍSICA I,C1,/graduacao/quadrodehorarios/turmas/100000383734,Maria Emilia Xavier Guimaraes Lopes,Seg 14:00-16:00; Qua 14:00-16:00; Sab 08:00-10:00,Seg-Qua-Sab,85,45
2023/2,GFI00158,FÍSICA I,D1,/graduacao/quadrodehorarios/turmas/100000383748,Anna Maria Nobrega Chame,Seg 16:00-18:00; Qua 16:00-18:00; Sab 08:00-10:00,Seg-Qua-Sab,99,59
2023/2,GFI00158,FÍSICA I,F1,/graduacao/quadrodehorarios/turmas/100000383735,Marcel Nogueira de Oliveira,Seg 20:00-22:00; Qua 20:00-22:00; Sab 08:00-10:00,Seg-Qua-Sab,95,20
2023/2,GFI00158,FÍSICA I,G1,/graduacao/quadrodehorarios/turmas/100000383761,Viviane Angelico Pereira Alfradique,Qua 09:00-11:00; Sex 09:00-11:00; Sab 08:00-10:00,Qua-Sex-Sab,64,23
2023/2,GFI00159,FÍSICA II,D1,/graduacao/quadrodehorarios/turmas/100000383732,Daniel Schneider Tasca,Seg 16:00-18:00; Qua 16:00-18:00; Sab 11:00-13:00,Seg-Qua-Sab,94,42
2023/2,GFI00159,FÍSICA II,E1,/graduacao/quadrodehorarios/turmas/100000383753,Evandro Vidor Lins de Mello,Seg 18:00-20:00; Qua 18:00-20:00; Sab 11:00-13:00,Seg-Qua-Sab,70,24
2023/2,TEP00111,GERENCIAMENTO DE PROJETOS I,A1,/graduacao/quadrodehorarios/turmas/100000377401,Jose Rodrigues de Farias Filho,Ter 07:00-11:00,Ter,50,38
2023/2,TEP00111,GERENCIAMENTO DE PROJETOS I,B1,/graduacao/quadrodehorarios/turmas/100000377388,Ruben Huamanchumo Gutierrez,Qua 09:00-13:00,Qua,50,18
2023/2,TCC00324,GOVERNANÇA EM TECNOLOGIA DA INFORMAÇÃO,A1,/graduacao/quadrodehorarios/turmas/100000381379,Marcelo Fornazin,Qua 18:00-22:00,Qua,50,36
2023/2,TCC00297,INTELIGÊNCIA ARTIFICIAL,A1,/graduacao/quadrodehorarios/turmas/100000381380,Mariza Ferro,Ter 11:00-13:00; Qui 11:00-13:00,Ter-Qui,41,35
2023/2,STA00191,INTELIGÊNCIA DE NEGÓCIOS,P1,/graduacao/quadrodehorarios/turmas/100000383151,Elaine Ribeiro Sigette,Ter 18:00-22:00,Ter,60,58
2023/2,TCC00298,INTERFACE HOMEM-MÁQUINA,A1,/graduacao/quadrodehorarios/turmas/100000381381,Luciana Cardoso de Castro Salgado,Qua 09:00-11:00; Sex 09:00-11:00,Qua-Sex,45,27
2023/2,TCC00350,INTRODUÇÃO À COMPUTAÇÃO QUÂNTICA,A1,/graduacao/quadrodehorarios/turmas/100000382716,Luis Antonio Brasil Kowada,Sex 09:00-13:00,Sex,45,20
2023/2,TCC00300,LABORATÓRIO DE PROGRAMAÇÃO DE DISPOSITIVOS MÓVEIS,AA,/graduacao/quadrodehorarios/turmas/100000381489,Leandro Santiago de Araujo,Qui 14:00-16:00,Qui,36,25
2023/2,TCC00300,LABORATÓRIO DE PROGRAMAÇÃO DE DISPOSITIVOS MÓVEIS,BA,/graduacao/quadrodehorarios/turmas/100000381497,Leandro Santiago de Araujo,Qui 16:00-18:00,Qui,32,27
2023/2,TCC00301,LABORATÓRIO DE PROGRAMAÇÃO DE JOGOS,AA,/graduacao/quadrodehorarios/turmas/100000381490,Esteban Walter Gonzalez Clua,Sex 11:00-13:00,Sex,41,39
2023/2,TCC00301,LABORATÓRIO DE PROGRAMAÇÃO DE JOGOS,BA,/graduacao/quadrodehorarios/turmas/100000381491,Esteban Walter Gonzalez Clua,Sex 09:00-11:00,Sex,41,40
2023/2,TCC00344,LABORATÓRIO DE PROGRAMAÇÃO PARALELA I,AA,/graduacao/quadrodehorarios/turmas/100000381494,Lucia Maria de Assumpcao Drummond,Seg 07:00-09:00; Qua 07:00-09:00,Seg-Qua,39,34
2023/2,TCC00346,LABORATÓRIO DE RESOLUÇÃO DE PROBLEMAS,AA,/graduacao/quadrodehorarios/turmas/100000381492,Leandro Augusto Frata Fernandes,Qua 09:00-11:00,Qua,3,30
2023/2,TCC00346,LABORATÓRIO DE RESOLUÇÃO DE PROBLEMAS,BA,/graduacao/quadrodehorarios/turmas/100000381495,Mario Roberto Folhadela Benevides,Qua 09:00-11:00,Qua,6,31
2023/2,TCC00346,LABORATÓRIO DE RESOLUÇÃO DE PROBLEMAS,CA,/graduacao/quadrodehorarios/turmas/100000381493,Leandro Augusto Frata Fernandes,Seg 09:00-11:00,Seg,4,25
2023/2,TCC00346,LABORATÓRIO DE RESOLUÇÃO DE PROBLEMAS,DA,/graduacao/quadrodehorarios/turmas/100000381496,Mario Roberto Folhadela Benevides,Seg 09:00-11:00,Seg,27,7
2023/2,GLC00292,LIBRAS I,A1,/graduacao/quadrodehorarios/turmas/100000379927,Bruno Ramos,Seg 09:00-11:00,Seg,44,37
2023/2,GLC00292,LIBRAS I,A2,/graduacao/quadrodehorarios/turmas/100000379928,Bruno Ramos,Seg 11:00-13:00,Seg,43,37
2023/2,GLC00292,LIBRAS I,D1,/graduacao/quadrodehorarios/turmas/100000379939,Tathianna Prado Dawes,Qui 09:00-11:00,Qui,44,34
2023/2,GLC00292,LIBRAS I,E3,/graduacao/quadrodehorarios/turmas/100000379944,Gildete da Silva Amorim Mendes Francisco,Sex 16:00-18:00,Sex,38,28
2023/2,TCC00304,LINGUAGENS DE PROGRAMAÇÃO,A1,/graduacao/quadrodehorarios/turmas/100000381384,Bruno Lopes Vieira,Qua 07:00-09:00; Sex 07:00-09:00,Qua-Sex,50,40
2023/2,TCC00305,LINGUAGENS FORMAIS E TEORIA DA COMPUTAÇÃO,A1,/graduacao/quadrodehorarios/turmas/100000381385,Bruno Lopes Vieira,Seg 09:00-11:00; Qua 09:00-11:00,Seg-Qua,45,27
2023/2,GAN00166,LÓGICA PARA A CIÊNCIA DA COMPUTAÇÃO,A1,/graduacao/quadrodehorarios/turmas/100000387067,Jorge Petrucio Viana,Seg 14:00-16:00; Qua 14:00-16:00,Seg-Qua,54,33
2023/2,GAN00166,LÓGICA PARA A CIÊNCIA DA COMPUTAÇÃO,B1,/graduacao/quadrodehorarios/turmas/100000387068,Taisa Lopes Martins,Ter 14:00-16:00; Qui 14:00-16:00,Ter-Qui,50,43
2023/2,GAN00167,MATEMÁTICA DISCRETA,A1,/graduacao/quadrodehorarios/turmas/100000387069,Jorge Petrucio Viana,Seg 11:00-13:00; Qua 11:00-13:00,Seg-Qua,53,33
2023/2,GAN00167,MATEMÁTICA DISCRETA,B1,/graduacao/quadrodehorarios/turmas/100000387070,Jones Colombo,Seg 14:00-16:00; Qua 14:00-16:00,Seg-Qua,20,40
2023/2,GAN00167,MATEMÁTICA DISCRETA,C1,/graduacao/quadrodehorarios/turmas/100000387071,Yuri Ki,Seg 14:00-16:00; Qua 14:00-16:00,Seg-Qua,19,47
2023/2,TCC00330,MODELAGEM DE PROCESSOS DE NEGÓCIOS,A1,/graduacao/quadrodehorarios/turmas/100000381387,Rodrigo Salvador Monteiro,Ter 18:00-22:00,Ter,48,28
2023/2,STA00267,MODELOS DE GESTÃO CONTEMPORÂNEA,P1,/graduacao/quadrodehorarios/turmas/100000383981,Americo da Costa Ramos Filho,Qui 18:00-22:00,Qui,77,72
2023/2,TCC00306,MÉTODOS NUMÉRICOS,A1,/graduacao/quadrodehorarios/turmas/100000381386,Ricardo Leiderman,Ter 11:00-13:00; Qui 11:00-13:00,Ter-Qui,50,35
2023/2,TCC00318,PESQUISA OPERACIONAL,A1,/graduacao/quadrodehorarios/turmas/100000381388,Luiz Satoru Ochi,Seg 09:00-13:00,Seg,40,25
2023/2,TCC00307,PROGRAMAÇÃO CIENTÍFICA,A1,/graduacao/quadrodehorarios/turmas/100000381390,Andre Maues Brabo Pereira,Ter 11:00-13:00; Qui 11:00-13:00,Ter-Qui,45,27
2023/2,TCC00308,PROGRAMAÇÃO DE COMPUTADORES I,A1,/graduacao/quadrodehorarios/turmas/100000381394,Leandro Augusto Frata Fernandes,Seg 11:00-13:00; Qua 11:00-13:00,Seg-Qua,3,36
2023/2,TCC00308,PROGRAMAÇÃO DE COMPUTADORES I,B1,/graduacao/quadrodehorarios/turmas/100000382223,Loana Tito Nogueira,Seg 11:00-13:00; Qua 11:00-13:00,Seg-Qua,6,35
2023/2,TCC00308,PROGRAMAÇÃO DE COMPUTADORES I,C1,/graduacao/quadrodehorarios/turmas/100000382224,Dante Corbucci Filho,Qua 11:00-13:00; Sex 11:00-13:00,Qua-Sex,36,15
2023/2,TCC00347,PROGRAMAÇÃO ESTRUTURADA,A1,/graduacao/quadrodehorarios/turmas/100000381397,Patrick Barbosa Moratori,Seg 16:00-18:00; Qua 16:00-18:00,Seg-Qua,52,43
2023/2,TCC00347,PROGRAMAÇÃO ESTRUTURADA,B1,/graduacao/quadrodehorarios/turmas/100000381398,Lauro Eduardo Kozovits,Ter 09:00-11:00; Qui 09:00-11:00,Ter-Qui,51,18
2023/2,TCC00347,PROGRAMAÇÃO ESTRUTURADA,C1,/graduacao/quadrodehorarios/turmas/100000381431,Isabel Cristina Mello Rosseti,Ter 16:00-18:00; Qui 16:00-18:00,Ter-Qui,46,23
2023/2,TCC00328,PROGRAMAÇÃO ORIENTADA A OBJETOS,A1,/graduacao/quadrodehorarios/turmas/100000381399,Luiz Andre Portes Paes Leme,Seg 11:00-13:00; Qua 11:00-13:00,Seg-Qua,54,31
2023/2,TCC00328,PROGRAMAÇÃO ORIENTADA A OBJETOS,B1,/graduacao/quadrodehorarios/turmas/100000381437,Anselmo Antunes Montenegro,Seg 16:00-18:00; Qua 16:00-18:00,Seg-Qua,45,27
2023/2,TCC00328,PROGRAMAÇÃO ORIENTADA A OBJETOS,C1,/graduacao/quadrodehorarios/turmas/100000381400,Carlos Alberto Soares Ribeiro,Seg 11:00-13:00; Qua 11:00-13:00,Seg-Qua,40,33
2023/2,TCC00312,PROJETO DE SOFTWARE,A1,/graduacao/quadrodehorarios/turmas/100000381403,Vania de Oliveira Neves,Seg 11:00-13:00; Qua 11:00-13:00,Seg-Qua,57,44
2023/2,TEC00209,PROPRIEDADE INDUSTRIAL,A1,/graduacao/quadrodehorarios/turmas/100000379471,Luis Gustavo Zelaya Cruz,Sex 14:00-18:00,Sex,60,50
2023/2,TEC00209,PROPRIEDADE INDUSTRIAL,B1,/graduacao/quadrodehorarios/turmas/100000379499,Luis Gustavo Zelaya Cruz,Sex 08:00-12:00,Sex,60,49
2023/2,SDV00143,PROPRIEDADE INTELECTUAL,P1,/graduacao/quadrodehorarios/turmas/100000380584,Carla Appollinario de Castro,Ter 18:00-20:00; Ter 20:00-22:00,Ter,70,62
2023/2,TCC00313,REDES DE COMPUTADORES I,A1,/graduacao/quadrodehorarios/turmas/100000381407,Celio Vinicius Neves de Albuquerque,Seg 09:00-11:00; Qua 09:00-11:00,Seg-Qua,43,18
2023/2,TCC00314,REDES DE COMPUTADORES II,A1,/graduacao/quadrodehorarios/turmas/100000381409,Debora Christina Muchaluat Saade,Ter 09:00-11:00; Qui 09:00-11:00,Ter-Qui,50,42
2023/2,TCC00341,SEGURANÇA DA INFORMAÇÃO,A1,/graduacao/quadrodehorarios/turmas/100000381411,Luis Antonio Brasil Kowada,Qua 18:00-22:00,Qua,50,31
2023/2,TCC00315,SISTEMAS DISTRIBUÍDOS,A1,/graduacao/quadrodehorarios/turmas/100000381432,Flavia Coimbra Delicato,Ter 09:00-11:00; Qui 09:00-11:00,Ter-Qui,50,41
2023/2,TCC00316,SISTEMAS OPERACIONAIS,A1,/graduacao/quadrodehorarios/turmas/100000381412,Maria Cristina Silva Boeres,Ter 09:00-11:00; Qui 09:00-11:00,Ter-Qui,61,31
2023/2,TCC00271,TÓPICOS EM  LINGUAGEM DE PROGRAMAÇÃO I,A1,/graduacao/quadrodehorarios/turmas/100000382717,Patrick Barbosa Moratori,Seg 14:00-16:00; Ter 14:00-16:00,Seg-Ter,43,37
2023/2,TCC00234,TÓPICOS EM ARQUITETURAS DE COMPUTADORES I,A1,/graduacao/quadrodehorarios/turmas/100000382708,Lucia Maria de Assumpcao Drummond,Seg 09:00-11:00; Qua 09:00-11:00,Seg-Qua,10,2
2023/2,TCC00247,TÓPICOS EM COMPILADORES I,A1,/graduacao/quadrodehorarios/turmas/100000385076,Luciana Cardoso de Castro Salgado,Ter 14:00-18:00,Ter,20,2
2023/2,TCC00241,TÓPICOS EM COMPUTAÇÃO I,A1,/graduacao/quadrodehorarios/turmas/100000382718,Ueverton dos Santos Souza,Ter 11:00-13:00; Qui 11:00-13:00,Ter-Qui,24,11
2023/2,TCC00242,TÓPICOS EM COMPUTAÇÃO II,A1,/graduacao/quadrodehorarios/turmas/100000382710,Esteban Walter Gonzalez Clua,Seg 09:00-13:00,Seg,15,7
2023/2,TCC00243,TÓPICOS EM COMPUTAÇÃO III,A1,/graduacao/quadrodehorarios/turmas/100000382731,Marcos Vinicius Naves Bedo,Seg 14:00-16:00; Qui 14:00-16:00,Seg-Qui,20,0
2023/2,TCC00250,TÓPICOS EM ENGENHARIA DE SOFWARE I,A1,/graduacao/quadrodehorarios/turmas/100000382714,Vania de Oliveira Neves,Qua 18:00-22:00,Qua,13,8
2023/2,TCC00262,TÓPICOS EM INFORMÁTICA NA EDUCAÇÃO I,A1,/graduacao/quadrodehorarios/turmas/100000383211,Isabel Leite Cafezeiro,Qua 09:00-13:00,Qua,20,19
2023/2,TCC00259,TÓPICOS EM INTELIGÊNCIA ARTIFICIAL I,A1,/graduacao/quadrodehorarios/turmas/100000382711,Aline Marins Paes Carvalho,Ter 07:00-09:00; Qui 07:00-09:00,Ter-Qui,33,7
2023/2,TCC00260,TÓPICOS EM INTELIGÊNCIA ARTIFICIAL II,A1,/graduacao/quadrodehorarios/turmas/100000383418,Flavia Cristina Bernardini,Qua 18:00-20:00; Sex 18:00-20:00,Qua-Sex,21,9
2023/2,TCC00261,TÓPICOS EM INTELIGÊNCIA ARTIFICIAL III,A1,/graduacao/quadrodehorarios/turmas/100000387760,Mariza Ferro,Qua 11:00-13:00; Sex 11:00-13:00,Qua-Sex,1,1
2023/2,TCC00274,TÓPICOS EM REDES DE COMPUTADORES I,A1,/graduacao/quadrodehorarios/turmas/100000382715,Celio Vinicius Neves de Albuquerque,Seg 11:00-13:00; Qua 11:00-13:00,Seg-Qua,18,2
2023/2,TCC00274,TÓPICOS EM REDES DE COMPUTADORES I,B1,/graduacao/quadrodehorarios/turmas/100000382732,Antonio Augusto de Aragao Rocha,Ter 18:00-22:00,Ter,40,14
2023/2,TCC00275,TÓPICOS EM REDES DE COMPUTADORES II,A1,/graduacao/quadrodehorarios/turmas/100000382712,Flavia Coimbra Delicato,Ter 11:00-13:00; Qui 11:00-13:00,Ter-Qui,16,15
2023/2,GAN00140,ÁLGEBRA LINEAR,A1,/graduacao/quadrodehorarios/turmas/100000386956,Danilo Vilela Avelar,Seg 09:00-11:00; Qua 09:00-11:00,Seg-Qua,51,41
2023/2,GAN00140,ÁLGEBRA LINEAR,B1,/graduacao/quadrodehorarios/turmas/100000386957,Claudia Ossanai,Seg 09:00-11:00; Qua 09:00-11:00,Seg-Qua,43,23
2023/2,GAN00140,ÁLGEBRA LINEAR,F1,/graduacao/quadrodehorarios/turmas/100000386970,Bely Rodriguez Morales,Seg 09:00-11:00; Qua 09:00-11:00,Seg-Qua,52,24
2023/2,GAN00140,ÁLGEBRA LINEAR,L1,/graduacao/quadrodehorarios/turmas/100000386978,Ana Maria Luz Fassarella do Amaral,Ter 16:00-18:00; Qui 16:00-18:00,Ter-Qui,47,31
2023/2,GAN00140,ÁLGEBRA LINEAR,M1,/graduacao/quadrodehorarios/turmas/100000387688,Renata Pereira de Freitas,Ter 16:00-18:00; Qui 16:00-18:00,Ter-Qui,53,26
2023/2,GAN00140,ÁLGEBRA LINEAR,N1,/graduacao/quadrodehorarios/turmas/100000388188,Helton de Oliveira da Silva Leal,Ter 16:00-18:00; Qui 16:00-18:00,Ter-Qui,45,5
2024/1,TEP00108,ADMINISTRAÇÃO APLICADA À ENGENHARIA,A1,/graduacao/quadrodehorarios/turmas/100000396358,Marcos Costa Roboredo,Seg 09:00-13:00,Seg,50,11
2024/1,TEP00108,ADMINISTRAÇÃO APLICADA À ENGENHARIA,B1,/graduacao/quadrodehorarios/turmas/100000396319,Valdecy Pereira,Seg 14:00-18:00,Seg,50,21
2024/1,TEP00108,ADMINISTRAÇÃO APLICADA À ENGENHARIA,C1,/graduacao/quadrodehorarios/turmas/100000396332,Valdecy Pereira,Seg 18:00-22:00,Seg,52,42
2024/1,TEP00108,ADMINISTRAÇÃO APLICADA À ENGENHARIA,T1,/graduacao/quadrodehorarios/turmas/100000396334,Luiz Carlos Brasil de Brito Mello,Ter 09:00-13:00,Ter,50,30
2024/1,TCC00284,ALGORITMOS EM GRAFOS,A1,/graduacao/quadrodehorarios/turmas/100000398094,Loana Tito Nogueira,Seg 11:00-13:00; Qua 11:00-13:00,Seg-Qua,40,24
2024/1,TCC00285,ANÁLISE E PROJETO DE ALGORITMOS,A1,/graduacao/quadrodehorarios/turmas/100000398095,Carlos Alberto de Jesus Martinhon,Ter 09:00-11:00; Qui 09:00-11:00,Ter-Qui,63,43
2024/1,TCC00285,ANÁLISE E PROJETO DE ALGORITMOS,B1,/graduacao/quadrodehorarios/turmas/100000400346,Ueverton dos Santos Souza,Seg 18:00-20:00; Qua 18:00-20:00,Seg-Qua,15,6
2024/1,TCC00286,ARQUITETURAS DE COMPUTADORES,A1,/graduacao/quadrodehorarios/turmas/100000398096,Eugene Francis Vinod Rebello,Ter 09:00-11:00; Qui 09:00-11:00,Ter-Qui,60,28
2024/1,TCC00286,ARQUITETURAS DE COMPUTADORES,B1,/graduacao/quadrodehorarios/turmas/100000398159,Simone de Lima Martins,Seg 09:00-11:00; Qua 09:00-11:00,Seg-Qua,61,55
2024/1,TCC00349,AVALIAÇÃO DE DESEMPENHO,A1,/graduacao/quadrodehorarios/turmas/100000398097,Antonio Augusto de Aragao Rocha,Seg 11:00-13:00; Qua 11:00-13:00,Seg-Qua,54,40
2024/1,TCC00287,BANCO DE DADOS I,A1,/graduacao/quadrodehorarios/turmas/100000398098,Luiz Andre Portes Paes Leme,Seg 09:00-11:00; Qua 09:00-11:00,Seg-Qua,52,45
2024/1,TCC00288,BANCO DE DADOS II,A1,/graduacao/quadrodehorarios/turmas/100000398099,Luiz Andre Portes Paes Leme,Seg 07:00-09:00; Qua 07:00-09:00,Seg-Qua,56,41
2024/1,TET00347,CIRCUITOS DIGITAIS PARA CIÊNCIA DA COMPUTAÇÃO,A1,/graduacao/quadrodehorarios/turmas/100000392245,Alexandre Santos de La Vega,Seg 14:00-16:00; Qua 14:00-16:00,Seg-Qua,35,29
2024/1,TET00347,CIRCUITOS DIGITAIS PARA CIÊNCIA DA COMPUTAÇÃO,B1,/graduacao/quadrodehorarios/turmas/100000392246,Joao Marcos Meirelles da Silva,Ter 14:00-16:00; Qui 14:00-16:00,Ter-Qui,36,33
2024/1,TET00347,CIRCUITOS DIGITAIS PARA CIÊNCIA DA COMPUTAÇÃO,C1,/graduacao/quadrodehorarios/turmas/100000392280,Taiane Alvarenga Menandro Garcia de Freitas,Seg 14:00-16:00; Qua 14:00-16:00,Seg-Qua,30,20
2024/1,TCC00289,COMPILADORES,A1,/graduacao/quadrodehorarios/turmas/100000398101,Bruno Lopes Vieira,Seg 11:00-13:00; Sex 11:00-13:00,Seg-Sex,41,16
2024/1,TCC00289,COMPILADORES,B1,/graduacao/quadrodehorarios/turmas/100000399884,Bruno Lopes Vieira,Sex 07:00-11:00,Sex,1,1
2024/1,GSI00433,COMPORTAMENTO ORGANIZACIONAL,A1,/graduacao/quadrodehorarios/turmas/100000393845,Anne Caroline Silva de Sousa,Ter 18:00-22:00,Ter,41,32
2024/1,TCC00280,COMPUTAÇÃO E MEIO AMBIENTE,A1,/graduacao/quadrodehorarios/turmas/100000398567,Jose Raphael Bokehi,Seg 14:00-18:00,Seg,24,5
2024/1,TCC00290,COMPUTAÇÃO E SOCIEDADE,A1,/graduacao/quadrodehorarios/turmas/100000398154,Jose Raphael Bokehi,Qui 11:00-13:00,Qui,41,39
2024/1,TCC00291,COMPUTAÇÃO GRÁFICA,A1,/graduacao/quadrodehorarios/turmas/100000398102,Anselmo Antunes Montenegro,Qua 09:00-11:00; Sex 09:00-11:00,Qua-Sex,40,31
2024/1,GMA00154,CÁLCULO 1,C2,/graduacao/quadrodehorarios/turmas/100000397793,Magda Kimico Kaibara Dutra,Seg 11:00-13:00; Qua 11:00-13:00,Seg-Qua,56,37
2024/1,GMA00154,CÁLCULO 1,D2,/graduacao/quadrodehorarios/turmas/100000397864,Andres Koropecki,Seg 14:00-16:00; Qua 14:00-16:00,Seg-Qua,41,11
2024/1,GMA00154,CÁLCULO 1,D9,/graduacao/quadrodehorarios/turmas/100000397872,Samuel Pacitti Gentil,Seg 14:00-16:00; Qua 14:00-16:00,Seg-Qua,48,9
2024/1,GMA00154,CÁLCULO 1,E1,/graduacao/quadrodehorarios/turmas/100000397954,Antonio Nigro,Seg 16:00-18:00; Qua 16:00-18:00,Seg-Qua,28,4
2024/1,GMA00154,CÁLCULO 1,F1,/graduacao/quadrodehorarios/turmas/100000397965,Luna Lima e Silva,Seg 18:00-20:00; Qua 18:00-20:00,Seg-Qua,50,34
2024/1,GMA00154,CÁLCULO 1,M1,/graduacao/quadrodehorarios/turmas/100000397968,Joao Miranda Carnevale,Ter 07:00-09:00; Qui 07:00-09:00,Ter-Qui,59,31
2024/1,GMA00154,CÁLCULO 1,N2,/graduacao/quadrodehorarios/turmas/100000397974,Javier Nicolas Gargiulo Acea,Ter 09:00-11:00; Qui 09:00-11:00,Ter-Qui,52,32
2024/1,GMA00154,CÁLCULO 1,O2,/graduacao/quadrodehorarios/turmas/100000398005,Javier Nicolas Gargiulo Acea,Ter 11:00-13:00; Qui 11:00-13:00,Ter-Qui,50,22
2024/1,GMA00155,CÁLCULO 2,M1,/graduacao/quadrodehorarios/turmas/100000398682,Pablo Gutierrez Barrientos,Ter 07:00-09:00; Qui 07:00-09:00,Ter-Qui,50,36
2024/1,GMA00155,CÁLCULO 2,M3,/graduacao/quadrodehorarios/turmas/100000399758,Peter Edward Hazard,Ter 07:00-09:00; Qui 07:00-09:00,Ter-Qui,48,15
2024/1,GMA00155,CÁLCULO 2,N1,/graduacao/quadrodehorarios/turmas/100000398686,Pablo Gutierrez Barrientos,Ter 09:00-11:00; Qui 09:00-11:00,Ter-Qui,53,48
2024/1,GMA00155,CÁLCULO 2,N3,/graduacao/quadrodehorarios/turmas/100000398692,Denise de Oliveira Pinto,Ter 09:00-11:00; Qui 09:00-11:00,Ter-Qui,50,24
2024/1,GMA00155,CÁLCULO 2,O1,/graduacao/quadrodehorarios/turmas/100000398701,Begona Alarcon Cotillas,Ter 11:00-13:00; Qui 11:00-13:00,Ter-Qui,30,18
2024/1,GMA00155,CÁLCULO 2,P1,/graduacao/quadrodehorarios/turmas/100000398723,Maria Luiza Oliveira Santos,Ter 14:00-16:00; Qui 14:00-16:00,Ter-Qui,50,35
2024/1,GMA00155,CÁLCULO 2,P3,/graduacao/quadrodehorarios/turmas/100000398729,Begona Alarcon Cotillas,Ter 14:00-16:00; Qui 14:00-16:00,Ter-Qui,48,22
2024/1,GMA00155,CÁLCULO 2,R2,/graduacao/quadrodehorarios/turmas/100000398763,Andres Koropecki,Ter 18:00-20:00; Qui 18:00-20:00,Ter-Qui,50,28
2024/1,STA00168,DESENVOLVIMENTO DE PESSOAS,P1,/graduacao/quadrodehorarios/turmas/100000390933,Ana Maria Lana Ramos,Ter 18:00-22:00,Ter,72,71
2024/1,TCC00226,DESENVOLVIMENTO WEB,A1,/graduacao/quadrodehorarios/turmas/100000398103,Carlos Alberto Soares Ribeiro,Seg 09:00-11:00; Qua 09:00-11:00,Seg-Qua,52,39
2024/1,TEP00109,ECONOMIA APLICADA À ENGENHARIA,G1,/graduacao/quadrodehorarios/turmas/100000396365,Antonio Carlos Magalhaes da Silva,Qui 18:00-22:00,Qui,50,15
2024/1,TEP00109,ECONOMIA APLICADA À ENGENHARIA,T1,/graduacao/quadrodehorarios/turmas/100000396317,Marco Aurelio Cabral Pinto,Qua 18:00-22:00,Qua,50,12
2024/1,TCC00292,ENGENHARIA DE SOFTWARE I,A1,/graduacao/quadrodehorarios/turmas/100000398105,Troy Costa Kohwalter,Ter 11:00-13:00; Qui 11:00-13:00,Ter-Qui,45,44
2024/1,TCC00293,ENGENHARIA DE SOFTWARE II,A1,/graduacao/quadrodehorarios/turmas/100000398106,Leonardo Gresta Paulino Murta,Ter 07:00-09:00; Qui 07:00-09:00,Ter-Qui,50,41
2024/1,TEP00110,ENGENHARIA ECONÔMICA,B1,/graduacao/quadrodehorarios/turmas/100000396344,Silvia dos Reis Alcantara Duarte,Sex 07:00-09:00,Sex,50,8
2024/1,TEP00110,ENGENHARIA ECONÔMICA,C1,/graduacao/quadrodehorarios/turmas/100000396354,Silvia dos Reis Alcantara Duarte,Sex 09:00-11:00,Sex,51,15
2024/1,TEP00110,ENGENHARIA ECONÔMICA,D1,/graduacao/quadrodehorarios/turmas/100000396368,Silvia dos Reis Alcantara Duarte,Sex 11:00-13:00,Sex,51,13
2024/1,TEP00110,ENGENHARIA ECONÔMICA,E1,/graduacao/quadrodehorarios/turmas/100000396355,Silvia dos Reis Alcantara Duarte,Sex 14:00-16:00,Sex,50,11
2024/1,GET00177,ESTATÍSTICA BÁSICA,B1,/graduacao/quadrodehorarios/turmas/100000398025,Maria Cristina Bessa Moreira,Seg 11:00-13:00; Qua 11:00-13:00,Seg-Qua,60,20
2024/1,GET00177,ESTATÍSTICA BÁSICA,C1,/graduacao/quadrodehorarios/turmas/100000398021,Nubia Karla de Oliveira Almeida,Seg 14:00-16:00; Qua 14:00-16:00,Seg-Qua,60,33
2024/1,GET00177,ESTATÍSTICA BÁSICA,E1,/graduacao/quadrodehorarios/turmas/100000398050,Luz Amanda Melgar Santander,Ter 09:00-11:00; Qui 09:00-11:00,Ter-Qui,60,9
2024/1,GET00177,ESTATÍSTICA BÁSICA,H2,/graduacao/quadrodehorarios/turmas/100000398043,Jose Murilo Ferraz Saraiva,Ter 16:00-18:00; Qui 16:00-18:00,Ter-Qui,59,51
2024/1,GET00177,ESTATÍSTICA BÁSICA,I1,/graduacao/quadrodehorarios/turmas/100000398051,Marcio Watanabe Alves de Souza,Ter 18:00-20:00; Qui 18:00-20:00,Ter-Qui,45,12
2024/1,TCC00348,ESTRUTURAS DE DADOS E SEUS ALGORITIMOS,A1,/graduacao/quadrodehorarios/turmas/100000398157,Isabel Cristina Mello Rosseti,Ter 11:00-13:00; Qui 11:00-13:00,Ter-Qui,49,28
2024/1,TCC00348,ESTRUTURAS DE DADOS E SEUS ALGORITIMOS,B1,/graduacao/quadrodehorarios/turmas/100000398166,Christiano de Oliveira Braga,Ter 11:00-13:00; Qui 11:00-13:00,Ter-Qui,50,44
2024/1,TCC00296,FUNDAMENTOS DE ARQUITETURAS DE COMPUTADORES,A1,/graduacao/quadrodehorarios/turmas/100000398110,Eugene Francis Vinod Rebello,Ter 11:00-13:00; Qui 11:00-13:00,Ter-Qui,17,50
2024/1,TCC00296,FUNDAMENTOS DE ARQUITETURAS DE COMPUTADORES,B1,/graduacao/quadrodehorarios/turmas/100000398111,Maria Cristina Silva Boeres,Ter 11:00-13:00; Qui 11:00-13:00,Ter-Qui,16,53
2024/1,GGM00137,FUNDAMENTOS DE CÁLCULO E GEOMETRIA,D1,/graduacao/quadrodehorarios/turmas/100000395034,Andrey Soldatenkov,Ter 09:00-11:00; Qui 09:00-11:00,Ter-Qui,14,47
2024/1,GGM00137,FUNDAMENTOS DE CÁLCULO E GEOMETRIA,E1,/graduacao/quadrodehorarios/turmas/100000395035,Jose Roberto Linhares de Mattos,Ter 09:00-11:00; Qui 09:00-11:00,Ter-Qui,29,55
2024/1,GGM00137,FUNDAMENTOS DE CÁLCULO E GEOMETRIA,Q1,/graduacao/quadrodehorarios/turmas/100000395070,Jose Roberto Linhares de Mattos,Ter 11:00-13:00; Qui 11:00-13:00,Ter-Qui,64,44
2024/1,GGM00137,FUNDAMENTOS DE CÁLCULO E GEOMETRIA,R1,/graduacao/quadrodehorarios/turmas/100000395246,Matias Luis Del Hoyo,Seg 09:00-11:00; Qua 09:00-11:00,Seg-Qua,65,31
2024/1,GGM00137,FUNDAMENTOS DE CÁLCULO E GEOMETRIA,S1,/graduacao/quadrodehorarios/turmas/100000395247,Joao Paulo Lindquist Figueredo,Ter 14:00-16:00; Qui 14:00-16:00,Ter-Qui,55,24
2024/1,TCC00281,FUNDAMENTOS DE SISTEMAS MULTIMÍDIA,A1,/graduacao/quadrodehorarios/turmas/100000398556,Debora Christina Muchaluat Saade,Ter 16:00-18:00; Qui 16:00-18:00,Ter-Qui,30,5
2024/1,GFI00161,FÍSICA EXPERIMENTAL I,BC,/graduacao/quadrodehorarios/turmas/100000393208,Carlos Enrique Navia Ojeda,Ter 11:00-13:00,Ter,24,18
2024/1,GFI00161,FÍSICA EXPERIMENTAL I,BH,/graduacao/quadrodehorarios/turmas/100000393209,Evandro Vidor Lins de Mello,Sex 11:00-13:00,Sex,24,22
2024/1,GFI00161,FÍSICA EXPERIMENTAL I,CB,/graduacao/quadrodehorarios/turmas/100000393218,Carlos Enrique Navia Ojeda,Ter 14:00-16:00,Ter,22,22
2024/1,GFI00161,FÍSICA EXPERIMENTAL I,CE,/graduacao/quadrodehorarios/turmas/100000393262,Glauco Santos Maciel,Qui 14:00-16:00,Qui,23,10
2024/1,GFI00161,FÍSICA EXPERIMENTAL I,DA,/graduacao/quadrodehorarios/turmas/100000393219,Djalma Rosa Mendes Junior,Seg 16:00-18:00,Seg,22,15
2024/1,GFI00161,FÍSICA EXPERIMENTAL I,DC,/graduacao/quadrodehorarios/turmas/100000393222,Carlos Enrique Navia Ojeda,Qua 16:00-18:00,Qua,19,10
2024/1,GFI00161,FÍSICA EXPERIMENTAL I,DD,/graduacao/quadrodehorarios/turmas/100000393272,Stephane Serge Yves Jerome Soriano,Ter 16:00-18:00,Ter,22,15
2024/1,GFI00161,FÍSICA EXPERIMENTAL I,DF,/graduacao/quadrodehorarios/turmas/100000393225,Glauco Santos Maciel,Qui 16:00-18:00,Qui,21,12
2024/1,GFI00161,FÍSICA EXPERIMENTAL I,DG,/graduacao/quadrodehorarios/turmas/100000393245,Evandro Vidor Lins de Mello,Sex 16:00-18:00,Sex,25,18
2024/1,GFI00161,FÍSICA EXPERIMENTAL I,EE,/graduacao/quadrodehorarios/turmas/100000393226,Glauco Santos Maciel,Seg 18:00-20:00,Seg,15,8
2024/1,GFI00162,FÍSICA EXPERIMENTAL II,CD,/graduacao/quadrodehorarios/turmas/100000393242,Daniele Cristina Silva de Freitas,Seg 14:00-16:00,Seg,22,9
2024/1,GFI00158,FÍSICA I,B2,/graduacao/quadrodehorarios/turmas/100000393154,Rodrigo Ferreira Sobreiro,Seg 11:00-13:00; Qua 11:00-13:00; Sab 08:00-10:00,Seg-Qua-Sab,83,48
2024/1,GFI00158,FÍSICA I,B3,/graduacao/quadrodehorarios/turmas/100000393157,Lindolff Thadeu Carneiro,Qua 11:00-13:00; Sex 11:00-13:00; Sab 08:00-10:00,Qua-Sex-Sab,100,64
2024/1,GFI00158,FÍSICA I,C1,/graduacao/quadrodehorarios/turmas/100000393155,Maria Emilia Xavier Guimaraes Lopes,Seg 14:00-16:00; Qua 14:00-16:00; Sab 08:00-10:00,Seg-Qua-Sab,100,78
2024/1,GFI00158,FÍSICA I,C2,/graduacao/quadrodehorarios/turmas/100000393187,Rodrigo Ferreira Sobreiro,Seg 14:00-16:00; Qua 14:00-16:00; Sab 08:00-10:00,Seg-Qua-Sab,59,50
2024/1,GFI00158,FÍSICA I,D1,/graduacao/quadrodehorarios/turmas/100000393169,Marcel Nogueira de Oliveira,Seg 16:00-18:00; Qua 16:00-18:00; Sab 08:00-10:00,Seg-Qua-Sab,100,73
2024/1,GFI00158,FÍSICA I,F1,/graduacao/quadrodehorarios/turmas/100000393156,Marcel Nogueira de Oliveira,Seg 20:00-22:00; Qua 20:00-22:00; Sab 08:00-10:00,Seg-Qua-Sab,94,34
2024/1,GFI00158,FÍSICA I,G1,/graduacao/quadrodehorarios/turmas/100000393182,Marcio Jorge Teles da Costa,Qua 09:00-11:00; Sex 09:00-11:00; Sab 08:00-10:00,Qua-Sex-Sab,71,36
2024/1,GFI00159,FÍSICA II,D1,/graduacao/quadrodehorarios/turmas/100000393153,Newton Luiz Pires Mansur,Seg 16:00-18:00; Qua 16:00-18:00; Sab 11:00-13:00,Seg-Qua-Sab,97,54
2024/1,GFI00159,FÍSICA II,E1,/graduacao/quadrodehorarios/turmas/100000393174,Evandro Vidor Lins de Mello,Seg 18:00-20:00; Qua 18:00-20:00; Sab 11:00-13:00,Seg-Qua-Sab,93,27
2024/1,TEP00111,GERENCIAMENTO DE PROJETOS I,A1,/graduacao/quadrodehorarios/turmas/100000396369,Jose Rodrigues de Farias Filho,Ter 07:00-11:00,Ter,50,23
2024/1,TEP00111,GERENCIAMENTO DE PROJETOS I,B1,/graduacao/quadrodehorarios/turmas/100000396356,Ruben Huamanchumo Gutierrez,Qua 09:00-13:00,Qua,50,17
2024/1,TCC00324,GOVERNANÇA EM TECNOLOGIA DA INFORMAÇÃO,A1,/graduacao/quadrodehorarios/turmas/100000398113,Luciana Cardoso de Castro Salgado,Qui 18:00-22:00,Qui,52,37
2024/1,TCC00297,INTELIGÊNCIA ARTIFICIAL,A1,/graduacao/quadrodehorarios/turmas/100000398114,Taiane Coelho Ramos,Ter 11:00-13:00; Qui 11:00-13:00,Ter-Qui,55,51
2024/1,STA00191,INTELIGÊNCIA DE NEGÓCIOS,P1,/graduacao/quadrodehorarios/turmas/100000390937,Elaine Ribeiro Sigette,Ter 18:00-22:00,Ter,68,36
2024/1,TCC00298,INTERFACE HOMEM-MÁQUINA,A1,/graduacao/quadrodehorarios/turmas/100000398115,Daniela Gorski Trevisan,Qua 09:00-11:00; Sex 09:00-11:00,Qua-Sex,50,45
2024/1,TCC00300,LABORATÓRIO DE PROGRAMAÇÃO DE DISPOSITIVOS MÓVEIS,AA,/graduacao/quadrodehorarios/turmas/100000398190,Leandro Santiago de Araujo,Qui 14:00-16:00,Qui,37,37
2024/1,TCC00300,LABORATÓRIO DE PROGRAMAÇÃO DE DISPOSITIVOS MÓVEIS,BA,/graduacao/quadrodehorarios/turmas/100000398198,Leandro Santiago de Araujo,Qui 16:00-18:00,Qui,39,23
2024/1,TCC00301,LABORATÓRIO DE PROGRAMAÇÃO DE JOGOS,AA,/graduacao/quadrodehorarios/turmas/100000398191,Esteban Walter Gonzalez Clua,Sex 11:00-13:00,Sex,39,28
2024/1,TCC00301,LABORATÓRIO DE PROGRAMAÇÃO DE JOGOS,BA,/graduacao/quadrodehorarios/turmas/100000398192,Esteban Walter Gonzalez Clua,Sex 09:00-11:00,Sex,37,31
2024/1,TCC00344,LABORATÓRIO DE PROGRAMAÇÃO PARALELA I,AA,/graduacao/quadrodehorarios/turmas/100000398195,Lucia Maria de Assumpcao Drummond,Seg 07:00-09:00; Qua 07:00-09:00,Seg-Qua,38,34
2024/1,TCC00346,LABORATÓRIO DE RESOLUÇÃO DE PROBLEMAS,AA,/graduacao/quadrodehorarios/turmas/100000398193,Leandro Augusto Frata Fernandes,Qua 09:00-11:00,Qua,5,29
2024/1,TCC00346,LABORATÓRIO DE RESOLUÇÃO DE PROBLEMAS,BA,/graduacao/quadrodehorarios/turmas/100000398196,Mario Roberto Folhadela Benevides,Qua 09:00-11:00,Qua,10,31
2024/1,TCC00346,LABORATÓRIO DE RESOLUÇÃO DE PROBLEMAS,CA,/graduacao/quadrodehorarios/turmas/100000398194,Leandro Augusto Frata Fernandes,Seg 09:00-11:00,Seg,10,30
2024/1,TCC00346,LABORATÓRIO DE RESOLUÇÃO DE PROBLEMAS,DA,/graduacao/quadrodehorarios/turmas/100000398197,Mario Roberto Folhadela Benevides,Seg 09:00-11:00,Seg,27,6
2024/1,GLC00292,LIBRAS I,A1,/graduacao/quadrodehorarios/turmas/100000392987,Bruno Ramos,Seg 09:00-11:00,Seg,43,26
2024/1,GLC00292,LIBRAS I,D1,/graduacao/quadrodehorarios/turmas/100000393001,Tathianna Prado Dawes,Qui 09:00-11:00,Qui,45,34
2024/1,GLC00292,LIBRAS I,E3,/graduacao/quadrodehorarios/turmas/100000393009,Bruno Ramos,Sex 18:00-20:00,Sex,39,23
2024/1,TCC00304,LINGUAGENS DE PROGRAMAÇÃO,A1,/graduacao/quadrodehorarios/turmas/100000398118,Bruno Lopes Vieira,Qua 11:00-13:00; Sex 09:00-11:00,Qua-Sex,61,48
2024/1,TCC00205,LINGUAGENS DE PROGRAMAÇÃO EM LÓGICA,A1,/graduacao/quadrodehorarios/turmas/100000398563,Mario Roberto Folhadela Benevides,Seg 07:00-09:00; Qua 07:00-09:00,Seg-Qua,25,7
2024/1,TCC00305,LINGUAGENS FORMAIS E TEORIA DA COMPUTAÇÃO,A1,/graduacao/quadrodehorarios/turmas/100000398119,Luis Felipe Ignacio Cunha,Seg 09:00-11:00; Sex 07:00-09:00,Seg-Sex,60,51
2024/1,GAN00166,LÓGICA PARA A CIÊNCIA DA COMPUTAÇÃO,A1,/graduacao/quadrodehorarios/turmas/100000396808,Jorge Petrucio Viana,Seg 14:00-16:00; Qua 14:00-16:00,Seg-Qua,55,50
2024/1,GAN00166,LÓGICA PARA A CIÊNCIA DA COMPUTAÇÃO,B1,/graduacao/quadrodehorarios/turmas/100000396809,Renata Pereira de Freitas,Ter 14:00-16:00; Qui 14:00-16:00,Ter-Qui,55,45
2024/1,GAN00167,MATEMÁTICA DISCRETA,A1,/graduacao/quadrodehorarios/turmas/100000396807,Jorge Petrucio Viana,Seg 11:00-13:00; Qua 11:00-13:00,Seg-Qua,50,29
2024/1,GAN00167,MATEMÁTICA DISCRETA,B1,/graduacao/quadrodehorarios/turmas/100000396806,Helton de Oliveira da Silva Leal,Seg 14:00-16:00; Qua 14:00-16:00,Seg-Qua,12,49
2024/1,GAN00167,MATEMÁTICA DISCRETA,C1,/graduacao/quadrodehorarios/turmas/100000396805,Jones Colombo,Seg 14:00-16:00; Qua 14:00-16:00,Seg-Qua,20,45
2024/1,TCC00330,MODELAGEM DE PROCESSOS DE NEGÓCIOS,A1,/graduacao/quadrodehorarios/turmas/100000398121,Flavio Luiz Seixas,Seg 20:00-22:00; Qua 20:00-22:00,Seg-Qua,49,42
2024/1,STA00267,MODELOS DE GESTÃO CONTEMPORÂNEA,P1,/graduacao/quadrodehorarios/turmas/100000390970,Carla Guimaraes Ferreira,Qui 18:00-22:00,Qui,80,72
2024/1,TCC00306,MÉTODOS NUMÉRICOS,A1,/graduacao/quadrodehorarios/turmas/100000398120,Pedro Cortez Fetter Lopes,Ter 07:00-09:00; Qui 07:00-09:00,Ter-Qui,60,55
2024/1,TCC00196,OTIMIZAÇÃO COMBINATÓRIA,A1,/graduacao/quadrodehorarios/turmas/100000398561,Yuri Abitbol de Menezes Frota,Ter 16:00-20:00,Ter,15,2
2024/1,TCC00318,PESQUISA OPERACIONAL,A1,/graduacao/quadrodehorarios/turmas/100000398122,Luiz Satoru Ochi,Seg 09:00-11:00; Qua 11:00-13:00,Seg-Qua,40,25
2024/1,TCC00307,PROGRAMAÇÃO CIENTÍFICA,A1,/graduacao/quadrodehorarios/turmas/100000398124,Ricardo Leiderman,Ter 11:00-13:00; Qui 11:00-13:00,Ter-Qui,69,62
2024/1,TCC00308,PROGRAMAÇÃO DE COMPUTADORES I,A1,/graduacao/quadrodehorarios/turmas/100000398125,Luis Antonio Brasil Kowada,Seg 11:00-13:00; Qua 11:00-13:00,Seg-Qua,4,37
2024/1,TCC00308,PROGRAMAÇÃO DE COMPUTADORES I,B1,/graduacao/quadrodehorarios/turmas/100000398173,Yuri Abitbol de Menezes Frota,Seg 11:00-13:00; Qua 11:00-13:00,Seg-Qua,2,34
2024/1,TCC00308,PROGRAMAÇÃO DE COMPUTADORES I,D1,/graduacao/quadrodehorarios/turmas/100000399536,Dante Corbucci Filho,Seg 11:00-13:00; Qua 11:00-13:00,Seg-Qua,41,14
2024/1,TCC00347,PROGRAMAÇÃO ESTRUTURADA,A1,/graduacao/quadrodehorarios/turmas/100000398126,Patrick Barbosa Moratori,Seg 16:00-18:00; Qua 16:00-18:00,Seg-Qua,52,40
2024/1,TCC00347,PROGRAMAÇÃO ESTRUTURADA,B1,/graduacao/quadrodehorarios/turmas/100000398127,Isabel Cristina Mello Rosseti,Ter 09:00-11:00; Qui 09:00-11:00,Ter-Qui,61,16
2024/1,TCC00347,PROGRAMAÇÃO ESTRUTURADA,C1,/graduacao/quadrodehorarios/turmas/100000398155,Aline Marins Paes Carvalho,Ter 11:00-13:00; Qui 11:00-13:00,Ter-Qui,50,33
2024/1,TCC00328,PROGRAMAÇÃO ORIENTADA A OBJETOS,A1,/graduacao/quadrodehorarios/turmas/100000398128,Anselmo Antunes Montenegro,Seg 11:00-13:00; Qua 11:00-13:00,Seg-Qua,48,20
2024/1,TCC00328,PROGRAMAÇÃO ORIENTADA A OBJETOS,B1,/graduacao/quadrodehorarios/turmas/100000398160,Igor Machado Coelho,Seg 16:00-18:00; Qua 16:00-18:00,Seg-Qua,47,37
2024/1,TCC00328,PROGRAMAÇÃO ORIENTADA A OBJETOS,C1,/graduacao/quadrodehorarios/turmas/100000398129,Carlos Alberto Soares Ribeiro,Seg 11:00-13:00; Qua 11:00-13:00,Seg-Qua,53,36
2024/1,TCC00312,PROJETO DE SOFTWARE,A1,/graduacao/quadrodehorarios/turmas/100000398131,Vania de Oliveira Neves,Seg 11:00-13:00; Sex 11:00-13:00,Seg-Sex,42,30
2024/1,TCC00312,PROJETO DE SOFTWARE,B1,/graduacao/quadrodehorarios/turmas/100000399466,Troy Costa Kohwalter,Seg 11:00-13:00; Sex 11:00-13:00,Seg-Sex,40,38
2024/1,TEC00209,PROPRIEDADE INDUSTRIAL,A1,/graduacao/quadrodehorarios/turmas/100000391674,Luis Gustavo Zelaya Cruz,Sex 14:00-18:00,Sex,73,57
2024/1,TEC00209,PROPRIEDADE INDUSTRIAL,B1,/graduacao/quadrodehorarios/turmas/100000391701,Luis Gustavo Zelaya Cruz,Sex 08:00-12:00,Sex,70,42
2024/1,SDV00143,PROPRIEDADE INTELECTUAL,P1,/graduacao/quadrodehorarios/turmas/100000398861,Marcella da Costa Moreira de Paiva,Ter 18:00-20:00; Ter 20:00-22:00,Ter,73,64
2024/1,TCC00313,REDES DE COMPUTADORES I,A1,/graduacao/quadrodehorarios/turmas/100000398134,Celio Vinicius Neves de Albuquerque,Ter 11:00-13:00; Qui 11:00-13:00,Ter-Qui,42,39
2024/1,TCC00314,REDES DE COMPUTADORES II,A1,/graduacao/quadrodehorarios/turmas/100000398135,Debora Christina Muchaluat Saade,Ter 09:00-11:00; Qui 09:00-11:00,Ter-Qui,43,16
2024/1,TCC00341,SEGURANÇA DA INFORMAÇÃO,A1,/graduacao/quadrodehorarios/turmas/100000398136,Igor Machado Coelho,Seg 18:00-20:00; Qua 18:00-20:00,Seg-Qua,64,62
2024/1,TCC00315,SISTEMAS DISTRIBUÍDOS,A1,/graduacao/quadrodehorarios/turmas/100000398156,Flavia Coimbra Delicato,Ter 09:00-11:00; Qui 09:00-11:00,Ter-Qui,40,37
2024/1,TCC00316,SISTEMAS OPERACIONAIS,A1,/graduacao/quadrodehorarios/turmas/100000398137,Maria Cristina Silva Boeres,Ter 09:00-11:00; Qui 09:00-11:00,Ter-Qui,60,43
2024/1,GSO00101,SOCIOLOGIA DAS RELACOES RACIAIS,G1,/graduacao/quadrodehorarios/turmas/100000396540,Flavia Mateus Rios,Sex 18:00-22:00,Sex,64,45
2024/1,TCC00271,TÓPICOS EM  LINGUAGEM DE PROGRAMAÇÃO I,A1,/graduacao/quadrodehorarios/turmas/100000398569,Patrick Barbosa Moratori,Seg 14:00-16:00; Ter 14:00-16:00,Seg-Ter,40,38
2024/1,TCC00244,TÓPICOS EM BANCO DE DADOS I,A1,/graduacao/quadrodehorarios/turmas/100000398559,Vanessa Braganholo Murta,Ter 16:00-18:00; Qui 16:00-18:00,Ter-Qui,30,2
2024/1,TCC00245,TÓPICOS EM BANCO DE DADOS II,A1,/graduacao/quadrodehorarios/turmas/100000398919,Daniel Cardoso Moraes de Oliveira,Seg 18:00-20:00; Qua 18:00-20:00,Seg-Qua,30,13
2024/1,TCC00242,TÓPICOS EM COMPUTAÇÃO II,A1,/graduacao/quadrodehorarios/turmas/100000398429,Esteban Walter Gonzalez Clua,Qui 09:00-13:00,Qui,20,14
2024/1,TCC00262,TÓPICOS EM INFORMÁTICA NA EDUCAÇÃO I,A1,/graduacao/quadrodehorarios/turmas/100000398566,Isabel Leite Cafezeiro,Qua 09:00-13:00,Qua,20,20
2024/1,TCC00259,TÓPICOS EM INTELIGÊNCIA ARTIFICIAL I,A1,/graduacao/quadrodehorarios/turmas/100000398565,Mariza Ferro,Ter 18:00-20:00; Qui 18:00-20:00,Ter-Qui,28,12
2024/1,TCC00261,TÓPICOS EM INTELIGÊNCIA ARTIFICIAL III,A1,/graduacao/quadrodehorarios/turmas/100000398557,Luiz Satoru Ochi,Seg 14:00-16:00; Qua 09:00-11:00,Seg-Qua,10,1
2024/1,TCC00274,TÓPICOS EM REDES DE COMPUTADORES I,A1,/graduacao/quadrodehorarios/turmas/100000398564,Celio Vinicius Neves de Albuquerque,Ter 09:00-11:00; Qui 09:00-11:00,Ter-Qui,10,6
2024/1,TCC00275,TÓPICOS EM REDES DE COMPUTADORES II,A1,/graduacao/quadrodehorarios/turmas/100000398554,Flavia Coimbra Delicato,Ter 11:00-13:00; Qui 11:00-13:00,Ter-Qui,14,4
2024/1,TCC00276,TÓPICOS EM REDES DE COMPUTADORES III,A1,/graduacao/quadrodehorarios/turmas/100000398568,Antonio Augusto de Aragao Rocha,Ter 18:00-22:00,Ter,50,4
2024/1,TCC00253,TÓPICOS ESPECIAIS EM SISTEMAS DE PROGRAMAÇÃO I,A1,/graduacao/quadrodehorarios/turmas/100000398570,Flavia Cristina Bernardini,Sex 18:00-22:00,Sex,38,24
2024/1,TCC00254,TÓPICOS ESPECIAIS EM SISTEMAS DE PROGRAMAÇÃO II,A1,/graduacao/quadrodehorarios/turmas/100000398558,Luis Antonio Brasil Kowada,Sex 09:00-13:00,Sex,28,20
2024/1,TCC00255,TÓPICOS ESPECIAIS EM SISTEMAS DE PROGRAMAÇÃO III,A1,/graduacao/quadrodehorarios/turmas/100000398562,Marcelo Fornazin,Seg 18:00-22:00,Seg,30,16
2024/1,TCC00202,"VISUALIZAÇÃO, SIMULAÇÃO E JOGOS DIGITAIS",A1,/graduacao/quadrodehorarios/turmas/100000400036,Esteban Walter Gonzalez Clua,Qui 09:00-13:00,Qui,1,1
2024/1,GAN00140,ÁLGEBRA LINEAR,A1,/graduacao/quadrodehorarios/turmas/100000398537,Claudia Ossanai,Seg 09:00-11:00; Qua 09:00-11:00,Seg-Qua,50,39
2024/1,GAN00140,ÁLGEBRA LINEAR,B1,/graduacao/quadrodehorarios/turmas/100000398538,Jose Koiller,Seg 09:00-11:00; Qua 09:00-11:00,Seg-Qua,48,39
2024/1,GAN00140,ÁLGEBRA LINEAR,C1,/graduacao/quadrodehorarios/turmas/100000398540,Bely Rodriguez Morales,Seg 09:00-11:00; Qua 09:00-11:00,Seg-Qua,50,33
2024/1,GAN00140,ÁLGEBRA LINEAR,D1,/graduacao/quadrodehorarios/turmas/100000398541,Sergio Jose Xavier de Mendonca,Seg 09:00-11:00; Qua 09:00-11:00,Seg-Qua,50,37
2024/1,GAN00140,ÁLGEBRA LINEAR,I1,/graduacao/quadrodehorarios/turmas/100000398548,Luiz Fernando de Souza Passos,Seg 18:00-20:00; Qua 18:00-20:00,Seg-Qua,60,29
2024/1,GAN00140,ÁLGEBRA LINEAR,K1,/graduacao/quadrodehorarios/turmas/100000398550,Slobodan Tanushevski,Ter 16:00-18:00; Qui 16:00-18:00,Ter-Qui,50,36
2024/1,GAN00140,ÁLGEBRA LINEAR,L1,/graduacao/quadrodehorarios/turmas/100000398551,Renata Pereira de Freitas,Ter 16:00-18:00; Qui 16:00-18:00,Ter-Qui,50,41
2024/1,GAN00140,ÁLGEBRA LINEAR,M1,/graduacao/quadrodehorarios/turmas/100000398542,Miriam Del Milagro Abdon,Seg 09:00-11:00; Qua 09:00-11:00,Seg-Qua,52,38
2024/2,TEP00108,ADMINISTRAÇÃO APLICADA À ENGENHARIA,A1,/graduacao/quadrodehorarios/turmas/100000405690,Marcos Costa Roboredo,Seg 09:00-13:00,Seg,41,10
2024/2,TEP00108,ADMINISTRAÇÃO APLICADA À ENGENHARIA,B1,/graduacao/quadrodehorarios/turmas/100000405656,Valdecy Pereira,Seg 14:00-18:00,Seg,41,24
2024/2,TEP00108,ADMINISTRAÇÃO APLICADA À ENGENHARIA,C1,/graduacao/quadrodehorarios/turmas/100000405669,Valdecy Pereira,Seg 18:00-22:00,Seg,46,42
2024/2,TEP00108,ADMINISTRAÇÃO APLICADA À ENGENHARIA,T1,/graduacao/quadrodehorarios/turmas/100000405670,Luiz Carlos Brasil de Brito Mello,Ter 09:00-13:00,Ter,45,19
2024/2,TCC00284,ALGORITMOS EM GRAFOS,A1,/graduacao/quadrodehorarios/turmas/100000405879,Fabio Protti,Ter 11:00-13:00; Qui 11:00-13:00,Ter-Qui,46,46
2024/2,TCC00285,ANÁLISE E PROJETO DE ALGORITMOS,A1,/graduacao/quadrodehorarios/turmas/100000411691,Luis Felipe Ignacio Cunha,Ter 09:00-11:00; Qui 09:00-11:00,Ter-Qui,64,60
2024/2,TCC00285,ANÁLISE E PROJETO DE ALGORITMOS,X1,/graduacao/quadrodehorarios/turmas/100000411692,Raquel de Souza Francisco Bravo,Ter 14:00-16:00; Qui 14:00-16:00,Ter-Qui,65,61
2024/2,TCC00286,ARQUITETURAS DE COMPUTADORES,A1,/graduacao/quadrodehorarios/turmas/100000411693,Eugene Francis Vinod Rebello,Seg 09:00-11:00; Qua 09:00-11:00,Seg-Qua,46,38
2024/2,TCC00286,ARQUITETURAS DE COMPUTADORES,B1,/graduacao/quadrodehorarios/turmas/100000411694,Simone de Lima Martins,Seg 09:00-11:00; Qua 09:00-11:00,Seg-Qua,46,44
2024/2,TCC00349,AVALIAÇÃO DE DESEMPENHO,A1,/graduacao/quadrodehorarios/turmas/100000411796,Antonio Augusto de Aragao Rocha,Ter 07:00-09:00; Qui 07:00-09:00,Ter-Qui,47,43
2024/2,TCC00287,BANCO DE DADOS I,A1,/graduacao/quadrodehorarios/turmas/100000411802,Vanessa Braganholo Murta,Ter 07:00-09:00; Qui 07:00-09:00,Ter-Qui,62,59
2024/2,TCC00288,BANCO DE DADOS II,A1,/graduacao/quadrodehorarios/turmas/100000411803,Rodrigo Salvador Monteiro,Sex 09:00-13:00,Sex,71,70
2024/2,TCC00288,BANCO DE DADOS II,X1,/graduacao/quadrodehorarios/turmas/100000411804,Daniel Cardoso Moraes de Oliveira,Seg 16:00-18:00; Qua 16:00-18:00,Seg-Qua,66,61
2024/2,TCC00194,BIOLOGIA COMPUTACIONAL,A1,/graduacao/quadrodehorarios/turmas/100000408793,Helena Cristina da Gama Leitao,Ter 16:00-18:00; Qui 16:00-18:00,Ter-Qui,40,22
2024/2,TET00347,CIRCUITOS DIGITAIS PARA CIÊNCIA DA COMPUTAÇÃO,A1,/graduacao/quadrodehorarios/turmas/100000402536,Alexandre Santos de La Vega,Seg 14:00-16:00; Qua 14:00-16:00,Seg-Qua,42,43
2024/2,TET00347,CIRCUITOS DIGITAIS PARA CIÊNCIA DA COMPUTAÇÃO,B1,/graduacao/quadrodehorarios/turmas/100000402537,Joao Marcos Meirelles da Silva,Ter 14:00-16:00; Qui 14:00-16:00,Ter-Qui,42,42
2024/2,TCC00289,COMPILADORES,A1,/graduacao/quadrodehorarios/turmas/100000411808,Luis Antonio Brasil Kowada,Seg 11:00-13:00; Qua 11:00-13:00,Seg-Qua,45,39
2024/2,GSI00433,COMPORTAMENTO ORGANIZACIONAL,A1,/graduacao/quadrodehorarios/turmas/100000407659,Hugo Leonardo Povoa Sandall,Ter 18:00-22:00,Ter,40,35
2024/2,GSI00433,COMPORTAMENTO ORGANIZACIONAL,A1,/graduacao/quadrodehorarios/turmas/100000407659,Anne Caroline Silva de Sousa,Ter 18:00-22:00,Ter,40,35
2024/2,TCC00317,COMPUTABILIDADE,A1,/graduacao/quadrodehorarios/turmas/100000408780,Mario Roberto Folhadela Benevides,Ter 07:00-09:00; Qui 07:00-09:00,Ter-Qui,7,6
2024/2,TCC00290,COMPUTAÇÃO E SOCIEDADE,A1,/graduacao/quadrodehorarios/turmas/100000411810,Jose Raphael Bokehi,Qui 11:00-13:00,Qui,46,42
2024/2,TCC00291,COMPUTAÇÃO GRÁFICA,A1,/graduacao/quadrodehorarios/turmas/100000411815,Marcos de Oliveira Lage Ferreira,Seg 11:00-13:00; Qua 11:00-13:00,Seg-Qua,46,44
2024/2,GMA00154,CÁLCULO 1,C2,/graduacao/quadrodehorarios/turmas/100000406207,Paula Balseiro,Seg 11:00-13:00; Qua 11:00-13:00,Seg-Qua,54,54
2024/2,GMA00154,CÁLCULO 1,C3,/graduacao/quadrodehorarios/turmas/100000406210,Omar Javier Solano Albornoz,Seg 11:00-13:00; Qua 11:00-13:00,Seg-Qua,48,43
2024/2,GMA00154,CÁLCULO 1,D9,/graduacao/quadrodehorarios/turmas/100000406317,Rodrigo Salomao,Seg 14:00-16:00; Qua 14:00-16:00,Seg-Qua,48,34
2024/2,GMA00154,CÁLCULO 1,E1,/graduacao/quadrodehorarios/turmas/100000406320,Luna Lima e Silva,Seg 16:00-18:00; Qua 16:00-18:00,Seg-Qua,54,51
2024/2,GMA00154,CÁLCULO 1,F1,/graduacao/quadrodehorarios/turmas/100000406385,Mario Olivero Marques da Silva,Seg 18:00-20:00; Qua 18:00-20:00,Seg-Qua,56,52
2024/2,GMA00154,CÁLCULO 1,G1,/graduacao/quadrodehorarios/turmas/100000406388,Mario Olivero Marques da Silva,Seg 20:00-22:00; Qua 20:00-22:00,Seg-Qua,46,32
2024/2,GMA00154,CÁLCULO 1,M1,/graduacao/quadrodehorarios/turmas/100000406395,Cristiane Ramos Ribeiro Argento,Ter 07:00-09:00; Qui 07:00-09:00,Ter-Qui,54,53
2024/2,GMA00154,CÁLCULO 1,N3,/graduacao/quadrodehorarios/turmas/100000406419,Alex Mauricio Zamudio Espinosa,Ter 09:00-11:00; Qui 09:00-11:00,Ter-Qui,55,55
2024/2,GMA00154,CÁLCULO 1,O3,/graduacao/quadrodehorarios/turmas/100000406427,Olivier Pierre Thom,Ter 11:00-13:00; Qui 11:00-13:00,Ter-Qui,47,42
2024/2,GMA00154,CÁLCULO 1,Q2,/graduacao/quadrodehorarios/turmas/100000406438,Wodson Mendson Ferreira Oliveira,Ter 16:00-18:00; Qui 16:00-18:00,Ter-Qui,49,37
2024/2,GMA00155,CÁLCULO 2,M9,/graduacao/quadrodehorarios/turmas/100000406727,Dennis Leonardo Becerra Hernandez,Ter 07:00-09:00; Qui 07:00-09:00,Ter-Qui,57,52
2024/2,GMA00155,CÁLCULO 2,N2,/graduacao/quadrodehorarios/turmas/100000406732,Denise de Oliveira Pinto,Ter 09:00-11:00; Qui 09:00-11:00,Ter-Qui,39,21
2024/2,GMA00155,CÁLCULO 2,O2,/graduacao/quadrodehorarios/turmas/100000406741,Denise de Oliveira Pinto,Ter 11:00-13:00; Qui 11:00-13:00,Ter-Qui,22,21
2024/2,GMA00155,CÁLCULO 2,P1,/graduacao/quadrodehorarios/turmas/100000406746,Begona Alarcon Cotillas,Ter 14:00-16:00; Qui 14:00-16:00,Ter-Qui,22,18
2024/2,GMA00155,CÁLCULO 2,P3,/graduacao/quadrodehorarios/turmas/100000406751,Pablo Andres Guarino Quinones,Ter 14:00-16:00; Qui 14:00-16:00,Ter-Qui,42,38
2024/2,GMA00155,CÁLCULO 2,Q1,/graduacao/quadrodehorarios/turmas/100000406760,Sergio Mariano Licanic,Ter 16:00-18:00; Qui 16:00-18:00,Ter-Qui,52,50
2024/2,GMA00155,CÁLCULO 2,R1,/graduacao/quadrodehorarios/turmas/100000406766,Sergio Mariano Licanic,Ter 18:00-20:00; Qui 18:00-20:00,Ter-Qui,60,53
2024/2,STA00168,DESENVOLVIMENTO DE PESSOAS,P1,/graduacao/quadrodehorarios/turmas/100000406557,Americo da Costa Ramos Filho,Ter 18:00-22:00,Ter,83,58
2024/2,TCC00226,DESENVOLVIMENTO WEB,A1,/graduacao/quadrodehorarios/turmas/100000411818,Carlos Alberto Soares Ribeiro,Seg 09:00-11:00; Qua 09:00-11:00,Seg-Qua,57,50
2024/2,TEP00109,ECONOMIA APLICADA À ENGENHARIA,T1,/graduacao/quadrodehorarios/turmas/100000405654,Marco Aurelio Cabral Pinto,Qua 18:00-22:00,Qua,45,19
2024/2,TCC00292,ENGENHARIA DE SOFTWARE I,A1,/graduacao/quadrodehorarios/turmas/100000411821,Leonardo Gresta Paulino Murta,Seg 09:00-11:00; Qua 09:00-11:00,Seg-Qua,58,50
2024/2,TCC00293,ENGENHARIA DE SOFTWARE II,A1,/graduacao/quadrodehorarios/turmas/100000411822,Leonardo Gresta Paulino Murta,Seg 07:00-09:00; Qua 07:00-09:00,Seg-Qua,51,36
2024/2,TEP00110,ENGENHARIA ECONÔMICA,B1,/graduacao/quadrodehorarios/turmas/100000405678,Silvia dos Reis Alcantara Duarte,Sex 07:00-09:00,Sex,44,23
2024/2,TEP00110,ENGENHARIA ECONÔMICA,C1,/graduacao/quadrodehorarios/turmas/100000405686,Silvia dos Reis Alcantara Duarte,Sex 09:00-11:00,Sex,44,32
2024/2,TEP00110,ENGENHARIA ECONÔMICA,D1,/graduacao/quadrodehorarios/turmas/100000405700,Silvia dos Reis Alcantara Duarte,Sex 11:00-13:00,Sex,23,15
2024/2,TEP00110,ENGENHARIA ECONÔMICA,E1,/graduacao/quadrodehorarios/turmas/100000405687,Silvia dos Reis Alcantara Duarte,Sex 14:00-16:00,Sex,25,4
2024/2,GET00177,ESTATÍSTICA BÁSICA,B1,/graduacao/quadrodehorarios/turmas/100000409433,Luz Amanda Melgar Santander,Seg 11:00-13:00; Qua 11:00-13:00,Seg-Qua,37,13
2024/2,GET00177,ESTATÍSTICA BÁSICA,C1,/graduacao/quadrodehorarios/turmas/100000409452,Estelina Serrano de Marins Capistrano,Seg 14:00-16:00; Qua 14:00-16:00,Seg-Qua,60,57
2024/2,GET00177,ESTATÍSTICA BÁSICA,G1,/graduacao/quadrodehorarios/turmas/100000409453,Anderson de Oliveira Calixto,Ter 14:00-16:00; Qui 14:00-16:00,Ter-Qui,60,21
2024/2,GET00177,ESTATÍSTICA BÁSICA,G1,/graduacao/quadrodehorarios/turmas/100000409453,Marcio Watanabe Alves de Souza,Ter 14:00-16:00; Qui 14:00-16:00,Ter-Qui,60,21
2024/2,GET00177,ESTATÍSTICA BÁSICA,I1,/graduacao/quadrodehorarios/turmas/100000409926,Marcio Watanabe Alves de Souza,Ter 18:00-20:00; Qui 18:00-20:00,Ter-Qui,60,41
2024/2,TCC00348,ESTRUTURAS DE DADOS E SEUS ALGORITIMOS,A1,/graduacao/quadrodehorarios/turmas/100000411824,Isabel Cristina Mello Rosseti,Ter 11:00-13:00; Qui 11:00-13:00,Ter-Qui,51,31
2024/2,TCC00348,ESTRUTURAS DE DADOS E SEUS ALGORITIMOS,B1,/graduacao/quadrodehorarios/turmas/100000411826,Carlos Alberto de Jesus Martinhon,Ter 14:00-16:00; Qui 14:00-16:00,Ter-Qui,55,53
2024/2,TCC00296,FUNDAMENTOS DE ARQUITETURAS DE COMPUTADORES,A1,/graduacao/quadrodehorarios/turmas/100000411829,Eugene Francis Vinod Rebello,Ter 14:00-16:00; Qui 14:00-16:00,Ter-Qui,18,57
2024/2,TCC00296,FUNDAMENTOS DE ARQUITETURAS DE COMPUTADORES,B1,/graduacao/quadrodehorarios/turmas/100000411831,Maria Cristina Silva Boeres,Ter 14:00-16:00; Qui 14:00-16:00,Ter-Qui,14,50
2024/2,GGM00137,FUNDAMENTOS DE CÁLCULO E GEOMETRIA,D1,/graduacao/quadrodehorarios/turmas/100000408694,Jose Roberto Linhares de Mattos,Ter 11:00-13:00; Qui 11:00-13:00,Ter-Qui,35,66
2024/2,GGM00137,FUNDAMENTOS DE CÁLCULO E GEOMETRIA,E1,/graduacao/quadrodehorarios/turmas/100000408695,Leandro Colau Merlo,Ter 11:00-13:00; Qui 11:00-13:00,Ter-Qui,29,59
2024/2,GGM00137,FUNDAMENTOS DE CÁLCULO E GEOMETRIA,G1,/graduacao/quadrodehorarios/turmas/100000408697,Raquel Ribeiro Barroso Portela,Ter 14:00-16:00; Qui 14:00-16:00,Ter-Qui,60,42
2024/2,GGM00137,FUNDAMENTOS DE CÁLCULO E GEOMETRIA,G1,/graduacao/quadrodehorarios/turmas/100000408697,Andrey Soldatenkov,Ter 14:00-16:00; Qui 14:00-16:00,Ter-Qui,60,42
2024/2,GGM00137,FUNDAMENTOS DE CÁLCULO E GEOMETRIA,Q1,/graduacao/quadrodehorarios/turmas/100000408744,Abigail Silva Duarte Folha,Ter 09:00-11:00; Qui 09:00-11:00,Ter-Qui,54,28
2024/2,GGM00137,FUNDAMENTOS DE CÁLCULO E GEOMETRIA,R1,/graduacao/quadrodehorarios/turmas/100000408757,Jiagang Yang,Seg 09:00-11:00; Qua 09:00-11:00,Seg-Qua,68,60
2024/2,GFI00161,FÍSICA EXPERIMENTAL I,BC,/graduacao/quadrodehorarios/turmas/100000404989,Marcio Jorge Teles da Costa,Ter 11:00-13:00,Ter,24,23
2024/2,GFI00161,FÍSICA EXPERIMENTAL I,BH,/graduacao/quadrodehorarios/turmas/100000404990,Evandro Vidor Lins de Mello,Sex 11:00-13:00,Sex,23,18
2024/2,GFI00161,FÍSICA EXPERIMENTAL I,CE,/graduacao/quadrodehorarios/turmas/100000405041,Djalma Rosa Mendes Junior,Qui 14:00-16:00,Qui,24,24
2024/2,GFI00161,FÍSICA EXPERIMENTAL I,DC,/graduacao/quadrodehorarios/turmas/100000405003,Carlos Enrique Navia Ojeda,Qua 16:00-18:00,Qua,23,21
2024/2,GFI00161,FÍSICA EXPERIMENTAL I,DD,/graduacao/quadrodehorarios/turmas/100000405050,Carlos Enrique Navia Ojeda,Ter 16:00-18:00,Ter,24,22
2024/2,GFI00161,FÍSICA EXPERIMENTAL I,EE,/graduacao/quadrodehorarios/turmas/100000405007,Tarik Pereira Cysne,Seg 18:00-20:00,Seg,24,23
2024/2,GFI00161,FÍSICA EXPERIMENTAL I,EE,/graduacao/quadrodehorarios/turmas/100000405007,Gabriel Bié Alves,Seg 18:00-20:00,Seg,24,23
2024/2,GFI00162,FÍSICA EXPERIMENTAL II,CD,/graduacao/quadrodehorarios/turmas/100000405021,Pedro Neto de Faria,Seg 14:00-16:00,Seg,24,17
2024/2,GFI00158,FÍSICA I,B3,/graduacao/quadrodehorarios/turmas/100000408891,Lindolff Thadeu Carneiro,Qua 11:00-13:00; Sex 11:00-13:00; Sab 08:00-10:00,Qua-Sex-Sab,89,71
2024/2,GFI00158,FÍSICA I,C1,/graduacao/quadrodehorarios/turmas/100000404939,Maria Emilia Xavier Guimaraes Lopes,Seg 14:00-16:00; Qua 14:00-16:00; Sab 08:00-10:00,Seg-Qua-Sab,100,94
2024/2,GFI00158,FÍSICA I,D1,/graduacao/quadrodehorarios/turmas/100000404953,Rodrigo Ferreira Sobreiro,Seg 16:00-18:00; Qua 16:00-18:00; Sab 08:00-10:00,Seg-Qua-Sab,100,88
2024/2,GFI00158,FÍSICA I,F1,/graduacao/quadrodehorarios/turmas/100000404940,Lindolff Thadeu Carneiro,Seg 20:00-22:00; Qua 20:00-22:00; Sab 08:00-10:00,Seg-Qua-Sab,96,53
2024/2,GFI00158,FÍSICA I,F1,/graduacao/quadrodehorarios/turmas/100000404940,Caio Vaz Pereira de Brito,Seg 20:00-22:00; Qua 20:00-22:00; Sab 08:00-10:00,Seg-Qua-Sab,96,53
2024/2,GFI00158,FÍSICA I,G1,/graduacao/quadrodehorarios/turmas/100000408892,Marcio Argollo Ferreira de Menezes,Qua 09:00-11:00; Sex 09:00-11:00; Sab 08:00-10:00,Qua-Sex-Sab,61,25
2024/2,GFI00159,FÍSICA II,D1,/graduacao/quadrodehorarios/turmas/100000404937,Newton Luiz Pires Mansur,Seg 16:00-18:00; Qua 16:00-18:00; Sab 11:00-13:00,Seg-Qua-Sab,92,64
2024/2,GFI00159,FÍSICA II,E1,/graduacao/quadrodehorarios/turmas/100000404958,Evandro Vidor Lins de Mello,Seg 18:00-20:00; Qua 18:00-20:00; Sab 11:00-13:00,Seg-Qua-Sab,72,44
2024/2,TEP00111,GERENCIAMENTO DE PROJETOS I,A1,/graduacao/quadrodehorarios/turmas/100000405701,Jose Rodrigues de Farias Filho,Ter 07:00-11:00,Ter,46,12
2024/2,TEP00111,GERENCIAMENTO DE PROJETOS I,B1,/graduacao/quadrodehorarios/turmas/100000405688,Ruben Huamanchumo Gutierrez,Qua 09:00-13:00,Qua,47,28
2024/2,TCC00324,GOVERNANÇA EM TECNOLOGIA DA INFORMAÇÃO,A1,/graduacao/quadrodehorarios/turmas/100000409400,Marcelo Fornazin,Sex 18:00-22:00,Sex,62,61
2024/2,TCC00297,INTELIGÊNCIA ARTIFICIAL,A1,/graduacao/quadrodehorarios/turmas/100000411911,Flavia Cristina Bernardini,Ter 11:00-13:00; Qui 11:00-13:00,Ter-Qui,50,37
2024/2,STA00191,INTELIGÊNCIA DE NEGÓCIOS,P1,/graduacao/quadrodehorarios/turmas/100000406561,Elaine Ribeiro Sigette,Ter 18:00-22:00,Ter,66,31
2024/2,TCC00298,INTERFACE HOMEM-MÁQUINA,A1,/graduacao/quadrodehorarios/turmas/100000411912,Luciana Cardoso de Castro Salgado,Ter 07:00-09:00; Qui 07:00-09:00,Ter-Qui,60,54
2024/2,TET00319,INTRODUÇÃO AO KIT DE DESENVOLVIMENTO ARDUINO I,AA,/graduacao/quadrodehorarios/turmas/100000402570,Alexandre Santos de La Vega,Seg 18:00-20:00; Sab 09:00-11:00,Seg-Sab,12,6
2024/2,TCC00300,LABORATÓRIO DE PROGRAMAÇÃO DE DISPOSITIVOS MÓVEIS,AA,/graduacao/quadrodehorarios/turmas/100000411926,Leandro Santiago de Araujo,Ter 14:00-16:00,Ter,40,33
2024/2,TCC00300,LABORATÓRIO DE PROGRAMAÇÃO DE DISPOSITIVOS MÓVEIS,BA,/graduacao/quadrodehorarios/turmas/100000412082,Leandro Santiago de Araujo,Ter 16:00-18:00,Ter,41,32
2024/2,TCC00301,LABORATÓRIO DE PROGRAMAÇÃO DE JOGOS,AA,/graduacao/quadrodehorarios/turmas/100000411927,Esteban Walter Gonzalez Clua,Sex 11:00-13:00,Sex,37,35
2024/2,TCC00301,LABORATÓRIO DE PROGRAMAÇÃO DE JOGOS,BA,/graduacao/quadrodehorarios/turmas/100000411928,Esteban Walter Gonzalez Clua,Sex 09:00-11:00,Sex,38,35
2024/2,TCC00344,LABORATÓRIO DE PROGRAMAÇÃO PARALELA I,AA,/graduacao/quadrodehorarios/turmas/100000411929,Lucia Maria de Assumpcao Drummond,Seg 09:00-11:00; Qua 09:00-11:00,Seg-Qua,50,32
2024/2,TCC00346,LABORATÓRIO DE RESOLUÇÃO DE PROBLEMAS,AA,/graduacao/quadrodehorarios/turmas/100000411930,João Felipe Nicolaci Pimentel,Ter 16:00-18:00,Ter,0,27
2024/2,TCC00346,LABORATÓRIO DE RESOLUÇÃO DE PROBLEMAS,BA,/graduacao/quadrodehorarios/turmas/100000411935,Mario Roberto Folhadela Benevides,Ter 16:00-18:00,Ter,13,27
2024/2,TCC00346,LABORATÓRIO DE RESOLUÇÃO DE PROBLEMAS,CA,/graduacao/quadrodehorarios/turmas/100000412081,João Felipe Nicolaci Pimentel,Qui 16:00-18:00,Qui,4,27
2024/2,TCC00346,LABORATÓRIO DE RESOLUÇÃO DE PROBLEMAS,DA,/graduacao/quadrodehorarios/turmas/100000411934,Mario Roberto Folhadela Benevides,Qui 16:00-18:00,Qui,27,12
2024/2,GCI00141,LABORATÓRIO DE TRATAMENTO E RECUPERAÇÃO DA INFORMAÇÃO,B1,/graduacao/quadrodehorarios/turmas/100000404656,Nilson Theobald Barbosa,Ter 18:00-22:00,Ter,48,15
2024/2,GLC00292,LIBRAS I,A1,/graduacao/quadrodehorarios/turmas/100000404779,Bruno Ramos,Seg 09:00-11:00,Seg,40,33
2024/2,GLC00292,LIBRAS I,D1,/graduacao/quadrodehorarios/turmas/100000404796,Tathianna Prado Dawes,Qui 09:00-11:00,Qui,51,46
2024/2,GLC00292,LIBRAS I,E3,/graduacao/quadrodehorarios/turmas/100000404918,Gildete da Silva Amorim Mendes Francisco,Sex 16:00-18:00,Sex,52,36
2024/2,TCC00304,LINGUAGENS DE PROGRAMAÇÃO,A1,/graduacao/quadrodehorarios/turmas/100000411939,Bruno Lopes Vieira,Sex 09:00-13:00,Sex,55,44
2024/2,TCC00304,LINGUAGENS DE PROGRAMAÇÃO,X1,/graduacao/quadrodehorarios/turmas/100000411943,Christiano de Oliveira Braga,Seg 11:00-13:00; Qua 11:00-13:00,Seg-Qua,50,45
2024/2,TCC00305,LINGUAGENS FORMAIS E TEORIA DA COMPUTAÇÃO,A1,/graduacao/quadrodehorarios/turmas/100000411944,Christiano de Oliveira Braga,Seg 09:00-11:00; Qua 09:00-11:00,Seg-Qua,55,53
2024/2,GAN00166,LÓGICA PARA A CIÊNCIA DA COMPUTAÇÃO,A1,/graduacao/quadrodehorarios/turmas/100000409551,Taisa Lopes Martins,Seg 14:00-16:00; Qua 14:00-16:00,Seg-Qua,56,55
2024/2,GAN00166,LÓGICA PARA A CIÊNCIA DA COMPUTAÇÃO,B1,/graduacao/quadrodehorarios/turmas/100000409552,Jorge Petrucio Viana,Ter 16:00-18:00; Qui 16:00-18:00,Ter-Qui,55,49
2024/2,GAN00167,MATEMÁTICA DISCRETA,A1,/graduacao/quadrodehorarios/turmas/100000409550,Jones Colombo,Seg 11:00-13:00; Qua 11:00-13:00,Seg-Qua,49,31
2024/2,GAN00167,MATEMÁTICA DISCRETA,B1,/graduacao/quadrodehorarios/turmas/100000409658,Jose Koiller,Seg 14:00-16:00; Qua 14:00-16:00,Seg-Qua,15,51
2024/2,GAN00167,MATEMÁTICA DISCRETA,C1,/graduacao/quadrodehorarios/turmas/100000409548,Yuri Ki,Seg 14:00-16:00; Qua 14:00-16:00,Seg-Qua,22,49
2024/2,TCC00200,MINERAÇÃO DE DADOS,A1,/graduacao/quadrodehorarios/turmas/100000408790,Marcos Vinicius Naves Bedo,Seg 16:00-18:00; Qua 16:00-18:00,Seg-Qua,5,1
2024/2,TCC00330,MODELAGEM DE PROCESSOS DE NEGÓCIOS,A1,/graduacao/quadrodehorarios/turmas/100000410161,Rodrigo Salvador Monteiro,Seg 18:00-22:00,Seg,52,37
2024/2,STA00267,MODELOS DE GESTÃO CONTEMPORÂNEA,P1,/graduacao/quadrodehorarios/turmas/100000406590,Thais Soares Kronemberger,Qui 18:00-22:00,Qui,70,68
2024/2,TCC00306,MÉTODOS NUMÉRICOS,A1,/graduacao/quadrodehorarios/turmas/100000411945,Luiz Fernando Bez,Ter 09:00-11:00; Qui 09:00-11:00,Ter-Qui,45,43
2024/2,TCC00306,MÉTODOS NUMÉRICOS,X1,/graduacao/quadrodehorarios/turmas/100000412268,Andre Maues Brabo Pereira,Ter 09:00-11:00; Qui 09:00-11:00,Ter-Qui,41,38
2024/2,TCC00196,OTIMIZAÇÃO COMBINATÓRIA,A1,/graduacao/quadrodehorarios/turmas/100000408785,Igor Machado Coelho,Sex 18:00-22:00,Sex,6,3
2024/2,TCC00318,PESQUISA OPERACIONAL,A1,/graduacao/quadrodehorarios/turmas/100000411946,Igor Machado Coelho,Ter 09:00-11:00; Qui 09:00-11:00,Ter-Qui,54,50
2024/2,TCC00318,PESQUISA OPERACIONAL,Z1,/graduacao/quadrodehorarios/turmas/100000412218,Igor Machado Coelho,Sex 18:00-22:00,Sex,1,1
2024/2,TCC00203,PROCESSAMENTO DE IMAGENS,A1,/graduacao/quadrodehorarios/turmas/100000408792,Aura Conci,Seg 07:00-09:00; Qua 07:00-09:00,Seg-Qua,3,2
2024/2,TCC00307,PROGRAMAÇÃO CIENTÍFICA,A1,/graduacao/quadrodehorarios/turmas/100000411947,Ricardo Leiderman,Ter 09:00-11:00; Qui 09:00-11:00,Ter-Qui,58,55
2024/2,TCC00308,PROGRAMAÇÃO DE COMPUTADORES I,A1,/graduacao/quadrodehorarios/turmas/100000411950,Anselmo Antunes Montenegro,Seg 16:00-18:00; Qua 16:00-18:00,Seg-Qua,11,39
2024/2,TCC00308,PROGRAMAÇÃO DE COMPUTADORES I,B1,/graduacao/quadrodehorarios/turmas/100000411951,Christiano de Oliveira Braga,Seg 16:00-18:00; Qua 16:00-18:00,Seg-Qua,18,51
2024/2,TCC00347,PROGRAMAÇÃO ESTRUTURADA,A1,/graduacao/quadrodehorarios/turmas/100000411953,Aline de Paula Nascimento,Ter 09:00-11:00; Qui 09:00-11:00,Ter-Qui,41,44
2024/2,TCC00347,PROGRAMAÇÃO ESTRUTURADA,B1,/graduacao/quadrodehorarios/turmas/100000411954,Aline Marins Paes Carvalho,Ter 09:00-11:00; Qui 09:00-11:00,Ter-Qui,38,31
2024/2,TCC00347,PROGRAMAÇÃO ESTRUTURADA,C1,/graduacao/quadrodehorarios/turmas/100000411955,Yuri Abitbol de Menezes Frota,Ter 16:00-18:00; Qui 16:00-18:00,Ter-Qui,42,29
2024/2,TCC00328,PROGRAMAÇÃO ORIENTADA A OBJETOS,A1,/graduacao/quadrodehorarios/turmas/100000411956,Anselmo Antunes Montenegro,Seg 11:00-13:00; Qua 11:00-13:00,Seg-Qua,47,31
2024/2,TCC00328,PROGRAMAÇÃO ORIENTADA A OBJETOS,B1,/graduacao/quadrodehorarios/turmas/100000411959,Flavia Cristina Bernardini,Seg 16:00-18:00; Qua 16:00-18:00,Seg-Qua,53,32
2024/2,TCC00328,PROGRAMAÇÃO ORIENTADA A OBJETOS,C1,/graduacao/quadrodehorarios/turmas/100000410879,Carlos Alberto Soares Ribeiro,Seg 11:00-13:00; Qua 11:00-13:00,Seg-Qua,56,49
2024/2,TCC00312,PROJETO DE SOFTWARE,A1,/graduacao/quadrodehorarios/turmas/100000411961,Troy Costa Kohwalter,Seg 11:00-13:00; Qua 11:00-13:00,Seg-Qua,71,71
2024/2,TEC00209,PROPRIEDADE INDUSTRIAL,A1,/graduacao/quadrodehorarios/turmas/100000401970,Luis Gustavo Zelaya Cruz,Sex 14:00-18:00,Sex,75,43
2024/2,TEC00209,PROPRIEDADE INDUSTRIAL,B1,/graduacao/quadrodehorarios/turmas/100000402005,Luis Gustavo Zelaya Cruz,Sex 08:00-12:00,Sex,74,35
2024/2,SDV00143,PROPRIEDADE INTELECTUAL,P1,/graduacao/quadrodehorarios/turmas/100000402168,Clarisse Stephan Farhat Jorge,Ter 18:00-20:00; Ter 20:00-22:00,Ter,71,61
2024/2,TCC00313,REDES DE COMPUTADORES I,A1,/graduacao/quadrodehorarios/turmas/100000411940,Celio Vinicius Neves de Albuquerque,Ter 11:00-13:00; Qui 11:00-13:00,Ter-Qui,50,46
2024/2,TCC00314,REDES DE COMPUTADORES II,A1,/graduacao/quadrodehorarios/turmas/100000411941,Debora Christina Muchaluat Saade,Sex 09:00-13:00,Sex,46,17
2024/2,GCI00126,REPRESENTAÇÃO DA INFORMAÇÃO,C1,/graduacao/quadrodehorarios/turmas/100000404551,Rosana Portugal Tavares de Moraes,Qui 09:00-13:00,Qui,54,26
2024/2,GCI00126,REPRESENTAÇÃO DA INFORMAÇÃO,C2,/graduacao/quadrodehorarios/turmas/100000404552,Rosana Portugal Tavares de Moraes,Sex 18:00-22:00,Sex,56,52
2024/2,TCC00341,SEGURANÇA DA INFORMAÇÃO,A1,/graduacao/quadrodehorarios/turmas/100000410731,Luis Antonio Brasil Kowada,Qua 18:00-22:00,Qua,58,47
2024/2,TCC00315,SISTEMAS DISTRIBUÍDOS,A1,/graduacao/quadrodehorarios/turmas/100000411942,Flavia Coimbra Delicato,Seg 07:00-09:00; Qua 07:00-09:00,Seg-Qua,46,29
2024/2,TCC00316,SISTEMAS OPERACIONAIS,A1,/graduacao/quadrodehorarios/turmas/100000411948,Maria Cristina Silva Boeres,Ter 11:00-13:00; Qui 11:00-13:00,Ter-Qui,60,56
2024/2,TCC00271,TÓPICOS EM  LINGUAGEM DE PROGRAMAÇÃO I,A1,/graduacao/quadrodehorarios/turmas/100000408786,Patrick Barbosa Moratori,Seg 16:00-18:00; Qua 16:00-18:00,Seg-Qua,42,39
2024/2,TCC00234,TÓPICOS EM ARQUITETURAS DE COMPUTADORES I,A1,/graduacao/quadrodehorarios/turmas/100000408788,Lucia Maria de Assumpcao Drummond,Seg 07:00-09:00; Qua 07:00-09:00,Seg-Qua,7,7
2024/2,TCC00241,TÓPICOS EM COMPUTAÇÃO I,A1,/graduacao/quadrodehorarios/turmas/100000408784,Luis Felipe Ignacio Cunha,Seg 07:00-09:00; Qua 07:00-09:00,Seg-Qua,13,10
2024/2,TCC00242,TÓPICOS EM COMPUTAÇÃO II,A1,/graduacao/quadrodehorarios/turmas/100000412217,Luis Felipe Ignacio Cunha,Seg 07:00-09:00; Qua 07:00-09:00,Seg-Qua,1,1
2024/2,TCC00250,TÓPICOS EM ENGENHARIA DE SOFWARE I,A1,/graduacao/quadrodehorarios/turmas/100000408791,Vania de Oliveira Neves,Seg 16:00-18:00; Qua 16:00-18:00,Seg-Qua,5,5
2024/2,TCC00251,TÓPICOS EM ENGENHARIA DE SOFWARE II,A1,/graduacao/quadrodehorarios/turmas/100000408796,Heleno de Souza Campos Junior,Sex 18:00-22:00,Sex,30,21
2024/2,TCC00259,TÓPICOS EM INTELIGÊNCIA ARTIFICIAL I,A1,/graduacao/quadrodehorarios/turmas/100000408787,Aline Marins Paes Carvalho,Sex 09:00-13:00,Sex,28,11
2024/2,TCC00260,TÓPICOS EM INTELIGÊNCIA ARTIFICIAL II,A1,/graduacao/quadrodehorarios/turmas/100000408782,Flavio Luiz Seixas,Sex 14:00-18:00,Sex,10,3
2024/2,TCC00261,TÓPICOS EM INTELIGÊNCIA ARTIFICIAL III,A1,/graduacao/quadrodehorarios/turmas/100000412269,Leandro Santiago de Araujo,Seg 16:00-18:00; Qua 16:00-18:00,Seg-Qua,20,12
2024/2,TCC00274,TÓPICOS EM REDES DE COMPUTADORES I,A1,/graduacao/quadrodehorarios/turmas/100000412344,Celio Vinicius Neves de Albuquerque,Ter 07:00-09:00; Qui 07:00-09:00,Ter-Qui,10,5
2024/2,GAN00140,ÁLGEBRA LINEAR,A1,/graduacao/quadrodehorarios/turmas/100000409788,Claudia Ossanai,Seg 09:00-11:00; Qua 09:00-11:00,Seg-Qua,53,48
2024/2,GAN00140,ÁLGEBRA LINEAR,B1,/graduacao/quadrodehorarios/turmas/100000409573,Miguel Angel Orrillo Cumpa,Seg 09:00-11:00; Qua 09:00-11:00,Seg-Qua,54,53
2024/2,GAN00140,ÁLGEBRA LINEAR,C1,/graduacao/quadrodehorarios/turmas/100000409574,Thiago Lourenco Pires,Seg 09:00-11:00; Qua 09:00-11:00,Seg-Qua,55,52
2024/2,GAN00140,ÁLGEBRA LINEAR,D1,/graduacao/quadrodehorarios/turmas/100000409575,Carlos Manuel Guzman Jimenez,Seg 09:00-11:00; Qua 09:00-11:00,Seg-Qua,55,53
2024/2,GAN00140,ÁLGEBRA LINEAR,E1,/graduacao/quadrodehorarios/turmas/100000409577,Xuan Zhang,Seg 11:00-13:00; Qua 11:00-13:00,Seg-Qua,53,49
2024/2,GAN00140,ÁLGEBRA LINEAR,K1,/graduacao/quadrodehorarios/turmas/100000409583,Bely Rodriguez Morales,Ter 16:00-18:00; Qui 16:00-18:00,Ter-Qui,55,50
2024/2,GAN00140,ÁLGEBRA LINEAR,L1,/graduacao/quadrodehorarios/turmas/100000409584,Vinicius Mendes Couto Pereira,Ter 16:00-18:00; Qui 16:00-18:00,Ter-Qui,55,53
2024/2,GAN00140,ÁLGEBRA LINEAR,M1,/graduacao/quadrodehorarios/turmas/100000412302,Danilo Vilela Avelar,Ter 16:00-18:00; Qui 16:00-18:00,Ter-Qui,55,48
2025/1,TEP00108,ADMINISTRAÇÃO APLICADA À ENGENHARIA,A1,/graduacao/quadrodehorarios/turmas/100000420490,Marcos Costa Roboredo,Seg 09:00-13:00,Seg,49,41
2025/1,TEP00108,ADMINISTRAÇÃO APLICADA À ENGENHARIA,B1,/graduacao/quadrodehorarios/turmas/100000420460,Valdecy Pereira,Seg 14:00-18:00,Seg,50,32
2025/1,TEP00108,ADMINISTRAÇÃO APLICADA À ENGENHARIA,C1,/graduacao/quadrodehorarios/turmas/100000420470,Valdecy Pereira,Seg 18:00-22:00,Seg,49,31
2025/1,TEP00108,ADMINISTRAÇÃO APLICADA À ENGENHARIA,T1,/graduacao/quadrodehorarios/turmas/100000426000,Luiz Carlos Brasil de Brito Mello,Ter 09:00-13:00,Ter,45,1
2025/1,TCC00284,ALGORITMOS EM GRAFOS,A1,/graduacao/quadrodehorarios/turmas/100000421250,Fabio Protti,Sex 09:00-13:00,Sex,63,57
2025/1,TCC00285,ANÁLISE E PROJETO DE ALGORITMOS,A1,/graduacao/quadrodehorarios/turmas/100000421252,Luis Felipe Ignacio Cunha,Ter 11:00-13:00; Qui 11:00-13:00,Ter-Qui,71,67
2025/1,TCC00286,ARQUITETURAS DE COMPUTADORES,A1,/graduacao/quadrodehorarios/turmas/100000421315,Eugene Francis Vinod Rebello,Ter 09:00-11:00; Qui 09:00-11:00,Ter-Qui,45,35
2025/1,TCC00286,ARQUITETURAS DE COMPUTADORES,B1,/graduacao/quadrodehorarios/turmas/100000421317,Leandro Santiago de Araujo,Ter 09:00-11:00; Qui 09:00-11:00,Ter-Qui,45,46
2025/1,TCC00349,AVALIAÇÃO DE DESEMPENHO,A1,/graduacao/quadrodehorarios/turmas/100000421320,Antonio Augusto de Aragao Rocha,Ter 09:00-11:00; Qui 09:00-11:00,Ter-Qui,54,52
2025/1,TCC00349,AVALIAÇÃO DE DESEMPENHO,Z1,/graduacao/quadrodehorarios/turmas/100000424913,Antonio Augusto de Aragao Rocha,Ter 11:00-13:00; Qui 11:00-13:00,Ter-Qui,1,1
2025/1,TCC00287,BANCO DE DADOS I,A1,/graduacao/quadrodehorarios/turmas/100000421323,Rodrigo Salvador Monteiro,Seg 09:00-11:00; Qua 09:00-11:00,Seg-Qua,63,61
2025/1,TCC00288,BANCO DE DADOS II,A1,/graduacao/quadrodehorarios/turmas/100000421325,Luiz Andre Portes Paes Leme,Seg 07:00-09:00; Qua 07:00-09:00,Seg-Qua,46,37
2025/1,TET00347,CIRCUITOS DIGITAIS PARA CIÊNCIA DA COMPUTAÇÃO,A1,/graduacao/quadrodehorarios/turmas/100000417999,Alexandre Santos de La Vega,Seg 14:00-16:00; Qua 14:00-16:00,Seg-Qua,42,34
2025/1,TET00347,CIRCUITOS DIGITAIS PARA CIÊNCIA DA COMPUTAÇÃO,B1,/graduacao/quadrodehorarios/turmas/100000418000,Joao Marcos Meirelles da Silva,Ter 14:00-16:00; Qui 14:00-16:00,Ter-Qui,42,41
2025/1,TCC00289,COMPILADORES,A1,/graduacao/quadrodehorarios/turmas/100000421326,Christiano de Oliveira Braga,Seg 09:00-11:00; Qua 09:00-11:00,Seg-Qua,45,43
2025/1,GSI00433,COMPORTAMENTO ORGANIZACIONAL,A1,/graduacao/quadrodehorarios/turmas/100000423486,Hugo Leonardo Povoa Sandall,Ter 18:00-22:00,Ter,40,37
2025/1,TCC00280,COMPUTAÇÃO E MEIO AMBIENTE,A1,/graduacao/quadrodehorarios/turmas/100000423961,Jose Raphael Bokehi,Seg 14:00-18:00,Seg,37,30
2025/1,TCC00290,COMPUTAÇÃO E SOCIEDADE,A1,/graduacao/quadrodehorarios/turmas/100000421328,Jose Raphael Bokehi,Qui 11:00-13:00,Qui,46,41
2025/1,TCC00291,COMPUTAÇÃO GRÁFICA,A1,/graduacao/quadrodehorarios/turmas/100000421335,Aura Conci,Seg 11:00-13:00; Qua 11:00-13:00,Seg-Qua,46,35
2025/1,GMA00154,CÁLCULO 1,C2,/graduacao/quadrodehorarios/turmas/100000418229,Juan Bautista Limaco Ferrel,Seg 11:00-13:00; Qua 11:00-13:00,Seg-Qua,40,27
2025/1,GMA00154,CÁLCULO 1,D2,/graduacao/quadrodehorarios/turmas/100000418244,Adriana Victoria da Luz Angeloni,Seg 14:00-16:00; Qua 14:00-16:00,Seg-Qua,42,25
2025/1,GMA00154,CÁLCULO 1,E1,/graduacao/quadrodehorarios/turmas/100000418249,Vinicius de França Araujo,Seg 16:00-18:00; Qua 16:00-18:00,Seg-Qua,45,40
2025/1,GMA00154,CÁLCULO 1,F1,/graduacao/quadrodehorarios/turmas/100000418251,Mario Olivero Marques da Silva,Seg 18:00-20:00; Qua 18:00-20:00,Seg-Qua,50,48
2025/1,GMA00154,CÁLCULO 1,F2,/graduacao/quadrodehorarios/turmas/100000425003,Vinicius de França Araujo,Seg 18:00-20:00; Qua 18:00-20:00,Seg-Qua,36,32
2025/1,GMA00154,CÁLCULO 1,G1,/graduacao/quadrodehorarios/turmas/100000418252,Mario Olivero Marques da Silva,Seg 20:00-22:00; Qua 20:00-22:00,Seg-Qua,50,42
2025/1,GMA00154,CÁLCULO 1,M1,/graduacao/quadrodehorarios/turmas/100000418253,Cristiane Ramos Ribeiro Argento,Ter 07:00-09:00; Qui 07:00-09:00,Ter-Qui,50,47
2025/1,GMA00154,CÁLCULO 1,N2,/graduacao/quadrodehorarios/turmas/100000418255,Maria Luiza Oliveira Santos,Ter 09:00-11:00; Qui 09:00-11:00,Ter-Qui,54,52
2025/1,GMA00154,CÁLCULO 1,O3,/graduacao/quadrodehorarios/turmas/100000418259,Olivier Pierre Thom,Ter 11:00-13:00; Qui 11:00-13:00,Ter-Qui,51,47
2025/1,GMA00154,CÁLCULO 1,Q2,/graduacao/quadrodehorarios/turmas/100000418263,Sergio de Moura Almaraz,Ter 16:00-18:00; Qui 16:00-18:00,Ter-Qui,52,48
2025/1,GMA00155,CÁLCULO 2,M2,/graduacao/quadrodehorarios/turmas/100000418335,Cheng Xu,Ter 07:00-09:00; Qui 07:00-09:00,Ter-Qui,53,48
2025/1,GMA00155,CÁLCULO 2,N1,/graduacao/quadrodehorarios/turmas/100000418337,Pablo Gutierrez Barrientos,Ter 09:00-11:00; Qui 09:00-11:00,Ter-Qui,62,57
2025/1,GMA00155,CÁLCULO 2,N2,/graduacao/quadrodehorarios/turmas/100000418338,Artem Raibekas,Ter 09:00-11:00; Qui 09:00-11:00,Ter-Qui,40,32
2025/1,GMA00155,CÁLCULO 2,O1,/graduacao/quadrodehorarios/turmas/100000418340,Pablo Andres Guarino Quinones,Ter 11:00-13:00; Qui 11:00-13:00,Ter-Qui,31,16
2025/1,GMA00155,CÁLCULO 2,P1,/graduacao/quadrodehorarios/turmas/100000418348,Pablo Andres Guarino Quinones,Ter 14:00-16:00; Qui 14:00-16:00,Ter-Qui,50,46
2025/1,GMA00155,CÁLCULO 2,Q1,/graduacao/quadrodehorarios/turmas/100000418351,Sergio Mariano Licanic,Ter 16:00-18:00; Qui 16:00-18:00,Ter-Qui,52,50
2025/1,GMA00155,CÁLCULO 2,Q2,/graduacao/quadrodehorarios/turmas/100000418352,Begona Alarcon Cotillas,Ter 16:00-18:00; Qui 16:00-18:00,Ter-Qui,50,44
2025/1,GMA00155,CÁLCULO 2,R1,/graduacao/quadrodehorarios/turmas/100000418353,Sergio Mariano Licanic,Ter 18:00-20:00; Qui 18:00-20:00,Ter-Qui,55,51
2025/1,STA00168,DESENVOLVIMENTO DE PESSOAS,P1,/graduacao/quadrodehorarios/turmas/100000422224,Fernando de Oliveira Vieira,Ter 18:00-22:00,Ter,81,69
2025/1,TCC00226,DESENVOLVIMENTO WEB,A1,/graduacao/quadrodehorarios/turmas/100000421338,Carlos Alberto Soares Ribeiro,Seg 09:00-11:00; Qua 09:00-11:00,Seg-Qua,47,46
2025/1,TCC00226,DESENVOLVIMENTO WEB,X1,/graduacao/quadrodehorarios/turmas/100000424828,Carlos Alberto Soares Ribeiro,Seg 11:00-13:00; Qua 11:00-13:00,Seg-Qua,46,29
2025/1,TEP00109,ECONOMIA APLICADA À ENGENHARIA,T1,/graduacao/quadrodehorarios/turmas/100000420458,Marco Aurelio Cabral Pinto,Qua 18:00-22:00,Qua,45,27
2025/1,TCC00212,EMPREENDEDORISMO,A1,/graduacao/quadrodehorarios/turmas/100000422798,Daniela Gorski Trevisan,Ter 18:00-20:00; Qui 18:00-20:00,Ter-Qui,27,13
2025/1,TCC00292,ENGENHARIA DE SOFTWARE I,A1,/graduacao/quadrodehorarios/turmas/100000421429,Leonardo Gresta Paulino Murta,Sex 09:00-13:00,Sex,70,66
2025/1,TCC00293,ENGENHARIA DE SOFTWARE II,A1,/graduacao/quadrodehorarios/turmas/100000421432,Troy Costa Kohwalter,Seg 09:00-11:00; Qua 09:00-11:00,Seg-Qua,65,64
2025/1,TEP00110,ENGENHARIA ECONÔMICA,B1,/graduacao/quadrodehorarios/turmas/100000420478,Silvia dos Reis Alcantara Duarte,Sex 07:00-09:00,Sex,33,16
2025/1,TEP00110,ENGENHARIA ECONÔMICA,C1,/graduacao/quadrodehorarios/turmas/100000420486,Silvia dos Reis Alcantara Duarte,Sex 09:00-11:00,Sex,44,24
2025/1,TEP00110,ENGENHARIA ECONÔMICA,D1,/graduacao/quadrodehorarios/turmas/100000420499,Silvia dos Reis Alcantara Duarte,Sex 11:00-13:00,Sex,20,9
2025/1,TEP00110,ENGENHARIA ECONÔMICA,E1,/graduacao/quadrodehorarios/turmas/100000420487,Silvia dos Reis Alcantara Duarte,Sex 14:00-16:00,Sex,25,8
2025/1,GET00177,ESTATÍSTICA BÁSICA,B1,/graduacao/quadrodehorarios/turmas/100000422053,Anderson de Oliveira Calixto,Seg 11:00-13:00; Qua 11:00-13:00,Seg-Qua,56,33
2025/1,GET00177,ESTATÍSTICA BÁSICA,C2,/graduacao/quadrodehorarios/turmas/100000422056,Anderson de Oliveira Calixto,Seg 14:00-16:00; Qua 14:00-16:00,Seg-Qua,57,31
2025/1,GET00177,ESTATÍSTICA BÁSICA,E1,/graduacao/quadrodehorarios/turmas/100000422064,Keila Mara Cassiano,Seg 18:00-20:00; Qua 18:00-20:00,Seg-Qua,67,53
2025/1,GET00177,ESTATÍSTICA BÁSICA,H1,/graduacao/quadrodehorarios/turmas/100000422143,Jose Murilo Ferraz Saraiva,Ter 14:00-16:00; Qui 14:00-16:00,Ter-Qui,60,57
2025/1,GET00177,ESTATÍSTICA BÁSICA,J1,/graduacao/quadrodehorarios/turmas/100000422145,Marcio Watanabe Alves de Souza,Ter 18:00-20:00; Qui 18:00-20:00,Ter-Qui,60,59
2025/1,TCC00348,ESTRUTURAS DE DADOS E SEUS ALGORITIMOS,A1,/graduacao/quadrodehorarios/turmas/100000421433,Isabel Cristina Mello Rosseti,Ter 11:00-13:00; Qui 11:00-13:00,Ter-Qui,47,36
2025/1,TCC00348,ESTRUTURAS DE DADOS E SEUS ALGORITIMOS,B1,/graduacao/quadrodehorarios/turmas/100000421441,Luis Antonio Brasil Kowada,Ter 11:00-13:00; Qui 11:00-13:00,Ter-Qui,47,43
2025/1,TCC00296,FUNDAMENTOS DE ARQUITETURAS DE COMPUTADORES,A1,/graduacao/quadrodehorarios/turmas/100000421446,Eugene Francis Vinod Rebello,Ter 14:00-16:00; Qui 14:00-16:00,Ter-Qui,21,55
2025/1,TCC00296,FUNDAMENTOS DE ARQUITETURAS DE COMPUTADORES,B1,/graduacao/quadrodehorarios/turmas/100000421553,Aline de Paula Nascimento,Ter 14:00-16:00; Qui 14:00-16:00,Ter-Qui,25,52
2025/1,GGM00137,FUNDAMENTOS DE CÁLCULO E GEOMETRIA,D1,/graduacao/quadrodehorarios/turmas/100000421261,Alex Correa Abreu,Ter 11:00-13:00; Qui 11:00-13:00,Ter-Qui,30,57
2025/1,GGM00137,FUNDAMENTOS DE CÁLCULO E GEOMETRIA,E1,/graduacao/quadrodehorarios/turmas/100000421262,Helton de Oliveira da Silva Leal,Ter 11:00-13:00; Qui 11:00-13:00,Ter-Qui,31,62
2025/1,GGM00137,FUNDAMENTOS DE CÁLCULO E GEOMETRIA,G1,/graduacao/quadrodehorarios/turmas/100000421324,Joao Helder Olmedo Rodrigues,Ter 14:00-16:00; Qui 14:00-16:00,Ter-Qui,16,59
2025/1,GGM00137,FUNDAMENTOS DE CÁLCULO E GEOMETRIA,I1,/graduacao/quadrodehorarios/turmas/100000421266,Jose Roberto Linhares de Mattos,Seg 11:00-13:00; Qua 11:00-13:00,Seg-Qua,4,46
2025/1,GGM00137,FUNDAMENTOS DE CÁLCULO E GEOMETRIA,P1,/graduacao/quadrodehorarios/turmas/100000421272,Jiagang Yang,Seg 11:00-13:00; Qua 11:00-13:00,Seg-Qua,66,54
2025/1,GGM00137,FUNDAMENTOS DE CÁLCULO E GEOMETRIA,Q1,/graduacao/quadrodehorarios/turmas/100000421294,Luiz Manoel Silva de Figueiredo,Ter 09:00-11:00; Qui 09:00-11:00,Ter-Qui,65,36
2025/1,GGM00137,FUNDAMENTOS DE CÁLCULO E GEOMETRIA,Q1,/graduacao/quadrodehorarios/turmas/100000421294,Sally Andria Vieira da Silva,Ter 09:00-11:00; Qui 09:00-11:00,Ter-Qui,65,36
2025/1,GGM00137,FUNDAMENTOS DE CÁLCULO E GEOMETRIA,R1,/graduacao/quadrodehorarios/turmas/100000421297,Joao Helder Olmedo Rodrigues,Ter 16:00-18:00; Qui 16:00-18:00,Ter-Qui,57,39
2025/1,GGM00137,FUNDAMENTOS DE CÁLCULO E GEOMETRIA,T1,/graduacao/quadrodehorarios/turmas/100000425000,Zhou Cong,Seg 11:00-13:00; Qua 11:00-13:00,Seg-Qua,64,12
2025/1,GGM00137,FUNDAMENTOS DE CÁLCULO E GEOMETRIA,T1,/graduacao/quadrodehorarios/turmas/100000425000,Leonardo Novaes Mesquita Damasceno,Seg 11:00-13:00; Qua 11:00-13:00,Seg-Qua,64,12
2025/1,GFI00161,FÍSICA EXPERIMENTAL I,BA,/graduacao/quadrodehorarios/turmas/100000418559,Joao Florencio Junior,Seg 11:00-13:00,Seg,24,24
2025/1,GFI00161,FÍSICA EXPERIMENTAL I,BC,/graduacao/quadrodehorarios/turmas/100000418549,Joao Florencio Junior,Ter 11:00-13:00,Ter,24,24
2025/1,GFI00161,FÍSICA EXPERIMENTAL I,BH,/graduacao/quadrodehorarios/turmas/100000418550,Carlos Enrique Navia Ojeda,Seg 14:00-16:00,Seg,24,21
2025/1,GFI00161,FÍSICA EXPERIMENTAL I,CB,/graduacao/quadrodehorarios/turmas/100000418560,Carlos Enrique Navia Ojeda,Ter 14:00-16:00,Ter,23,21
2025/1,GFI00161,FÍSICA EXPERIMENTAL I,CE,/graduacao/quadrodehorarios/turmas/100000418602,Djalma Rosa Mendes Junior,Qui 14:00-16:00,Qui,19,16
2025/1,GFI00161,FÍSICA EXPERIMENTAL I,DA,/graduacao/quadrodehorarios/turmas/100000418561,Gabriel Bié Alves,Seg 16:00-18:00,Seg,24,23
2025/1,GFI00161,FÍSICA EXPERIMENTAL I,DC,/graduacao/quadrodehorarios/turmas/100000418564,Lucas Raimundo Rodrigues,Qua 16:00-18:00,Qua,24,21
2025/1,GFI00161,FÍSICA EXPERIMENTAL I,DF,/graduacao/quadrodehorarios/turmas/100000418567,Tarik,Qui 16:00-18:00,Qui,24,21
2025/1,GFI00161,FÍSICA EXPERIMENTAL I,DG,/graduacao/quadrodehorarios/turmas/100000418585,Carlos Enrique Navia Ojeda,Seg 11:00-13:00,Seg,24,24
2025/1,GFI00161,FÍSICA EXPERIMENTAL I,EE,/graduacao/quadrodehorarios/turmas/100000418568,Tarik Pereira Cysne,Seg 18:00-20:00,Seg,24,23
2025/1,GFI00162,FÍSICA EXPERIMENTAL II,CD,/graduacao/quadrodehorarios/turmas/100000418582,Pedro Neto de Faria,Seg 14:00-16:00,Seg,22,7
2025/1,GFI00158,FÍSICA I,B2,/graduacao/quadrodehorarios/turmas/100000418496,Jurgen Fritz Stilck,Seg 11:00-13:00; Qua 11:00-13:00; Sab 08:00-10:00,Seg-Qua-Sab,100,95
2025/1,GFI00158,FÍSICA I,B3,/graduacao/quadrodehorarios/turmas/100000418499,Caio Vaz Pereira de Brito,Qua 11:00-13:00; Sex 11:00-13:00; Sab 08:00-10:00,Qua-Sex-Sab,83,57
2025/1,GFI00158,FÍSICA I,C1,/graduacao/quadrodehorarios/turmas/100000418497,Nuno Miguel Melo Crokidakis Peregrino,Seg 14:00-16:00; Qua 14:00-16:00; Sab 08:00-10:00,Seg-Qua-Sab,100,94
2025/1,GFI00158,FÍSICA I,C2,/graduacao/quadrodehorarios/turmas/100000418529,Rodrigo Ferreira Sobreiro,Seg 14:00-16:00; Qua 14:00-16:00; Sab 08:00-10:00,Seg-Qua-Sab,70,59
2025/1,GFI00158,FÍSICA I,D1,/graduacao/quadrodehorarios/turmas/100000419167,Rodrigo Ferreira Sobreiro,Seg 16:00-18:00; Qua 16:00-18:00; Sab 08:00-10:00,Seg-Qua-Sab,79,70
2025/1,GFI00158,FÍSICA I,F1,/graduacao/quadrodehorarios/turmas/100000419170,Gabriel Bié Alves,Seg 20:00-22:00; Qua 20:00-22:00; Sab 08:00-10:00,Seg-Qua-Sab,99,80
2025/1,GFI00158,FÍSICA I,G1,/graduacao/quadrodehorarios/turmas/100000418524,Caio Vaz Pereira de Brito,Qua 09:00-11:00; Sex 09:00-11:00; Sab 08:00-10:00,Qua-Sex-Sab,75,45
2025/1,GFI00159,FÍSICA II,D1,/graduacao/quadrodehorarios/turmas/100000418495,Marcos Sergio Figueira da Silva,Seg 16:00-18:00; Qua 16:00-18:00; Sab 11:00-13:00,Seg-Qua-Sab,51,46
2025/1,GFI00159,FÍSICA II,E1,/graduacao/quadrodehorarios/turmas/100000418516,Nuno Miguel Melo Crokidakis Peregrino,Seg 18:00-20:00; Qua 18:00-20:00; Sab 11:00-13:00,Seg-Qua-Sab,75,68
2025/1,TEP00111,GERENCIAMENTO DE PROJETOS I,A1,/graduacao/quadrodehorarios/turmas/100000420500,Jose Rodrigues de Farias Filho,Ter 07:00-11:00,Ter,45,32
2025/1,TEP00111,GERENCIAMENTO DE PROJETOS I,B1,/graduacao/quadrodehorarios/turmas/100000420488,Ruben Huamanchumo Gutierrez,Qua 09:00-13:00,Qua,45,23
2025/1,TCC00324,GOVERNANÇA EM TECNOLOGIA DA INFORMAÇÃO,A1,/graduacao/quadrodehorarios/turmas/100000421734,Luciana Cardoso de Castro Salgado,Seg 20:00-22:00; Qua 20:00-22:00,Seg-Qua,40,33
2025/1,TCC00297,INTELIGÊNCIA ARTIFICIAL,A1,/graduacao/quadrodehorarios/turmas/100000421740,Aline Marins Paes Carvalho,Ter 11:00-13:00; Qui 11:00-13:00,Ter-Qui,46,42
2025/1,STA00191,INTELIGÊNCIA DE NEGÓCIOS,P1,/graduacao/quadrodehorarios/turmas/100000422228,Elaine Ribeiro Sigette,Ter 18:00-22:00,Ter,65,48
2025/1,TCC00298,INTERFACE HOMEM-MÁQUINA,A1,/graduacao/quadrodehorarios/turmas/100000421744,Daniela Gorski Trevisan,Seg 11:00-13:00; Qua 11:00-13:00,Seg-Qua,46,26
2025/1,TET00319,INTRODUÇÃO AO KIT DE DESENVOLVIMENTO ARDUINO I,AA,/graduacao/quadrodehorarios/turmas/100000418031,Alexandre Santos de La Vega,Seg 18:00-20:00; Sab 09:00-11:00,Seg-Sab,12,7
2025/1,TCC00350,INTRODUÇÃO À COMPUTAÇÃO QUÂNTICA,A1,/graduacao/quadrodehorarios/turmas/100000423951,Luis Antonio Brasil Kowada,Sex 09:00-13:00,Sex,38,30
2025/1,TCC00301,LABORATÓRIO DE PROGRAMAÇÃO DE JOGOS,AA,/graduacao/quadrodehorarios/turmas/100000421984,Esteban Walter Gonzalez Clua,Ter 11:00-13:00,Ter,36,31
2025/1,TCC00301,LABORATÓRIO DE PROGRAMAÇÃO DE JOGOS,BA,/graduacao/quadrodehorarios/turmas/100000421986,Esteban Walter Gonzalez Clua,Qui 11:00-13:00,Qui,38,25
2025/1,TCC00344,LABORATÓRIO DE PROGRAMAÇÃO PARALELA I,AA,/graduacao/quadrodehorarios/turmas/100000421991,Lucia Maria de Assumpcao Drummond,Seg 07:00-09:00; Qua 07:00-09:00,Seg-Qua,50,46
2025/1,TCC00346,LABORATÓRIO DE RESOLUÇÃO DE PROBLEMAS,AA,/graduacao/quadrodehorarios/turmas/100000421995,Mario Roberto Folhadela Benevides,Ter 16:00-18:00,Ter,7,33
2025/1,TCC00346,LABORATÓRIO DE RESOLUÇÃO DE PROBLEMAS,BA,/graduacao/quadrodehorarios/turmas/100000422006,Andre Renato Villela da Silva,Ter 16:00-18:00,Ter,9,32
2025/1,TCC00346,LABORATÓRIO DE RESOLUÇÃO DE PROBLEMAS,CA,/graduacao/quadrodehorarios/turmas/100000422003,Mario Roberto Folhadela Benevides,Qui 16:00-18:00,Qui,4,27
2025/1,TCC00346,LABORATÓRIO DE RESOLUÇÃO DE PROBLEMAS,DA,/graduacao/quadrodehorarios/turmas/100000422007,Andre Renato Villela da Silva,Qui 16:00-18:00,Qui,28,8
2025/1,GCI00141,LABORATÓRIO DE TRATAMENTO E RECUPERAÇÃO DA INFORMAÇÃO,B1,/graduacao/quadrodehorarios/turmas/100000420734,Nilson Theobald Barbosa,Ter 18:00-22:00,Ter,51,24
2025/1,GLC00292,LIBRAS I,A1,/graduacao/quadrodehorarios/turmas/100000416439,Tatiane Militao de Sa,Seg 09:00-11:00,Seg,44,31
2025/1,GLC00292,LIBRAS I,D1,/graduacao/quadrodehorarios/turmas/100000416539,Mariana da Cunha Teixeira de Souza,Qui 09:00-11:00,Qui,44,36
2025/1,GLC00292,LIBRAS I,E3,/graduacao/quadrodehorarios/turmas/100000417913,Daniele Pereira dos Santos Magon,Sex 16:00-18:00,Sex,45,32
2025/1,TCC00304,LINGUAGENS DE PROGRAMAÇÃO,A1,/graduacao/quadrodehorarios/turmas/100000422432,Christiano de Oliveira Braga,Seg 11:00-13:00; Qua 11:00-13:00,Seg-Qua,62,59
2025/1,TCC00305,LINGUAGENS FORMAIS E TEORIA DA COMPUTAÇÃO,A1,/graduacao/quadrodehorarios/turmas/100000422434,Bruno Lopes Vieira,Seg 07:00-09:00; Qua 07:00-09:00,Seg-Qua,68,63
2025/1,GAN00166,LÓGICA PARA A CIÊNCIA DA COMPUTAÇÃO,A1,/graduacao/quadrodehorarios/turmas/100000423785,Jorge Petrucio Viana,Seg 14:00-16:00; Qua 14:00-16:00,Seg-Qua,54,48
2025/1,GAN00166,LÓGICA PARA A CIÊNCIA DA COMPUTAÇÃO,B1,/graduacao/quadrodehorarios/turmas/100000423786,Slobodan Tanushevski,Ter 14:00-16:00; Qui 14:00-16:00,Ter-Qui,53,52
2025/1,GAN00167,MATEMÁTICA DISCRETA,A1,/graduacao/quadrodehorarios/turmas/100000423784,Taisa Lopes Martins,Seg 14:00-16:00; Qua 14:00-16:00,Seg-Qua,51,46
2025/1,GAN00167,MATEMÁTICA DISCRETA,B1,/graduacao/quadrodehorarios/turmas/100000423880,Jose Koiller,Seg 14:00-16:00; Qua 14:00-16:00,Seg-Qua,11,41
2025/1,GAN00167,MATEMÁTICA DISCRETA,C1,/graduacao/quadrodehorarios/turmas/100000423782,Yuri Ki,Seg 14:00-16:00; Qua 14:00-16:00,Seg-Qua,17,48
2025/1,TCC00330,MODELAGEM DE PROCESSOS DE NEGÓCIOS,A1,/graduacao/quadrodehorarios/turmas/100000422446,Flavio Luiz Seixas,Seg 18:00-20:00; Qua 18:00-20:00,Seg-Qua,50,49
2025/1,STA00267,MODELOS DE GESTÃO CONTEMPORÂNEA,P1,/graduacao/quadrodehorarios/turmas/100000422256,Mariana Marinho da Costa Lima Peixoto,Qui 18:00-22:00,Qui,70,63
2025/1,TCC00306,MÉTODOS NUMÉRICOS,A1,/graduacao/quadrodehorarios/turmas/100000422439,Luiz Fernando Bez,Ter 09:00-11:00; Qui 09:00-11:00,Ter-Qui,60,46
2025/1,TCC00318,PESQUISA OPERACIONAL,A1,/graduacao/quadrodehorarios/turmas/100000422449,Yuri Abitbol de Menezes Frota,Ter 09:00-11:00; Qui 09:00-11:00,Ter-Qui,64,61
2025/1,TCC00307,PROGRAMAÇÃO CIENTÍFICA,A1,/graduacao/quadrodehorarios/turmas/100000422456,Ricardo Leiderman,Ter 09:00-11:00; Qui 09:00-11:00,Ter-Qui,70,68
2025/1,TCC00308,PROGRAMAÇÃO DE COMPUTADORES I,A1,/graduacao/quadrodehorarios/turmas/100000422506,Jose Viterbo Filho,Seg 16:00-18:00; Qua 16:00-18:00,Seg-Qua,10,45
2025/1,TCC00308,PROGRAMAÇÃO DE COMPUTADORES I,B1,/graduacao/quadrodehorarios/turmas/100000422507,Igor Machado Coelho,Seg 16:00-18:00; Qua 16:00-18:00,Seg-Qua,15,49
2025/1,TCC00347,PROGRAMAÇÃO ESTRUTURADA,A1,/graduacao/quadrodehorarios/turmas/100000422549,Isabel Cristina Mello Rosseti,Ter 09:00-11:00; Qui 09:00-11:00,Ter-Qui,47,47
2025/1,TCC00347,PROGRAMAÇÃO ESTRUTURADA,B1,/graduacao/quadrodehorarios/turmas/100000422550,Aline Marins Paes Carvalho,Ter 09:00-11:00; Qui 09:00-11:00,Ter-Qui,51,49
2025/1,TCC00328,PROGRAMAÇÃO ORIENTADA A OBJETOS,B1,/graduacao/quadrodehorarios/turmas/100000422553,Rebeca Campos Motta,Seg 16:00-18:00; Qua 16:00-18:00,Seg-Qua,49,48
2025/1,TCC00328,PROGRAMAÇÃO ORIENTADA A OBJETOS,C1,/graduacao/quadrodehorarios/turmas/100000423947,Anselmo Antunes Montenegro,Seg 11:00-13:00; Qua 11:00-13:00,Seg-Qua,46,35
2025/1,TCC00312,PROJETO DE SOFTWARE,A1,/graduacao/quadrodehorarios/turmas/100000422624,Vania de Oliveira Neves,Seg 11:00-13:00; Qua 11:00-13:00,Seg-Qua,61,54
2025/1,TEC00209,PROPRIEDADE INDUSTRIAL,A1,/graduacao/quadrodehorarios/turmas/100000416797,Luis Gustavo Zelaya Cruz,Sex 14:00-18:00,Sex,71,39
2025/1,TEC00209,PROPRIEDADE INDUSTRIAL,B1,/graduacao/quadrodehorarios/turmas/100000416822,Luis Gustavo Zelaya Cruz,Sex 08:00-12:00,Sex,72,45
2025/1,SDV00143,PROPRIEDADE INTELECTUAL,P1,/graduacao/quadrodehorarios/turmas/100000414264,Clarisse Stephan Farhat Jorge,Ter 18:00-20:00; Ter 20:00-22:00,Ter,66,62
2025/1,TCC00313,REDES DE COMPUTADORES I,A1,/graduacao/quadrodehorarios/turmas/100000422727,Celio Vinicius Neves de Albuquerque,Ter 07:00-09:00; Qui 07:00-09:00,Ter-Qui,62,60
2025/1,TCC00314,REDES DE COMPUTADORES II,A1,/graduacao/quadrodehorarios/turmas/100000422728,Celio Vinicius Neves de Albuquerque,Ter 11:00-13:00; Qui 11:00-13:00,Ter-Qui,46,39
2025/1,GCI00126,REPRESENTAÇÃO DA INFORMAÇÃO,C1,/graduacao/quadrodehorarios/turmas/100000420428,Rosana Portugal Tavares de Moraes,Qui 09:00-13:00,Qui,57,31
2025/1,TCC00341,SEGURANÇA DA INFORMAÇÃO,A1,/graduacao/quadrodehorarios/turmas/100000422729,Igor Monteiro Moraes,Seg 20:00-22:00; Qua 20:00-22:00,Seg-Qua,62,61
2025/1,TCC00315,SISTEMAS DISTRIBUÍDOS,A1,/graduacao/quadrodehorarios/turmas/100000422732,Flavia Coimbra Delicato,Ter 07:00-09:00; Qui 07:00-09:00,Ter-Qui,45,30
2025/1,TCC00316,SISTEMAS OPERACIONAIS,A1,/graduacao/quadrodehorarios/turmas/100000422794,Maria Cristina Silva Boeres,Ter 11:00-13:00; Qui 11:00-13:00,Ter-Qui,55,49
2025/1,TCC00244,TÓPICOS EM BANCO DE DADOS I,A1,/graduacao/quadrodehorarios/turmas/100000423949,Daniel Cardoso Moraes de Oliveira,Ter 18:00-20:00; Qui 18:00-20:00,Ter-Qui,41,38
2025/1,TCC00245,TÓPICOS EM BANCO DE DADOS II,A1,/graduacao/quadrodehorarios/turmas/100000423954,Vanessa Braganholo Murta,Ter 16:00-18:00; Qui 16:00-18:00,Ter-Qui,30,4
2025/1,TCC00241,TÓPICOS EM COMPUTAÇÃO I,A1,/graduacao/quadrodehorarios/turmas/100000423956,Leandro Augusto Frata Fernandes,Seg 18:00-20:00; Qua 18:00-20:00,Seg-Qua,16,7
2025/1,TCC00242,TÓPICOS EM COMPUTAÇÃO II,A1,/graduacao/quadrodehorarios/turmas/100000423962,Mauricio da Silva Pires,Ter 20:00-22:00; Qui 20:00-22:00,Ter-Qui,37,20
2025/1,TCC00243,TÓPICOS EM COMPUTAÇÃO III,A1,/graduacao/quadrodehorarios/turmas/100000424733,Pedro Cortez Fetter Lopes,Seg 16:00-18:00; Qua 16:00-18:00,Seg-Qua,10,7
2025/1,TCC00250,TÓPICOS EM ENGENHARIA DE SOFWARE I,A1,/graduacao/quadrodehorarios/turmas/100000423953,Leonardo Gresta Paulino Murta,Qua 07:00-09:00; Sex 07:00-09:00,Qua-Sex,21,12
2025/1,TCC00251,TÓPICOS EM ENGENHARIA DE SOFWARE II,A1,/graduacao/quadrodehorarios/turmas/100000423957,Troy Costa Kohwalter,Ter 11:00-13:00; Qui 11:00-13:00,Ter-Qui,43,29
2025/1,TCC00259,TÓPICOS EM INTELIGÊNCIA ARTIFICIAL I,A1,/graduacao/quadrodehorarios/turmas/100000423948,Mariza Ferro,Ter 16:00-18:00; Qui 16:00-18:00,Ter-Qui,24,19
2025/1,TCC00260,TÓPICOS EM INTELIGÊNCIA ARTIFICIAL II,A1,/graduacao/quadrodehorarios/turmas/100000423958,Leandro Santiago de Araujo,Ter 14:00-16:00; Qui 14:00-16:00,Ter-Qui,25,20
2025/1,TCC00261,TÓPICOS EM INTELIGÊNCIA ARTIFICIAL III,A1,/graduacao/quadrodehorarios/turmas/100000423960,Anselmo Antunes Montenegro,Seg 09:00-11:00; Qua 09:00-11:00,Seg-Qua,28,21
2025/1,TCC00253,TÓPICOS ESPECIAIS EM SISTEMAS DE PROGRAMAÇÃO I,A1,/graduacao/quadrodehorarios/turmas/100000423959,Patrick Barbosa Moratori,Seg 16:00-18:00; Qua 16:00-18:00,Seg-Qua,41,32
2025/1,TCC00202,"VISUALIZAÇÃO, SIMULAÇÃO E JOGOS DIGITAIS",A1,/graduacao/quadrodehorarios/turmas/100000423955,Esteban Walter Gonzalez Clua,Ter 09:00-11:00; Qui 09:00-11:00,Ter-Qui,34,29
2025/1,GAN00140,ÁLGEBRA LINEAR,A1,/graduacao/quadrodehorarios/turmas/100000423795,Claudia Ossanai,Seg 09:00-11:00; Qua 09:00-11:00,Seg-Qua,48,42
2025/1,GAN00140,ÁLGEBRA LINEAR,B1,/graduacao/quadrodehorarios/turmas/100000423796,Bely Rodriguez Morales,Seg 09:00-11:00; Qua 09:00-11:00,Seg-Qua,50,49
2025/1,GAN00140,ÁLGEBRA LINEAR,C1,/graduacao/quadrodehorarios/turmas/100000423797,Thiago Lourenco Pires,Seg 09:00-11:00; Qua 09:00-11:00,Seg-Qua,50,41
2025/1,GAN00140,ÁLGEBRA LINEAR,D1,/graduacao/quadrodehorarios/turmas/100000423798,Paulo Henrique Cabido Gusmao,Seg 09:00-11:00; Qua 09:00-11:00,Seg-Qua,50,48
2025/1,GAN00140,ÁLGEBRA LINEAR,H1,/graduacao/quadrodehorarios/turmas/100000424449,Paula Murgel Veloso,Seg 14:00-16:00; Qua 14:00-16:00,Seg-Qua,49,44
2025/1,GAN00140,ÁLGEBRA LINEAR,J1,/graduacao/quadrodehorarios/turmas/100000423805,Danilo Vilela Avelar,Ter 11:00-13:00; Qui 11:00-13:00,Ter-Qui,53,47
2025/1,GAN00140,ÁLGEBRA LINEAR,K1,/graduacao/quadrodehorarios/turmas/100000423806,Cecilia de Souza Fernandez,Ter 16:00-18:00; Qui 16:00-18:00,Ter-Qui,48,45
2025/1,GAN00140,ÁLGEBRA LINEAR,L1,/graduacao/quadrodehorarios/turmas/100000424459,Vinicius Mendes Couto Pereira,Ter 16:00-18:00; Qui 16:00-18:00,Ter-Qui,60,58
2025/1,GAN00140,ÁLGEBRA LINEAR,M1,/graduacao/quadrodehorarios/turmas/100000425667,Aldo Amilcar Bazan Pacoricona,Seg 11:00-13:00; Qua 11:00-13:00,Seg-Qua,22,10
2025/2,TEP00108,ADMINISTRAÇÃO APLICADA À ENGENHARIA,A1,/graduacao/quadrodehorarios/turmas/100000432217,Marcos Costa Roboredo,Seg 09:00-13:00,Seg,39,28
2025/2,TEP00108,ADMINISTRAÇÃO APLICADA À ENGENHARIA,B1,/graduacao/quadrodehorarios/turmas/100000432187,Valdecy Pereira,Seg 14:00-18:00,Seg,45,29
2025/2,TEP00108,ADMINISTRAÇÃO APLICADA À ENGENHARIA,C1,/graduacao/quadrodehorarios/turmas/100000432197,Valdecy Pereira,Seg 18:00-22:00,Seg,49,44
2025/2,TCC00284,ALGORITMOS EM GRAFOS,A1,/graduacao/quadrodehorarios/turmas/100000435037,Fabio Protti,Ter 09:00-11:00; Qui 09:00-11:00,Ter-Qui,61,59
2025/2,TCC00284,ALGORITMOS EM GRAFOS,Z1,/graduacao/quadrodehorarios/turmas/100000437839,Fabio Protti,Ter 14:00-16:00; Qui 14:00-16:00,Ter-Qui,1,1
2025/2,TCC00285,ANÁLISE E PROJETO DE ALGORITMOS,A1,/graduacao/quadrodehorarios/turmas/100000435038,Loana Tito Nogueira,Ter 11:00-13:00; Qui 11:00-13:00,Ter-Qui,70,63
2025/2,TCC00286,ARQUITETURAS DE COMPUTADORES,A1,/graduacao/quadrodehorarios/turmas/100000435039,Eugene Francis Vinod Rebello,Ter 09:00-11:00; Qui 09:00-11:00,Ter-Qui,50,28
2025/2,TCC00286,ARQUITETURAS DE COMPUTADORES,B1,/graduacao/quadrodehorarios/turmas/100000435040,Maria Cristina Silva Boeres,Ter 09:00-11:00; Qui 09:00-11:00,Ter-Qui,50,47
2025/2,TCC00349,AVALIAÇÃO DE DESEMPENHO,A1,/graduacao/quadrodehorarios/turmas/100000435041,Antonio Augusto de Aragao Rocha,Ter 07:00-09:00; Qui 07:00-09:00,Ter-Qui,66,64
2025/2,TCC00287,BANCO DE DADOS I,A1,/graduacao/quadrodehorarios/turmas/100000435042,Luiz Andre Portes Paes Leme,Seg 07:00-09:00; Qua 07:00-09:00,Seg-Qua,54,51
2025/2,TCC00288,BANCO DE DADOS II,A1,/graduacao/quadrodehorarios/turmas/100000435043,Luiz Andre Portes Paes Leme,Seg 11:00-13:00; Qua 11:00-13:00,Seg-Qua,54,17
2025/2,TCC00194,BIOLOGIA COMPUTACIONAL,A1,/graduacao/quadrodehorarios/turmas/100000435566,Helena Cristina da Gama Leitao,Ter 16:00-18:00; Qui 16:00-18:00,Ter-Qui,21,12
2025/2,TET00347,CIRCUITOS DIGITAIS PARA CIÊNCIA DA COMPUTAÇÃO,A1,/graduacao/quadrodehorarios/turmas/100000433027,Alexandre Santos de La Vega,Seg 14:00-16:00; Qua 14:00-16:00,Seg-Qua,44,43
2025/2,TET00347,CIRCUITOS DIGITAIS PARA CIÊNCIA DA COMPUTAÇÃO,B1,/graduacao/quadrodehorarios/turmas/100000433028,Joao Marcos Meirelles da Silva,Ter 14:00-16:00; Qui 14:00-16:00,Ter-Qui,45,40
2025/2,TCC00289,COMPILADORES,A1,/graduacao/quadrodehorarios/turmas/100000435044,Flavia Cristina Bernardini,Seg 07:00-09:00; Qua 07:00-09:00,Seg-Qua,55,55
2025/2,GSI00433,COMPORTAMENTO ORGANIZACIONAL,A1,/graduacao/quadrodehorarios/turmas/100000433877,Gabriela Siqueira Salomao,Ter 18:00-22:00,Ter,41,40
2025/2,TCC00290,COMPUTAÇÃO E SOCIEDADE,A1,/graduacao/quadrodehorarios/turmas/100000435045,Jose Raphael Bokehi,Qui 11:00-13:00,Qui,53,51
2025/2,TCC00291,COMPUTAÇÃO GRÁFICA,A1,/graduacao/quadrodehorarios/turmas/100000434309,Esteban Walter Gonzalez Clua,Seg 11:00-13:00; Qua 11:00-13:00,Seg-Qua,50,31
2025/2,GMA00154,CÁLCULO 1,B2,/graduacao/quadrodehorarios/turmas/100000429290,Andres Koropecki,Seg 09:00-11:00; Qua 09:00-11:00,Seg-Qua,7,40
2025/2,GMA00154,CÁLCULO 1,C2,/graduacao/quadrodehorarios/turmas/100000429338,Andres Koropecki,Seg 11:00-13:00; Qua 11:00-13:00,Seg-Qua,44,36
2025/2,GMA00154,CÁLCULO 1,C5,/graduacao/quadrodehorarios/turmas/100000429355,Raquel Ribeiro Barroso Portela,Seg 11:00-13:00; Qua 11:00-13:00,Seg-Qua,49,44
2025/2,GMA00154,CÁLCULO 1,D9,/graduacao/quadrodehorarios/turmas/100000429388,Josefa Genyle do Nascimento Santana,Seg 14:00-16:00; Qua 14:00-16:00,Seg-Qua,30,21
2025/2,GMA00154,CÁLCULO 1,E2,/graduacao/quadrodehorarios/turmas/100000429396,Shangjie Yang,Seg 16:00-18:00; Qua 16:00-18:00,Seg-Qua,50,47
2025/2,GMA00154,CÁLCULO 1,E3,/graduacao/quadrodehorarios/turmas/100000437713,Sem alocado,Seg 16:00-18:00; Qua 16:00-18:00,Seg-Qua,36,24
2025/2,GMA00154,CÁLCULO 1,F1,/graduacao/quadrodehorarios/turmas/100000429403,Maria Luiza Oliveira Santos,Seg 18:00-20:00; Qua 18:00-20:00,Seg-Qua,52,46
2025/2,GMA00154,CÁLCULO 1,F2,/graduacao/quadrodehorarios/turmas/100000429404,Shangjie Yang,Seg 18:00-20:00; Qua 18:00-20:00,Seg-Qua,49,46
2025/2,GMA00154,CÁLCULO 1,G1,/graduacao/quadrodehorarios/turmas/100000429405,Plinio Guillel Pino Murillo,Seg 20:00-22:00; Qua 20:00-22:00,Seg-Qua,47,38
2025/2,GMA00154,CÁLCULO 1,M1,/graduacao/quadrodehorarios/turmas/100000429406,Dennis Leonardo Becerra Hernandez,Ter 07:00-09:00; Qui 07:00-09:00,Ter-Qui,47,38
2025/2,GMA00154,CÁLCULO 1,N3,/graduacao/quadrodehorarios/turmas/100000429461,Omar Javier Solano Albornoz,Ter 09:00-11:00; Qui 09:00-11:00,Ter-Qui,36,25
2025/2,GMA00154,CÁLCULO 1,O2,/graduacao/quadrodehorarios/turmas/100000429463,Leonardo Navarro de Carvalho,Ter 11:00-13:00; Qui 11:00-13:00,Ter-Qui,35,23
2025/2,GMA00154,CÁLCULO 1,P2,/graduacao/quadrodehorarios/turmas/100000429466,Adriana Victoria da Luz Angeloni,Ter 14:00-16:00; Qui 14:00-16:00,Ter-Qui,32,21
2025/2,GMA00154,CÁLCULO 1,Q2,/graduacao/quadrodehorarios/turmas/100000429469,Marco Boggi,Ter 16:00-18:00; Qui 16:00-18:00,Ter-Qui,19,7
2025/2,GMA00154,CÁLCULO 1,R2,/graduacao/quadrodehorarios/turmas/100000429472,Marco Boggi,Ter 18:00-20:00; Qui 18:00-20:00,Ter-Qui,42,20
2025/2,GMA00155,CÁLCULO 2,M2,/graduacao/quadrodehorarios/turmas/100000429879,Pablo Gutierrez Barrientos,Ter 07:00-09:00; Qui 07:00-09:00,Ter-Qui,59,56
2025/2,GMA00155,CÁLCULO 2,M3,/graduacao/quadrodehorarios/turmas/100000437244,Ageu Barbosa Freire,Ter 07:00-09:00; Qui 07:00-09:00,Ter-Qui,46,39
2025/2,GMA00155,CÁLCULO 2,N2,/graduacao/quadrodehorarios/turmas/100000429881,Pablo Gutierrez Barrientos,Ter 09:00-11:00; Qui 09:00-11:00,Ter-Qui,55,53
2025/2,GMA00155,CÁLCULO 2,O2,/graduacao/quadrodehorarios/turmas/100000429886,Cheng Xu,Ter 11:00-13:00; Qui 11:00-13:00,Ter-Qui,29,27
2025/2,GMA00155,CÁLCULO 2,O9,/graduacao/quadrodehorarios/turmas/100000429887,Denise de Oliveira Pinto,Ter 11:00-13:00; Qui 11:00-13:00,Ter-Qui,17,3
2025/2,GMA00155,CÁLCULO 2,P1,/graduacao/quadrodehorarios/turmas/100000429888,Emilia Carolina Santana Teixeira Alves,Ter 14:00-16:00; Qui 14:00-16:00,Ter-Qui,48,44
2025/2,GMA00155,CÁLCULO 2,P5,/graduacao/quadrodehorarios/turmas/100000437248,William Osnayder Clavijo Esquivel,Ter 14:00-16:00; Qui 14:00-16:00,Ter-Qui,30,19
2025/2,GMA00155,CÁLCULO 2,Q2,/graduacao/quadrodehorarios/turmas/100000429897,Sergio Mariano Licanic,Ter 16:00-18:00; Qui 16:00-18:00,Ter-Qui,50,40
2025/2,GMA00155,CÁLCULO 2,Q3,/graduacao/quadrodehorarios/turmas/100000437249,William Osnayder Clavijo Esquivel,Ter 16:00-18:00; Qui 16:00-18:00,Ter-Qui,48,38
2025/2,GMA00155,CÁLCULO 2,R2,/graduacao/quadrodehorarios/turmas/100000429899,Sergio Mariano Licanic,Ter 18:00-20:00; Qui 18:00-20:00,Ter-Qui,39,36
2025/2,STA00168,DESENVOLVIMENTO DE PESSOAS,P1,/graduacao/quadrodehorarios/turmas/100000431375,Fernando de Oliveira Vieira,Ter 18:00-22:00,Ter,60,57
2025/2,TCC00226,DESENVOLVIMENTO WEB,A1,/graduacao/quadrodehorarios/turmas/100000435046,Carlos Alberto Soares Ribeiro,Seg 09:00-11:00; Qua 09:00-11:00,Seg-Qua,51,49
2025/2,TCC00226,DESENVOLVIMENTO WEB,X1,/graduacao/quadrodehorarios/turmas/100000437567,Carlos Alberto Soares Ribeiro,Seg 11:00-13:00; Qua 11:00-13:00,Seg-Qua,43,30
2025/2,TEP00109,ECONOMIA APLICADA À ENGENHARIA,T1,/graduacao/quadrodehorarios/turmas/100000432185,Marco Aurelio Cabral Pinto,Qua 18:00-22:00,Qua,59,38
2025/2,TCC00212,EMPREENDEDORISMO,A1,/graduacao/quadrodehorarios/turmas/100000433684,Daniela Gorski Trevisan,Ter 16:00-18:00; Qui 16:00-18:00,Ter-Qui,35,30
2025/2,TCC00292,ENGENHARIA DE SOFTWARE I,A1,/graduacao/quadrodehorarios/turmas/100000435093,Leonardo Gresta Paulino Murta,Seg 09:00-11:00; Qua 09:00-11:00,Seg-Qua,71,69
2025/2,TCC00293,ENGENHARIA DE SOFTWARE II,A1,/graduacao/quadrodehorarios/turmas/100000435094,Leonardo Gresta Paulino Murta,Seg 07:00-09:00; Qua 07:00-09:00,Seg-Qua,59,56
2025/2,TEP00110,ENGENHARIA ECONÔMICA,B1,/graduacao/quadrodehorarios/turmas/100000432205,Silvia dos Reis Alcantara Duarte,Sex 07:00-09:00,Sex,31,15
2025/2,TEP00110,ENGENHARIA ECONÔMICA,C1,/graduacao/quadrodehorarios/turmas/100000432213,Silvia dos Reis Alcantara Duarte,Sex 09:00-11:00,Sex,44,23
2025/2,TEP00110,ENGENHARIA ECONÔMICA,D1,/graduacao/quadrodehorarios/turmas/100000432225,Silvia dos Reis Alcantara Duarte,Sex 11:00-13:00,Sex,19,4
2025/2,TEP00110,ENGENHARIA ECONÔMICA,E1,/graduacao/quadrodehorarios/turmas/100000432214,Silvia dos Reis Alcantara Duarte,Sex 14:00-16:00,Sex,23,2
2025/2,GET00177,ESTATÍSTICA BÁSICA,B1,/graduacao/quadrodehorarios/turmas/100000435763,Jaime Antonio Utria Valdes,Seg 11:00-13:00; Qua 11:00-13:00,Seg-Qua,53,22
2025/2,GET00177,ESTATÍSTICA BÁSICA,B1,/graduacao/quadrodehorarios/turmas/100000435763,Estelina Serrano de Marins Capistrano,Seg 11:00-13:00; Qua 11:00-13:00,Seg-Qua,53,22
2025/2,GET00177,ESTATÍSTICA BÁSICA,C1,/graduacao/quadrodehorarios/turmas/100000435764,Anderson de Oliveira Calixto,Seg 14:00-16:00; Qua 14:00-16:00,Seg-Qua,68,21
2025/2,GET00177,ESTATÍSTICA BÁSICA,E1,/graduacao/quadrodehorarios/turmas/100000435768,Anderson de Oliveira Calixto,Seg 18:00-20:00; Qua 18:00-20:00,Seg-Qua,41,19
2025/2,GET00177,ESTATÍSTICA BÁSICA,H1,/graduacao/quadrodehorarios/turmas/100000435773,Jaime Antonio Utria Valdes,Ter 14:00-16:00; Qui 14:00-16:00,Ter-Qui,60,33
2025/2,GET00177,ESTATÍSTICA BÁSICA,J1,/graduacao/quadrodehorarios/turmas/100000435782,Jose Murilo Ferraz Saraiva,Ter 18:00-20:00; Qui 18:00-20:00,Ter-Qui,61,49
2025/2,TCC00348,ESTRUTURAS DE DADOS E SEUS ALGORITIMOS,A1,/graduacao/quadrodehorarios/turmas/100000435095,Isabel Cristina Mello Rosseti,Ter 11:00-13:00; Qui 11:00-13:00,Ter-Qui,43,39
2025/2,TCC00296,FUNDAMENTOS DE ARQUITETURAS DE COMPUTADORES,A1,/graduacao/quadrodehorarios/turmas/100000435097,Eugene Francis Vinod Rebello,Ter 14:00-16:00; Qui 14:00-16:00,Ter-Qui,15,49
2025/2,TCC00296,FUNDAMENTOS DE ARQUITETURAS DE COMPUTADORES,B1,/graduacao/quadrodehorarios/turmas/100000435098,Aline de Paula Nascimento,Ter 14:00-16:00; Qui 14:00-16:00,Ter-Qui,17,55
2025/2,GGM00137,FUNDAMENTOS DE CÁLCULO E GEOMETRIA,D1,/graduacao/quadrodehorarios/turmas/100000431081,Viviana Lorena Vargas Grajales,Ter 11:00-13:00; Qui 11:00-13:00,Ter-Qui,10,32
2025/2,GGM00137,FUNDAMENTOS DE CÁLCULO E GEOMETRIA,E1,/graduacao/quadrodehorarios/turmas/100000431082,Leonardo Novaes Mesquita Damasceno,Ter 11:00-13:00; Qui 11:00-13:00,Ter-Qui,11,30
2025/2,GGM00137,FUNDAMENTOS DE CÁLCULO E GEOMETRIA,G1,/graduacao/quadrodehorarios/turmas/100000431118,Leandro Colau Merlo,Ter 14:00-16:00; Qui 14:00-16:00,Ter-Qui,66,46
2025/2,GGM00137,FUNDAMENTOS DE CÁLCULO E GEOMETRIA,Q1,/graduacao/quadrodehorarios/turmas/100000431112,Jose Roberto Linhares de Mattos,Ter 09:00-11:00; Qui 09:00-11:00,Ter-Qui,60,45
2025/2,GGM00137,FUNDAMENTOS DE CÁLCULO E GEOMETRIA,R1,/graduacao/quadrodehorarios/turmas/100000431115,Leonardo Novaes Mesquita Damasceno,Ter 16:00-18:00; Qui 16:00-18:00,Ter-Qui,68,39
2025/2,GGM00137,FUNDAMENTOS DE CÁLCULO E GEOMETRIA,T1,/graduacao/quadrodehorarios/turmas/100000431122,Jiagang Yang,Seg 09:00-11:00; Qua 09:00-11:00,Seg-Qua,68,55
2025/2,GGM00137,FUNDAMENTOS DE CÁLCULO E GEOMETRIA,U1,/graduacao/quadrodehorarios/turmas/100000431140,Jose Roberto Linhares de Mattos,Ter 11:00-13:00; Qui 11:00-13:00,Ter-Qui,48,33
2025/2,GFI00161,FÍSICA EXPERIMENTAL I,BA,/graduacao/quadrodehorarios/turmas/100000433414,Carlos Enrique Navia Ojeda,Seg 11:00-13:00,Seg,24,24
2025/2,GFI00161,FÍSICA EXPERIMENTAL I,BA,/graduacao/quadrodehorarios/turmas/100000433414,Lucas Raimundo Rodrigues,Seg 11:00-13:00,Seg,24,24
2025/2,GFI00161,FÍSICA EXPERIMENTAL I,CE,/graduacao/quadrodehorarios/turmas/100000433454,Patricia Pinto Abrantes,Qui 14:00-16:00,Qui,24,23
2025/2,GFI00161,FÍSICA EXPERIMENTAL I,DF,/graduacao/quadrodehorarios/turmas/100000433422,Patricia Pinto Abrantes,Qui 16:00-18:00,Qui,24,23
2025/2,GFI00161,FÍSICA EXPERIMENTAL I,EE,/graduacao/quadrodehorarios/turmas/100000433423,Tarik Pereira Cysne,Seg 18:00-20:00,Seg,24,23
2025/2,GFI00158,FÍSICA I,B2,/graduacao/quadrodehorarios/turmas/100000433356,Jurgen Fritz Stilck,Seg 11:00-13:00; Qua 11:00-13:00; Sab 08:00-10:00,Seg-Qua-Sab,95,78
2025/2,GFI00158,FÍSICA I,B3,/graduacao/quadrodehorarios/turmas/100000433358,Thiago Albuquerque de Assis,Qua 11:00-13:00; Sex 11:00-13:00; Sab 08:00-10:00,Qua-Sex-Sab,67,60
2025/2,GFI00158,FÍSICA I,C1,/graduacao/quadrodehorarios/turmas/100000433357,Nuno Miguel Melo Crokidakis Peregrino,Seg 14:00-16:00; Qua 14:00-16:00; Sab 08:00-10:00,Seg-Qua-Sab,98,94
2025/2,GFI00158,FÍSICA I,C2,/graduacao/quadrodehorarios/turmas/100000433383,Rodrigo Ferreira Sobreiro,Seg 14:00-16:00; Qua 14:00-16:00; Sab 08:00-10:00,Seg-Qua-Sab,74,61
2025/2,GFI00158,FÍSICA I,D1,/graduacao/quadrodehorarios/turmas/100000433399,Rodrigo Ferreira Sobreiro,Seg 16:00-18:00; Qua 16:00-18:00; Sab 08:00-10:00,Seg-Qua-Sab,94,87
2025/2,GFI00158,FÍSICA I,F1,/graduacao/quadrodehorarios/turmas/100000433400,Gabriel Bié Alves,Seg 20:00-22:00; Qua 20:00-22:00; Sab 08:00-10:00,Seg-Qua-Sab,99,79
2025/2,GFI00158,FÍSICA I,G1,/graduacao/quadrodehorarios/turmas/100000433380,Thiago Albuquerque de Assis,Qua 09:00-11:00; Sex 09:00-11:00; Sab 08:00-10:00,Qua-Sex-Sab,73,42
2025/2,GFI00159,FÍSICA II,D1,/graduacao/quadrodehorarios/turmas/100000433354,Gabriel Soares Rocha,Seg 16:00-18:00; Qua 16:00-18:00; Sab 11:00-13:00,Seg-Qua-Sab,57,44
2025/2,GFI00159,FÍSICA II,E1,/graduacao/quadrodehorarios/turmas/100000433372,Gabriel Soares Rocha,Seg 18:00-20:00; Qua 18:00-20:00; Sab 11:00-13:00,Seg-Qua-Sab,75,19
2025/2,TEP00111,GERENCIAMENTO DE PROJETOS I,A1,/graduacao/quadrodehorarios/turmas/100000432226,Jose Rodrigues de Farias Filho,Ter 07:00-11:00,Ter,50,20
2025/2,TEP00111,GERENCIAMENTO DE PROJETOS I,B1,/graduacao/quadrodehorarios/turmas/100000432215,Ruben Huamanchumo Gutierrez,Qua 09:00-13:00,Qua,45,16
2025/2,TCC00297,INTELIGÊNCIA ARTIFICIAL,A1,/graduacao/quadrodehorarios/turmas/100000435129,Mariza Ferro,Ter 11:00-13:00; Qui 11:00-13:00,Ter-Qui,55,50
2025/2,STA00191,INTELIGÊNCIA DE NEGÓCIOS,P1,/graduacao/quadrodehorarios/turmas/100000431379,Elaine Ribeiro Sigette,Ter 18:00-22:00,Ter,59,56
2025/2,TCC00298,INTERFACE HOMEM-MÁQUINA,A1,/graduacao/quadrodehorarios/turmas/100000435130,Luciana Cardoso de Castro Salgado,Seg 11:00-13:00; Qua 11:00-13:00,Seg-Qua,58,53
2025/2,TET00319,INTRODUÇÃO AO KIT DE DESENVOLVIMENTO ARDUINO I,AA,/graduacao/quadrodehorarios/turmas/100000433058,Alexandre Santos de La Vega,Seg 18:00-20:00; Sab 09:00-11:00,Seg-Sab,12,4
2025/2,TCC00283,INTRODUÇÃO AO MATLAB,A1,/graduacao/quadrodehorarios/turmas/100000435565,Ricardo Leiderman,Seg 09:00-11:00; Qua 09:00-11:00,Seg-Qua,57,52
2025/2,TCC00300,LABORATÓRIO DE PROGRAMAÇÃO DE DISPOSITIVOS MÓVEIS,AA,/graduacao/quadrodehorarios/turmas/100000435131,Leandro Santiago de Araujo,Ter 14:00-16:00,Ter,42,32
2025/2,TCC00300,LABORATÓRIO DE PROGRAMAÇÃO DE DISPOSITIVOS MÓVEIS,BA,/graduacao/quadrodehorarios/turmas/100000435132,Leandro Santiago de Araujo,Ter 16:00-18:00,Ter,42,17
2025/2,TCC00301,LABORATÓRIO DE PROGRAMAÇÃO DE JOGOS,AA,/graduacao/quadrodehorarios/turmas/100000435133,Esteban Walter Gonzalez Clua,Ter 11:00-13:00,Ter,40,40
2025/2,TCC00301,LABORATÓRIO DE PROGRAMAÇÃO DE JOGOS,BA,/graduacao/quadrodehorarios/turmas/100000435134,Esteban Walter Gonzalez Clua,Qui 11:00-13:00,Qui,42,31
2025/2,TCC00344,LABORATÓRIO DE PROGRAMAÇÃO PARALELA I,AA,/graduacao/quadrodehorarios/turmas/100000435135,Lucia Maria de Assumpcao Drummond,Seg 09:00-11:00; Qua 09:00-11:00,Seg-Qua,55,44
2025/2,TCC00346,LABORATÓRIO DE RESOLUÇÃO DE PROBLEMAS,AA,/graduacao/quadrodehorarios/turmas/100000435136,Luis Antonio Brasil Kowada,Ter 16:00-18:00,Ter,3,32
2025/2,TCC00346,LABORATÓRIO DE RESOLUÇÃO DE PROBLEMAS,BA,/graduacao/quadrodehorarios/turmas/100000435138,Mauricio da Silva Pires,Ter 16:00-18:00,Ter,2,31
2025/2,TCC00346,LABORATÓRIO DE RESOLUÇÃO DE PROBLEMAS,CA,/graduacao/quadrodehorarios/turmas/100000435137,Luis Antonio Brasil Kowada,Qui 16:00-18:00,Qui,2,24
2025/2,TCC00346,LABORATÓRIO DE RESOLUÇÃO DE PROBLEMAS,DA,/graduacao/quadrodehorarios/turmas/100000435139,Mauricio da Silva Pires,Qui 16:00-18:00,Qui,28,9
2025/2,GLC00292,LIBRAS I,D1,/graduacao/quadrodehorarios/turmas/100000430603,Tathianna Prado Dawes,Qui 09:00-11:00,Qui,43,33
2025/2,GLC00292,LIBRAS I,E1,/graduacao/quadrodehorarios/turmas/100000430608,Daniele Pereira dos Santos Magon,Sex 07:00-09:00,Sex,41,37
2025/2,GLC00292,LIBRAS I,E2,/graduacao/quadrodehorarios/turmas/100000430609,Daniele Pereira dos Santos Magon,Sex 09:00-11:00,Sex,39,31
2025/2,GLC00292,LIBRAS I,E3,/graduacao/quadrodehorarios/turmas/100000430610,Mariana da Cunha Teixeira de Souza,Sex 11:00-13:00,Sex,42,19
2025/2,GLC00292,LIBRAS I,E5,/graduacao/quadrodehorarios/turmas/100000430612,Gildete da Silva Amorim Mendes Francisco,Sex 16:00-18:00,Sex,40,24
2025/2,TCC00304,LINGUAGENS DE PROGRAMAÇÃO,A1,/graduacao/quadrodehorarios/turmas/100000435187,Bruno Lopes Vieira,Seg 11:00-13:00; Qua 11:00-13:00,Seg-Qua,71,65
2025/2,TCC00205,LINGUAGENS DE PROGRAMAÇÃO EM LÓGICA,A1,/graduacao/quadrodehorarios/turmas/100000433667,Mario Roberto Folhadela Benevides,Seg 14:00-18:00,Seg,11,8
2025/2,TCC00305,LINGUAGENS FORMAIS E TEORIA DA COMPUTAÇÃO,A1,/graduacao/quadrodehorarios/turmas/100000435188,Mario Roberto Folhadela Benevides,Seg 09:00-11:00; Qua 09:00-11:00,Seg-Qua,53,51
2025/2,TCC00305,LINGUAGENS FORMAIS E TEORIA DA COMPUTAÇÃO,X1,/graduacao/quadrodehorarios/turmas/100000437276,Luis Felipe Ignacio Cunha,Seg 09:00-11:00; Qua 09:00-11:00,Seg-Qua,59,48
2025/2,GAN00166,LÓGICA PARA A CIÊNCIA DA COMPUTAÇÃO,A2,/graduacao/quadrodehorarios/turmas/100000433765,Jorge Petrucio Viana,Seg 14:00-16:00; Qua 14:00-16:00,Seg-Qua,55,50
2025/2,GAN00166,LÓGICA PARA A CIÊNCIA DA COMPUTAÇÃO,B2,/graduacao/quadrodehorarios/turmas/100000433766,Slobodan Tanushevski,Ter 14:00-16:00; Qui 14:00-16:00,Ter-Qui,55,51
2025/2,GAN00167,MATEMÁTICA DISCRETA,A2,/graduacao/quadrodehorarios/turmas/100000433767,Jones Colombo,Seg 14:00-16:00; Qua 14:00-16:00,Seg-Qua,12,50
2025/2,GAN00167,MATEMÁTICA DISCRETA,B2,/graduacao/quadrodehorarios/turmas/100000433768,Sem alocado,Seg 14:00-16:00; Qua 14:00-16:00,Seg-Qua,51,40
2025/2,GAN00167,MATEMÁTICA DISCRETA,C2,/graduacao/quadrodehorarios/turmas/100000433769,Jose Koiller,Seg 14:00-16:00; Qua 14:00-16:00,Seg-Qua,18,37
2025/2,TCC00195,METAHEURÍSTICAS,Z1,/graduacao/quadrodehorarios/turmas/100000433690,Igor Machado Coelho,Sex 09:00-13:00,Sex,8,7
2025/2,TCC00200,MINERAÇÃO DE DADOS,Z1,/graduacao/quadrodehorarios/turmas/100000433664,Marcos Vinicius Naves Bedo,Seg 16:00-18:00; Qua 16:00-18:00,Seg-Qua,16,8
2025/2,STA00267,MODELOS DE GESTÃO CONTEMPORÂNEA,P1,/graduacao/quadrodehorarios/turmas/100000431407,Suzanny Barreto da Silva,Qui 18:00-22:00,Qui,64,62
2025/2,TCC00306,MÉTODOS NUMÉRICOS,A1,/graduacao/quadrodehorarios/turmas/100000435190,Pedro Cortez Fetter Lopes,Ter 09:00-11:00; Qui 09:00-11:00,Ter-Qui,70,64
2025/2,TCC00196,OTIMIZAÇÃO COMBINATÓRIA,Z1,/graduacao/quadrodehorarios/turmas/100000433665,Yuri Abitbol de Menezes Frota,Ter 14:00-18:00,Ter,15,6
2025/2,TCC00318,PESQUISA OPERACIONAL,A1,/graduacao/quadrodehorarios/turmas/100000435191,Yuri Abitbol de Menezes Frota,Sex 09:00-13:00,Sex,72,68
2025/2,TCC00318,PESQUISA OPERACIONAL,X1,/graduacao/quadrodehorarios/turmas/100000437291,Luiz Fernando Bez,Sex 09:00-13:00,Sex,42,33
2025/2,TCC00307,PROGRAMAÇÃO CIENTÍFICA,A1,/graduacao/quadrodehorarios/turmas/100000435192,Andre Maues Brabo Pereira,Ter 07:00-09:00; Qui 07:00-09:00,Ter-Qui,83,75
2025/2,TCC00308,PROGRAMAÇÃO DE COMPUTADORES I,A1,/graduacao/quadrodehorarios/turmas/100000435193,Anselmo Antunes Montenegro,Seg 16:00-18:00; Qua 16:00-18:00,Seg-Qua,5,41
2025/2,TCC00308,PROGRAMAÇÃO DE COMPUTADORES I,B1,/graduacao/quadrodehorarios/turmas/100000435194,Igor Machado Coelho,Seg 16:00-18:00; Qua 16:00-18:00,Seg-Qua,5,41
2025/2,TCC00347,PROGRAMAÇÃO ESTRUTURADA,A1,/graduacao/quadrodehorarios/turmas/100000435196,Isabel Cristina Mello Rosseti,Ter 09:00-11:00; Qui 09:00-11:00,Ter-Qui,48,40
2025/2,TCC00347,PROGRAMAÇÃO ESTRUTURADA,B1,/graduacao/quadrodehorarios/turmas/100000435197,Aline Marins Paes Carvalho,Ter 09:00-11:00; Qui 09:00-11:00,Ter-Qui,48,42
2025/2,TCC00347,PROGRAMAÇÃO ESTRUTURADA,X1,/graduacao/quadrodehorarios/turmas/100000435990,Aline de Paula Nascimento,Ter 16:00-18:00; Qui 16:00-18:00,Ter-Qui,47,48
2025/2,TCC00328,PROGRAMAÇÃO ORIENTADA A OBJETOS,A1,/graduacao/quadrodehorarios/turmas/100000435198,Anselmo Antunes Montenegro,Seg 11:00-13:00; Qua 11:00-13:00,Seg-Qua,36,5
2025/2,TCC00328,PROGRAMAÇÃO ORIENTADA A OBJETOS,B1,/graduacao/quadrodehorarios/turmas/100000435199,Rebeca Campos Motta,Seg 16:00-18:00; Qua 16:00-18:00,Seg-Qua,32,29
2025/2,TCC00328,PROGRAMAÇÃO ORIENTADA A OBJETOS,X1,/graduacao/quadrodehorarios/turmas/100000435200,Flavia Cristina Bernardini,Seg 11:00-13:00; Qua 11:00-13:00,Seg-Qua,53,33
2025/2,TCC00312,PROJETO DE SOFTWARE,A1,/graduacao/quadrodehorarios/turmas/100000435836,Troy Costa Kohwalter,Seg 07:00-09:00; Qua 07:00-09:00,Seg-Qua,63,62
2025/2,TEC00209,PROPRIEDADE INDUSTRIAL,A1,/graduacao/quadrodehorarios/turmas/100000430918,Luis Gustavo Zelaya Cruz,Sex 14:00-18:00,Sex,76,39
2025/2,TEC00209,PROPRIEDADE INDUSTRIAL,B1,/graduacao/quadrodehorarios/turmas/100000430943,Luis Gustavo Zelaya Cruz,Sex 08:00-12:00,Sex,75,52
2025/2,SDV00143,PROPRIEDADE INTELECTUAL,P1,/graduacao/quadrodehorarios/turmas/100000429741,Clarisse Stephan Farhat Jorge,Ter 18:00-20:00; Ter 20:00-22:00,Ter,67,68
2025/2,TCC00313,REDES DE COMPUTADORES I,A1,/graduacao/quadrodehorarios/turmas/100000435202,Celio Vinicius Neves de Albuquerque,Ter 09:00-11:00; Qui 09:00-11:00,Ter-Qui,63,62
2025/2,TCC00314,REDES DE COMPUTADORES II,A1,/graduacao/quadrodehorarios/turmas/100000435203,Igor Monteiro Moraes,Ter 11:00-13:00; Qui 11:00-13:00,Ter-Qui,50,31
2025/2,TCC00341,SEGURANÇA DA INFORMAÇÃO,A1,/graduacao/quadrodehorarios/turmas/100000434839,Raphael Carlos Santos Machado,Qua 18:00-22:00,Qua,45,36
2025/2,TCC00315,SISTEMAS DISTRIBUÍDOS,A1,/graduacao/quadrodehorarios/turmas/100000435204,Flavia Coimbra Delicato,Ter 09:00-11:00; Qui 09:00-11:00,Ter-Qui,50,29
2025/2,TCC00316,SISTEMAS OPERACIONAIS,A1,/graduacao/quadrodehorarios/turmas/100000435205,Maria Cristina Silva Boeres,Ter 11:00-13:00; Qui 11:00-13:00,Ter-Qui,60,60
2025/2,TCC00271,TÓPICOS EM  LINGUAGEM DE PROGRAMAÇÃO I,Z1,/graduacao/quadrodehorarios/turmas/100000433663,Bruno Lopes Vieira,Ter 14:00-18:00,Ter,20,3
2025/2,TCC00234,TÓPICOS EM ARQUITETURAS DE COMPUTADORES I,Z1,/graduacao/quadrodehorarios/turmas/100000437247,Lucia Maria de Assumpcao Drummond,Seg 07:00-09:00; Qua 07:00-09:00,Seg-Qua,11,6
2025/2,TCC00241,TÓPICOS EM COMPUTAÇÃO I,A1,/graduacao/quadrodehorarios/turmas/100000433682,Andre Renato Villela da Silva,Ter 18:00-20:00; Qui 18:00-20:00,Ter-Qui,40,22
2025/2,TCC00242,TÓPICOS EM COMPUTAÇÃO II,A1,/graduacao/quadrodehorarios/turmas/100000436346,Andre Maues Brabo Pereira,Ter 09:00-11:00; Qui 09:00-11:00,Ter-Qui,25,18
2025/2,TCC00250,TÓPICOS EM ENGENHARIA DE SOFWARE I,Z1,/graduacao/quadrodehorarios/turmas/100000433669,Vania de Oliveira Neves,Seg 20:00-22:00; Qua 20:00-22:00,Seg-Qua,25,20
2025/2,TCC00259,TÓPICOS EM INTELIGÊNCIA ARTIFICIAL I,Z1,/graduacao/quadrodehorarios/turmas/100000433666,Aline Marins Paes Carvalho,Ter 11:00-13:00; Qui 11:00-13:00,Ter-Qui,14,8
2025/2,TCC00260,TÓPICOS EM INTELIGÊNCIA ARTIFICIAL II,Z1,/graduacao/quadrodehorarios/turmas/100000433674,Taiane Coelho Ramos,Sex 14:00-18:00,Sex,16,10
2025/2,TCC00260,TÓPICOS EM INTELIGÊNCIA ARTIFICIAL II,Z2,/graduacao/quadrodehorarios/turmas/100000437490,Aline Marins Paes Carvalho,Ter 11:00-13:00; Qui 11:00-13:00,Ter-Qui,1,1
2025/2,TCC00261,TÓPICOS EM INTELIGÊNCIA ARTIFICIAL III,A1,/graduacao/quadrodehorarios/turmas/100000433687,Luiz Fernando Bez,Seg 11:00-13:00; Qua 11:00-13:00,Seg-Qua,25,15
2025/2,TCC00265,TÓPICOS EM INTERFACE HOMEM/MÁQUINA I,Z3,/graduacao/quadrodehorarios/turmas/100000437363,Luciana Cardoso de Castro Salgado,Seg 16:00-18:00; Qua 16:00-18:00,Seg-Qua,14,7
2025/2,TCC00274,TÓPICOS EM REDES DE COMPUTADORES I,A1,/graduacao/quadrodehorarios/turmas/100000436905,Celio Vinicius Neves de Albuquerque,Ter 11:00-13:00; Qui 11:00-13:00,Ter-Qui,10,8
2025/2,TCC00230,TÓPICOS ESPECIAIS EM SEGURANÇA DA INFORMAÇÃO,A1,/graduacao/quadrodehorarios/turmas/100000433678,Raphael Carlos Santos Machado,Sex 18:00-22:00,Sex,72,69
2025/2,TCC00253,TÓPICOS ESPECIAIS EM SISTEMAS DE PROGRAMAÇÃO I,A1,/graduacao/quadrodehorarios/turmas/100000433680,Patrick Barbosa Moratori,Seg 16:00-18:00; Qua 16:00-18:00,Seg-Qua,43,42
2025/2,GAN00140,ÁLGEBRA LINEAR,B2,/graduacao/quadrodehorarios/turmas/100000433564,Isabel Lugao Rios,Seg 09:00-11:00; Qua 09:00-11:00,Seg-Qua,55,52
2025/2,GAN00140,ÁLGEBRA LINEAR,D2,/graduacao/quadrodehorarios/turmas/100000433635,Nancy de Souza Cardim,Seg 11:00-13:00; Qua 11:00-13:00,Seg-Qua,54,55
2025/2,GAN00140,ÁLGEBRA LINEAR,E2,/graduacao/quadrodehorarios/turmas/100000433636,Bruno Rodrigues Santiago,Seg 11:00-13:00; Qua 11:00-13:00,Seg-Qua,55,54
2025/2,GAN00140,ÁLGEBRA LINEAR,F2,/graduacao/quadrodehorarios/turmas/100000433637,Jose Koiller,Seg 11:00-13:00; Qua 11:00-13:00,Seg-Qua,55,45
2025/2,GAN00140,ÁLGEBRA LINEAR,I2,/graduacao/quadrodehorarios/turmas/100000433642,Jones Colombo,Seg 18:00-20:00; Qua 18:00-20:00,Seg-Qua,55,44
2025/2,GAN00140,ÁLGEBRA LINEAR,J2,/graduacao/quadrodehorarios/turmas/100000433644,Aldo Amilcar Bazan Pacoricona,Seg 18:00-20:00; Qua 18:00-20:00,Seg-Qua,55,45
2025/2,GAN00140,ÁLGEBRA LINEAR,M2,/graduacao/quadrodehorarios/turmas/100000433647,Ricardo Eleodoro Fuentes Apolaya,Ter 16:00-18:00; Qui 16:00-18:00,Ter-Qui,55,51
2025/2,GAN00140,ÁLGEBRA LINEAR,N2,/graduacao/quadrodehorarios/turmas/100000433648,Slobodan Tanushevski,Ter 16:00-18:00; Qui 16:00-18:00,Ter-Qui,55,50
